mode: set
pinz/backend/trip-service/internal/db/db.go:150.32,153.16 3 0
pinz/backend/trip-service/internal/db/db.go:153.16,155.3 1 0
pinz/backend/trip-service/internal/db/db.go:156.2,157.16 2 0
pinz/backend/trip-service/internal/db/db.go:157.16,159.3 1 0
pinz/backend/trip-service/internal/db/db.go:160.2,161.18 2 0
pinz/backend/trip-service/internal/db/db.go:161.18,163.3 1 0
pinz/backend/trip-service/internal/db/db.go:164.2,174.16 3 0
pinz/backend/trip-service/internal/db/db.go:174.16,177.3 2 0
pinz/backend/trip-service/internal/db/db.go:178.2,183.34 5 0
pinz/backend/trip-service/internal/db/db.go:183.34,187.3 3 0
pinz/backend/trip-service/internal/db/db.go:188.2,192.16 2 0
pinz/backend/trip-service/internal/db/db.go:192.16,194.3 1 0
pinz/backend/trip-service/internal/db/db.go:196.2,197.246 2 0
pinz/backend/trip-service/internal/db/db.go:197.246,199.41 2 0
pinz/backend/trip-service/internal/db/db.go:199.41,203.4 3 0
pinz/backend/trip-service/internal/db/db.go:204.3,204.48 1 0
pinz/backend/trip-service/internal/db/db.go:207.2,207.103 1 0
pinz/backend/trip-service/internal/db/db.go:207.103,211.3 3 0
pinz/backend/trip-service/internal/db/db.go:213.2,213.128 1 0
pinz/backend/trip-service/internal/db/db.go:213.128,217.3 3 0
pinz/backend/trip-service/internal/db/db.go:219.2,219.132 1 0
pinz/backend/trip-service/internal/db/db.go:219.132,223.3 3 0
pinz/backend/trip-service/internal/db/db.go:224.2,225.16 2 0
pinz/backend/trip-service/internal/db/db.go:228.19,230.16 2 0
pinz/backend/trip-service/internal/db/db.go:230.16,232.3 1 0
pinz/backend/trip-service/internal/db/db.go:233.2,234.16 2 0
pinz/backend/trip-service/internal/db/db.go:234.16,236.3 1 0
pinz/backend/trip-service/internal/db/db.go:237.2,238.16 2 0
pinz/backend/trip-service/internal/db/db.go:238.16,240.3 1 0
pinz/backend/trip-service/internal/db/db.go:241.2,242.20 2 0
pinz/backend/trip-service/internal/db/db.go:242.20,244.3 1 0
pinz/backend/trip-service/internal/db/db.go:245.2,246.18 2 0
pinz/backend/trip-service/internal/db/db.go:246.18,248.3 1 0
pinz/backend/trip-service/internal/db/db.go:249.2,249.101 1 0
pinz/backend/trip-service/internal/repositories/favourite_repository.go:14.62,16.2 1 0
pinz/backend/trip-service/internal/repositories/favourite_repository.go:19.64,26.2 2 0
pinz/backend/trip-service/internal/repositories/favourite_repository.go:29.67,33.16 2 0
pinz/backend/trip-service/internal/repositories/favourite_repository.go:33.16,35.3 1 0
pinz/backend/trip-service/internal/repositories/favourite_repository.go:36.2,37.12 2 0
pinz/backend/trip-service/internal/repositories/favourite_repository.go:37.12,39.3 1 0
pinz/backend/trip-service/internal/repositories/favourite_repository.go:40.2,40.12 1 0
pinz/backend/trip-service/internal/repositories/favourite_repository.go:44.81,47.16 3 0
pinz/backend/trip-service/internal/repositories/favourite_repository.go:47.16,48.36 1 0
pinz/backend/trip-service/internal/repositories/favourite_repository.go:48.36,50.4 1 0
pinz/backend/trip-service/internal/repositories/favourite_repository.go:51.3,51.20 1 0
pinz/backend/trip-service/internal/repositories/favourite_repository.go:53.2,53.18 1 0
pinz/backend/trip-service/internal/repositories/favourite_repository.go:57.101,63.16 3 0
pinz/backend/trip-service/internal/repositories/favourite_repository.go:63.16,64.36 1 0
pinz/backend/trip-service/internal/repositories/favourite_repository.go:64.36,66.4 1 0
pinz/backend/trip-service/internal/repositories/favourite_repository.go:67.3,67.20 1 0
pinz/backend/trip-service/internal/repositories/favourite_repository.go:69.2,69.18 1 0
pinz/backend/trip-service/internal/repositories/invitation_link_repository.go:16.72,18.2 1 0
pinz/backend/trip-service/internal/repositories/invitation_link_repository.go:20.78,26.2 2 0
pinz/backend/trip-service/internal/repositories/invitation_link_repository.go:28.93,33.16 3 0
pinz/backend/trip-service/internal/repositories/invitation_link_repository.go:33.16,35.3 1 0
pinz/backend/trip-service/internal/repositories/invitation_link_repository.go:36.2,39.16 4 0
pinz/backend/trip-service/internal/repositories/invitation_link_repository.go:39.16,40.36 1 0
pinz/backend/trip-service/internal/repositories/invitation_link_repository.go:40.36,42.4 1 0
pinz/backend/trip-service/internal/repositories/invitation_link_repository.go:43.3,43.18 1 0
pinz/backend/trip-service/internal/repositories/invitation_link_repository.go:45.2,45.19 1 0
pinz/backend/trip-service/internal/repositories/media_repository.go:16.54,18.2 1 0
pinz/backend/trip-service/internal/repositories/media_repository.go:20.57,23.20 3 0
pinz/backend/trip-service/internal/repositories/media_repository.go:23.20,26.3 2 0
pinz/backend/trip-service/internal/repositories/media_repository.go:27.2,27.29 1 0
pinz/backend/trip-service/internal/repositories/media_repository.go:27.29,30.3 2 0
pinz/backend/trip-service/internal/repositories/media_repository.go:31.2,31.45 1 0
pinz/backend/trip-service/internal/repositories/media_repository.go:31.45,34.3 2 0
pinz/backend/trip-service/internal/repositories/media_repository.go:35.2,37.16 3 0
pinz/backend/trip-service/internal/repositories/media_repository.go:37.16,39.3 1 0
pinz/backend/trip-service/internal/repositories/media_repository.go:40.2,41.16 2 0
pinz/backend/trip-service/internal/repositories/media_repository.go:41.16,43.3 1 0
pinz/backend/trip-service/internal/repositories/media_repository.go:44.2,44.12 1 0
pinz/backend/trip-service/internal/repositories/media_repository.go:47.69,58.16 7 0
pinz/backend/trip-service/internal/repositories/media_repository.go:58.16,59.36 1 0
pinz/backend/trip-service/internal/repositories/media_repository.go:59.36,61.4 1 0
pinz/backend/trip-service/internal/repositories/media_repository.go:62.3,62.18 1 0
pinz/backend/trip-service/internal/repositories/media_repository.go:64.2,64.17 1 0
pinz/backend/trip-service/internal/repositories/media_repository.go:64.17,66.3 1 0
pinz/backend/trip-service/internal/repositories/media_repository.go:67.2,67.15 1 0
pinz/backend/trip-service/internal/repositories/media_repository.go:67.15,69.3 1 0
pinz/backend/trip-service/internal/repositories/media_repository.go:70.2,70.15 1 0
pinz/backend/trip-service/internal/repositories/media_repository.go:70.15,72.3 1 0
pinz/backend/trip-service/internal/repositories/media_repository.go:73.2,73.22 1 0
pinz/backend/trip-service/internal/repositories/media_repository.go:73.22,75.3 1 0
pinz/backend/trip-service/internal/repositories/media_repository.go:76.2,76.26 1 0
pinz/backend/trip-service/internal/repositories/media_repository.go:76.26,78.3 1 0
pinz/backend/trip-service/internal/repositories/media_repository.go:79.2,79.16 1 0
pinz/backend/trip-service/internal/repositories/media_repository.go:82.80,88.16 3 0
pinz/backend/trip-service/internal/repositories/media_repository.go:88.16,90.3 1 0
pinz/backend/trip-service/internal/repositories/media_repository.go:91.2,93.18 3 0
pinz/backend/trip-service/internal/repositories/media_repository.go:93.18,99.106 5 0
pinz/backend/trip-service/internal/repositories/media_repository.go:99.106,101.4 1 0
pinz/backend/trip-service/internal/repositories/media_repository.go:102.3,102.18 1 0
pinz/backend/trip-service/internal/repositories/media_repository.go:102.18,104.4 1 0
pinz/backend/trip-service/internal/repositories/media_repository.go:105.3,105.16 1 0
pinz/backend/trip-service/internal/repositories/media_repository.go:105.16,107.4 1 0
pinz/backend/trip-service/internal/repositories/media_repository.go:108.3,108.16 1 0
pinz/backend/trip-service/internal/repositories/media_repository.go:108.16,110.4 1 0
pinz/backend/trip-service/internal/repositories/media_repository.go:111.3,111.23 1 0
pinz/backend/trip-service/internal/repositories/media_repository.go:111.23,113.4 1 0
pinz/backend/trip-service/internal/repositories/media_repository.go:114.3,114.27 1 0
pinz/backend/trip-service/internal/repositories/media_repository.go:114.27,116.4 1 0
pinz/backend/trip-service/internal/repositories/media_repository.go:117.3,117.26 1 0
pinz/backend/trip-service/internal/repositories/media_repository.go:119.2,119.25 1 0
pinz/backend/trip-service/internal/repositories/media_repository.go:122.68,124.16 2 0
pinz/backend/trip-service/internal/repositories/media_repository.go:124.16,126.3 1 0
pinz/backend/trip-service/internal/repositories/media_repository.go:127.2,128.12 2 0
pinz/backend/trip-service/internal/repositories/media_repository.go:128.12,130.3 1 0
pinz/backend/trip-service/internal/repositories/media_repository.go:131.2,131.12 1 0
pinz/backend/trip-service/internal/repositories/media_repository.go:134.83,135.24 1 0
pinz/backend/trip-service/internal/repositories/media_repository.go:135.24,137.3 1 0
pinz/backend/trip-service/internal/repositories/media_repository.go:138.2,139.12 2 0
pinz/backend/trip-service/internal/repositories/media_repository.go:142.59,143.19 1 0
pinz/backend/trip-service/internal/repositories/media_repository.go:143.19,145.3 1 0
pinz/backend/trip-service/internal/repositories/media_repository.go:146.2,147.12 2 0
pinz/backend/trip-service/internal/repositories/media_repository.go:151.86,152.24 1 0
pinz/backend/trip-service/internal/repositories/media_repository.go:152.24,154.3 1 0
pinz/backend/trip-service/internal/repositories/media_repository.go:155.2,156.12 2 0
pinz/backend/trip-service/internal/repositories/media_repository.go:160.91,163.2 2 0
pinz/backend/trip-service/internal/repositories/media_repository.go:166.109,169.16 3 0
pinz/backend/trip-service/internal/repositories/media_repository.go:169.16,171.3 1 0
pinz/backend/trip-service/internal/repositories/media_repository.go:172.2,174.18 3 0
pinz/backend/trip-service/internal/repositories/media_repository.go:174.18,177.46 3 0
pinz/backend/trip-service/internal/repositories/media_repository.go:177.46,179.4 1 0
pinz/backend/trip-service/internal/repositories/media_repository.go:180.3,180.16 1 0
pinz/backend/trip-service/internal/repositories/media_repository.go:182.2,182.24 1 0
pinz/backend/trip-service/internal/repositories/media_repository.go:186.78,192.16 3 0
pinz/backend/trip-service/internal/repositories/media_repository.go:192.16,194.3 1 0
pinz/backend/trip-service/internal/repositories/media_repository.go:195.2,197.18 3 0
pinz/backend/trip-service/internal/repositories/media_repository.go:197.18,203.106 5 0
pinz/backend/trip-service/internal/repositories/media_repository.go:203.106,205.4 1 0
pinz/backend/trip-service/internal/repositories/media_repository.go:206.3,206.22 1 0
pinz/backend/trip-service/internal/repositories/media_repository.go:206.22,208.4 1 0
pinz/backend/trip-service/internal/repositories/media_repository.go:209.3,209.16 1 0
pinz/backend/trip-service/internal/repositories/media_repository.go:209.16,211.4 1 0
pinz/backend/trip-service/internal/repositories/media_repository.go:212.3,212.16 1 0
pinz/backend/trip-service/internal/repositories/media_repository.go:212.16,214.4 1 0
pinz/backend/trip-service/internal/repositories/media_repository.go:215.3,215.23 1 0
pinz/backend/trip-service/internal/repositories/media_repository.go:215.23,217.4 1 0
pinz/backend/trip-service/internal/repositories/media_repository.go:218.3,218.27 1 0
pinz/backend/trip-service/internal/repositories/media_repository.go:218.27,220.4 1 0
pinz/backend/trip-service/internal/repositories/media_repository.go:221.3,221.26 1 0
pinz/backend/trip-service/internal/repositories/media_repository.go:223.2,223.25 1 0
pinz/backend/trip-service/internal/repositories/pin_repository.go:16.50,18.2 1 0
pinz/backend/trip-service/internal/repositories/pin_repository.go:20.53,23.45 3 0
pinz/backend/trip-service/internal/repositories/pin_repository.go:23.45,26.3 2 0
pinz/backend/trip-service/internal/repositories/pin_repository.go:27.2,27.24 1 0
pinz/backend/trip-service/internal/repositories/pin_repository.go:27.24,30.3 2 0
pinz/backend/trip-service/internal/repositories/pin_repository.go:31.2,31.22 1 0
pinz/backend/trip-service/internal/repositories/pin_repository.go:31.22,34.3 2 0
pinz/backend/trip-service/internal/repositories/pin_repository.go:35.2,37.16 3 0
pinz/backend/trip-service/internal/repositories/pin_repository.go:37.16,39.3 1 0
pinz/backend/trip-service/internal/repositories/pin_repository.go:40.2,41.16 2 0
pinz/backend/trip-service/internal/repositories/pin_repository.go:41.16,43.3 1 0
pinz/backend/trip-service/internal/repositories/pin_repository.go:44.2,44.12 1 0
pinz/backend/trip-service/internal/repositories/pin_repository.go:47.65,59.16 8 0
pinz/backend/trip-service/internal/repositories/pin_repository.go:59.16,60.36 1 0
pinz/backend/trip-service/internal/repositories/pin_repository.go:60.36,62.4 1 0
pinz/backend/trip-service/internal/repositories/pin_repository.go:63.3,63.18 1 0
pinz/backend/trip-service/internal/repositories/pin_repository.go:65.2,65.16 1 0
pinz/backend/trip-service/internal/repositories/pin_repository.go:65.16,67.3 1 0
pinz/backend/trip-service/internal/repositories/pin_repository.go:68.2,68.15 1 0
pinz/backend/trip-service/internal/repositories/pin_repository.go:68.15,70.3 1 0
pinz/backend/trip-service/internal/repositories/pin_repository.go:71.2,71.15 1 0
pinz/backend/trip-service/internal/repositories/pin_repository.go:71.15,73.3 1 0
pinz/backend/trip-service/internal/repositories/pin_repository.go:74.2,74.21 1 0
pinz/backend/trip-service/internal/repositories/pin_repository.go:74.21,76.3 1 0
pinz/backend/trip-service/internal/repositories/pin_repository.go:77.2,77.19 1 0
pinz/backend/trip-service/internal/repositories/pin_repository.go:77.19,79.3 1 0
pinz/backend/trip-service/internal/repositories/pin_repository.go:80.2,80.23 1 0
pinz/backend/trip-service/internal/repositories/pin_repository.go:80.23,82.3 1 0
pinz/backend/trip-service/internal/repositories/pin_repository.go:83.2,83.16 1 0
pinz/backend/trip-service/internal/repositories/pin_repository.go:86.76,92.16 3 0
pinz/backend/trip-service/internal/repositories/pin_repository.go:92.16,94.3 1 0
pinz/backend/trip-service/internal/repositories/pin_repository.go:95.2,97.18 3 0
pinz/backend/trip-service/internal/repositories/pin_repository.go:97.18,104.78 6 0
pinz/backend/trip-service/internal/repositories/pin_repository.go:104.78,106.4 1 0
pinz/backend/trip-service/internal/repositories/pin_repository.go:107.3,107.17 1 0
pinz/backend/trip-service/internal/repositories/pin_repository.go:107.17,109.4 1 0
pinz/backend/trip-service/internal/repositories/pin_repository.go:110.3,110.16 1 0
pinz/backend/trip-service/internal/repositories/pin_repository.go:110.16,112.4 1 0
pinz/backend/trip-service/internal/repositories/pin_repository.go:113.3,113.16 1 0
pinz/backend/trip-service/internal/repositories/pin_repository.go:113.16,115.4 1 0
pinz/backend/trip-service/internal/repositories/pin_repository.go:116.3,116.22 1 0
pinz/backend/trip-service/internal/repositories/pin_repository.go:116.22,118.4 1 0
pinz/backend/trip-service/internal/repositories/pin_repository.go:119.3,119.20 1 0
pinz/backend/trip-service/internal/repositories/pin_repository.go:119.20,121.4 1 0
pinz/backend/trip-service/internal/repositories/pin_repository.go:122.3,122.24 1 0
pinz/backend/trip-service/internal/repositories/pin_repository.go:122.24,124.4 1 0
pinz/backend/trip-service/internal/repositories/pin_repository.go:125.3,125.26 1 0
pinz/backend/trip-service/internal/repositories/pin_repository.go:127.2,127.25 1 0
pinz/backend/trip-service/internal/repositories/pin_repository.go:130.53,138.45 2 0
pinz/backend/trip-service/internal/repositories/pin_repository.go:138.45,140.3 1 0
pinz/backend/trip-service/internal/repositories/pin_repository.go:140.8,142.3 1 0
pinz/backend/trip-service/internal/repositories/pin_repository.go:143.2,143.24 1 0
pinz/backend/trip-service/internal/repositories/pin_repository.go:143.24,145.3 1 0
pinz/backend/trip-service/internal/repositories/pin_repository.go:145.8,147.3 1 0
pinz/backend/trip-service/internal/repositories/pin_repository.go:148.2,148.22 1 0
pinz/backend/trip-service/internal/repositories/pin_repository.go:148.22,150.3 1 0
pinz/backend/trip-service/internal/repositories/pin_repository.go:150.8,152.3 1 0
pinz/backend/trip-service/internal/repositories/pin_repository.go:153.2,155.16 3 0
pinz/backend/trip-service/internal/repositories/pin_repository.go:155.16,157.3 1 0
pinz/backend/trip-service/internal/repositories/pin_repository.go:158.2,159.16 2 0
pinz/backend/trip-service/internal/repositories/pin_repository.go:159.16,161.3 1 0
pinz/backend/trip-service/internal/repositories/pin_repository.go:162.2,163.12 2 0
pinz/backend/trip-service/internal/repositories/pin_repository.go:163.12,165.3 1 0
pinz/backend/trip-service/internal/repositories/pin_repository.go:166.2,166.12 1 0
pinz/backend/trip-service/internal/repositories/pin_repository.go:169.49,171.16 2 0
pinz/backend/trip-service/internal/repositories/pin_repository.go:171.16,173.3 1 0
pinz/backend/trip-service/internal/repositories/pin_repository.go:174.2,175.12 2 0
pinz/backend/trip-service/internal/repositories/pin_repository.go:175.12,177.3 1 0
pinz/backend/trip-service/internal/repositories/pin_repository.go:178.2,178.12 1 0
pinz/backend/trip-service/internal/repositories/pin_repository.go:181.61,184.2 2 0
pinz/backend/trip-service/internal/repositories/redis_repository.go:28.64,30.2 1 0
pinz/backend/trip-service/internal/repositories/redis_repository.go:33.47,35.16 2 0
pinz/backend/trip-service/internal/repositories/redis_repository.go:35.16,36.43 1 0
pinz/backend/trip-service/internal/repositories/redis_repository.go:36.43,38.18 2 0
pinz/backend/trip-service/internal/repositories/redis_repository.go:38.18,40.5 1 0
pinz/backend/trip-service/internal/repositories/redis_repository.go:41.4,42.66 2 0
pinz/backend/trip-service/internal/repositories/redis_repository.go:42.66,44.5 1 0
pinz/backend/trip-service/internal/repositories/redis_repository.go:45.4,46.22 2 0
pinz/backend/trip-service/internal/repositories/redis_repository.go:48.3,48.18 1 0
pinz/backend/trip-service/internal/repositories/redis_repository.go:50.2,51.64 2 0
pinz/backend/trip-service/internal/repositories/redis_repository.go:51.64,53.3 1 0
pinz/backend/trip-service/internal/repositories/redis_repository.go:54.2,55.20 2 0
pinz/backend/trip-service/internal/repositories/redis_repository.go:58.44,59.60 1 0
pinz/backend/trip-service/internal/repositories/redis_repository.go:59.60,61.3 1 0
pinz/backend/trip-service/internal/repositories/redis_repository.go:62.2,62.60 1 0
pinz/backend/trip-service/internal/repositories/redis_repository.go:62.60,64.3 1 0
pinz/backend/trip-service/internal/repositories/redis_repository.go:68.112,73.18 2 0
pinz/backend/trip-service/internal/repositories/redis_repository.go:73.18,75.3 1 0
pinz/backend/trip-service/internal/repositories/redis_repository.go:76.2,80.16 2 0
pinz/backend/trip-service/internal/repositories/redis_repository.go:80.16,83.3 2 0
pinz/backend/trip-service/internal/repositories/redis_repository.go:84.2,84.12 1 0
pinz/backend/trip-service/internal/repositories/redis_repository.go:88.79,93.16 2 0
pinz/backend/trip-service/internal/repositories/redis_repository.go:93.16,96.3 2 0
pinz/backend/trip-service/internal/repositories/redis_repository.go:97.2,97.12 1 0
pinz/backend/trip-service/internal/repositories/redis_repository.go:107.129,108.33 1 0
pinz/backend/trip-service/internal/repositories/redis_repository.go:108.33,110.3 1 0
pinz/backend/trip-service/internal/repositories/redis_repository.go:111.2,116.16 3 0
pinz/backend/trip-service/internal/repositories/redis_repository.go:116.16,119.3 2 0
pinz/backend/trip-service/internal/repositories/redis_repository.go:120.2,121.67 2 0
pinz/backend/trip-service/internal/repositories/redis_repository.go:121.67,124.3 2 0
pinz/backend/trip-service/internal/repositories/redis_repository.go:125.2,125.12 1 0
pinz/backend/trip-service/internal/repositories/social_repository.go:12.56,14.2 1 0
pinz/backend/trip-service/internal/repositories/social_repository.go:17.79,18.61 1 0
pinz/backend/trip-service/internal/repositories/social_repository.go:18.61,20.3 1 0
pinz/backend/trip-service/internal/repositories/social_repository.go:21.2,22.16 2 0
pinz/backend/trip-service/internal/repositories/social_repository.go:22.16,24.3 1 0
pinz/backend/trip-service/internal/repositories/social_repository.go:25.2,25.15 1 0
pinz/backend/trip-service/internal/repositories/social_repository.go:25.15,25.36 1 0
pinz/backend/trip-service/internal/repositories/social_repository.go:27.2,34.16 4 0
pinz/backend/trip-service/internal/repositories/social_repository.go:34.16,36.3 1 0
pinz/backend/trip-service/internal/repositories/social_repository.go:38.2,38.29 1 0
pinz/backend/trip-service/internal/repositories/social_repository.go:38.29,39.34 1 0
pinz/backend/trip-service/internal/repositories/social_repository.go:39.34,41.4 1 0
pinz/backend/trip-service/internal/repositories/social_repository.go:41.9,41.44 1 0
pinz/backend/trip-service/internal/repositories/social_repository.go:41.44,43.4 1 0
pinz/backend/trip-service/internal/repositories/social_repository.go:44.3,44.31 1 0
pinz/backend/trip-service/internal/repositories/social_repository.go:44.31,46.4 1 0
pinz/backend/trip-service/internal/repositories/social_repository.go:46.9,48.4 1 0
pinz/backend/trip-service/internal/repositories/social_repository.go:50.2,50.20 1 0
pinz/backend/trip-service/internal/repositories/social_repository.go:54.79,57.26 3 0
pinz/backend/trip-service/internal/repositories/social_repository.go:57.26,59.3 1 0
pinz/backend/trip-service/internal/repositories/social_repository.go:60.2,60.22 1 0
pinz/backend/trip-service/internal/repositories/tag_repository.go:15.50,17.2 1 0
pinz/backend/trip-service/internal/repositories/tag_repository.go:19.78,20.116 1 0
pinz/backend/trip-service/internal/repositories/tag_repository.go:20.116,22.3 1 0
pinz/backend/trip-service/internal/repositories/tag_repository.go:23.2,23.27 1 0
pinz/backend/trip-service/internal/repositories/tag_repository.go:23.27,24.16 1 0
pinz/backend/trip-service/internal/repositories/tag_repository.go:24.16,25.12 1 0
pinz/backend/trip-service/internal/repositories/tag_repository.go:27.3,28.34 2 0
pinz/backend/trip-service/internal/repositories/tag_repository.go:28.34,30.4 1 0
pinz/backend/trip-service/internal/repositories/tag_repository.go:32.2,32.12 1 0
pinz/backend/trip-service/internal/repositories/tag_repository.go:35.50,38.16 3 0
pinz/backend/trip-service/internal/repositories/tag_repository.go:38.16,40.3 1 0
pinz/backend/trip-service/internal/repositories/tag_repository.go:41.2,41.51 1 0
pinz/backend/trip-service/internal/repositories/tag_repository.go:44.68,46.16 2 0
pinz/backend/trip-service/internal/repositories/tag_repository.go:46.16,48.3 1 0
pinz/backend/trip-service/internal/repositories/tag_repository.go:49.2,51.18 3 0
pinz/backend/trip-service/internal/repositories/tag_repository.go:51.18,53.41 2 0
pinz/backend/trip-service/internal/repositories/tag_repository.go:53.41,55.4 1 0
pinz/backend/trip-service/internal/repositories/tag_repository.go:56.3,56.27 1 0
pinz/backend/trip-service/internal/repositories/tag_repository.go:58.2,58.25 1 0
pinz/backend/trip-service/internal/repositories/tag_repository.go:61.81,63.16 2 0
pinz/backend/trip-service/internal/repositories/tag_repository.go:63.16,65.3 1 0
pinz/backend/trip-service/internal/repositories/tag_repository.go:66.2,68.18 3 0
pinz/backend/trip-service/internal/repositories/tag_repository.go:68.18,70.49 2 0
pinz/backend/trip-service/internal/repositories/tag_repository.go:70.49,72.4 1 0
pinz/backend/trip-service/internal/repositories/tag_repository.go:73.3,73.39 1 0
pinz/backend/trip-service/internal/repositories/tag_repository.go:75.2,75.24 1 0
pinz/backend/trip-service/internal/repositories/tag_repository.go:78.58,81.2 2 0
pinz/backend/trip-service/internal/repositories/trip_participant_repository.go:16.74,18.2 1 0
pinz/backend/trip-service/internal/repositories/trip_participant_repository.go:20.74,26.2 2 0
pinz/backend/trip-service/internal/repositories/trip_participant_repository.go:28.99,33.16 2 0
pinz/backend/trip-service/internal/repositories/trip_participant_repository.go:33.16,35.3 1 0
pinz/backend/trip-service/internal/repositories/trip_participant_repository.go:36.2,37.16 2 0
pinz/backend/trip-service/internal/repositories/trip_participant_repository.go:37.16,39.3 1 0
pinz/backend/trip-service/internal/repositories/trip_participant_repository.go:40.2,42.18 3 0
pinz/backend/trip-service/internal/repositories/trip_participant_repository.go:42.18,44.82 2 0
pinz/backend/trip-service/internal/repositories/trip_participant_repository.go:44.82,46.4 1 0
pinz/backend/trip-service/internal/repositories/trip_participant_repository.go:47.3,47.26 1 0
pinz/backend/trip-service/internal/repositories/trip_participant_repository.go:49.2,49.25 1 0
pinz/backend/trip-service/internal/repositories/trip_participant_repository.go:52.88,57.16 2 0
pinz/backend/trip-service/internal/repositories/trip_participant_repository.go:57.16,59.3 1 0
pinz/backend/trip-service/internal/repositories/trip_participant_repository.go:60.2,62.16 3 0
pinz/backend/trip-service/internal/repositories/trip_participant_repository.go:62.16,63.36 1 0
pinz/backend/trip-service/internal/repositories/trip_participant_repository.go:63.36,65.4 1 0
pinz/backend/trip-service/internal/repositories/trip_participant_repository.go:66.3,66.20 1 0
pinz/backend/trip-service/internal/repositories/trip_participant_repository.go:68.2,68.18 1 0
pinz/backend/trip-service/internal/repositories/trip_participant_repository.go:71.82,76.16 2 0
pinz/backend/trip-service/internal/repositories/trip_participant_repository.go:76.16,78.3 1 0
pinz/backend/trip-service/internal/repositories/trip_participant_repository.go:79.2,81.16 3 0
pinz/backend/trip-service/internal/repositories/trip_participant_repository.go:81.16,82.36 1 0
pinz/backend/trip-service/internal/repositories/trip_participant_repository.go:82.36,84.4 1 0
pinz/backend/trip-service/internal/repositories/trip_participant_repository.go:85.3,85.20 1 0
pinz/backend/trip-service/internal/repositories/trip_participant_repository.go:87.2,87.21 1 0
pinz/backend/trip-service/internal/repositories/trip_participant_repository.go:90.73,94.16 2 0
pinz/backend/trip-service/internal/repositories/trip_participant_repository.go:94.16,96.3 1 0
pinz/backend/trip-service/internal/repositories/trip_participant_repository.go:97.2,98.12 2 0
pinz/backend/trip-service/internal/repositories/trip_participant_repository.go:98.12,100.3 1 0
pinz/backend/trip-service/internal/repositories/trip_participant_repository.go:101.2,101.12 1 0
pinz/backend/trip-service/internal/repositories/trip_participant_repository.go:105.76,108.2 2 0
pinz/backend/trip-service/internal/repositories/trip_participant_repository.go:111.75,116.16 2 0
pinz/backend/trip-service/internal/repositories/trip_participant_repository.go:116.16,118.3 1 0
pinz/backend/trip-service/internal/repositories/trip_participant_repository.go:119.2,123.12 2 0
pinz/backend/trip-service/internal/repositories/trip_repository.go:18.52,20.2 1 0
pinz/backend/trip-service/internal/repositories/trip_repository.go:22.55,36.16 3 0
pinz/backend/trip-service/internal/repositories/trip_repository.go:36.16,38.3 1 0
pinz/backend/trip-service/internal/repositories/trip_repository.go:39.2,42.16 4 0
pinz/backend/trip-service/internal/repositories/trip_repository.go:42.16,44.3 1 0
pinz/backend/trip-service/internal/repositories/trip_repository.go:45.2,46.12 2 0
pinz/backend/trip-service/internal/repositories/trip_repository.go:49.67,57.16 3 0
pinz/backend/trip-service/internal/repositories/trip_repository.go:57.16,59.3 1 0
pinz/backend/trip-service/internal/repositories/trip_repository.go:60.2,70.16 6 0
pinz/backend/trip-service/internal/repositories/trip_repository.go:70.16,71.36 1 0
pinz/backend/trip-service/internal/repositories/trip_repository.go:71.36,73.4 1 0
pinz/backend/trip-service/internal/repositories/trip_repository.go:74.3,74.18 1 0
pinz/backend/trip-service/internal/repositories/trip_repository.go:76.2,76.16 1 0
pinz/backend/trip-service/internal/repositories/trip_repository.go:76.16,78.3 1 0
pinz/backend/trip-service/internal/repositories/trip_repository.go:79.2,79.20 1 0
pinz/backend/trip-service/internal/repositories/trip_repository.go:79.20,81.3 1 0
pinz/backend/trip-service/internal/repositories/trip_repository.go:82.2,82.21 1 0
pinz/backend/trip-service/internal/repositories/trip_repository.go:82.21,84.3 1 0
pinz/backend/trip-service/internal/repositories/trip_repository.go:85.2,85.19 1 0
pinz/backend/trip-service/internal/repositories/trip_repository.go:85.19,87.3 1 0
pinz/backend/trip-service/internal/repositories/trip_repository.go:88.2,88.16 1 0
pinz/backend/trip-service/internal/repositories/trip_repository.go:91.99,105.16 3 0
pinz/backend/trip-service/internal/repositories/trip_repository.go:105.16,107.3 1 0
pinz/backend/trip-service/internal/repositories/trip_repository.go:108.2,109.16 2 0
pinz/backend/trip-service/internal/repositories/trip_repository.go:109.16,111.3 1 0
pinz/backend/trip-service/internal/repositories/trip_repository.go:112.2,114.18 3 0
pinz/backend/trip-service/internal/repositories/trip_repository.go:114.18,123.17 4 0
pinz/backend/trip-service/internal/repositories/trip_repository.go:123.17,125.4 1 0
pinz/backend/trip-service/internal/repositories/trip_repository.go:126.3,126.17 1 0
pinz/backend/trip-service/internal/repositories/trip_repository.go:126.17,128.4 1 0
pinz/backend/trip-service/internal/repositories/trip_repository.go:129.3,129.21 1 0
pinz/backend/trip-service/internal/repositories/trip_repository.go:129.21,131.4 1 0
pinz/backend/trip-service/internal/repositories/trip_repository.go:132.3,132.22 1 0
pinz/backend/trip-service/internal/repositories/trip_repository.go:132.22,134.4 1 0
pinz/backend/trip-service/internal/repositories/trip_repository.go:135.3,135.20 1 0
pinz/backend/trip-service/internal/repositories/trip_repository.go:135.20,137.4 1 0
pinz/backend/trip-service/internal/repositories/trip_repository.go:138.3,138.28 1 0
pinz/backend/trip-service/internal/repositories/trip_repository.go:140.2,140.26 1 0
pinz/backend/trip-service/internal/repositories/trip_repository.go:143.55,153.24 2 0
pinz/backend/trip-service/internal/repositories/trip_repository.go:153.24,155.3 1 0
pinz/backend/trip-service/internal/repositories/trip_repository.go:155.8,157.3 1 0
pinz/backend/trip-service/internal/repositories/trip_repository.go:158.2,158.22 1 0
pinz/backend/trip-service/internal/repositories/trip_repository.go:158.22,160.3 1 0
pinz/backend/trip-service/internal/repositories/trip_repository.go:160.8,162.3 1 0
pinz/backend/trip-service/internal/repositories/trip_repository.go:163.2,165.16 3 0
pinz/backend/trip-service/internal/repositories/trip_repository.go:165.16,167.3 1 0
pinz/backend/trip-service/internal/repositories/trip_repository.go:168.2,169.16 2 0
pinz/backend/trip-service/internal/repositories/trip_repository.go:169.16,171.3 1 0
pinz/backend/trip-service/internal/repositories/trip_repository.go:172.2,173.12 2 0
pinz/backend/trip-service/internal/repositories/trip_repository.go:173.12,175.3 1 0
pinz/backend/trip-service/internal/repositories/trip_repository.go:176.2,176.12 1 0
pinz/backend/trip-service/internal/repositories/trip_repository.go:179.50,181.16 2 0
pinz/backend/trip-service/internal/repositories/trip_repository.go:181.16,183.3 1 0
pinz/backend/trip-service/internal/repositories/trip_repository.go:184.2,185.12 2 0
pinz/backend/trip-service/internal/repositories/trip_repository.go:185.12,187.3 1 0
pinz/backend/trip-service/internal/repositories/trip_repository.go:188.2,188.12 1 0
pinz/backend/trip-service/internal/repositories/trip_repository.go:192.65,194.16 2 0
pinz/backend/trip-service/internal/repositories/trip_repository.go:194.16,196.3 1 0
pinz/backend/trip-service/internal/repositories/trip_repository.go:197.2,198.12 2 0
pinz/backend/trip-service/internal/repositories/trip_repository.go:198.12,200.3 1 0
pinz/backend/trip-service/internal/repositories/trip_repository.go:201.2,201.12 1 0
pinz/backend/trip-service/internal/repositories/trip_repository.go:205.62,207.16 2 0
pinz/backend/trip-service/internal/repositories/trip_repository.go:207.16,209.3 1 0
pinz/backend/trip-service/internal/repositories/trip_repository.go:210.2,211.12 2 0
pinz/backend/trip-service/internal/repositories/trip_repository.go:211.12,213.3 1 0
pinz/backend/trip-service/internal/repositories/trip_repository.go:214.2,214.12 1 0
pinz/backend/trip-service/internal/repositories/trip_repository.go:218.137,227.20 2 0
pinz/backend/trip-service/internal/repositories/trip_repository.go:227.20,229.3 1 0
pinz/backend/trip-service/internal/repositories/trip_repository.go:230.2,230.18 1 0
pinz/backend/trip-service/internal/repositories/trip_repository.go:230.18,232.3 1 0
pinz/backend/trip-service/internal/repositories/trip_repository.go:233.2,233.23 1 0
pinz/backend/trip-service/internal/repositories/trip_repository.go:233.23,235.3 1 0
pinz/backend/trip-service/internal/repositories/trip_repository.go:236.2,236.16 1 0
pinz/backend/trip-service/internal/repositories/trip_repository.go:237.16,238.80 1 0
pinz/backend/trip-service/internal/repositories/trip_repository.go:239.10,240.37 1 0
pinz/backend/trip-service/internal/repositories/trip_repository.go:242.2,244.16 3 0
pinz/backend/trip-service/internal/repositories/trip_repository.go:244.16,246.3 1 0
pinz/backend/trip-service/internal/repositories/trip_repository.go:247.2,248.16 2 0
pinz/backend/trip-service/internal/repositories/trip_repository.go:248.16,250.3 1 0
pinz/backend/trip-service/internal/repositories/trip_repository.go:251.2,253.18 3 0
pinz/backend/trip-service/internal/repositories/trip_repository.go:253.18,262.17 4 0
pinz/backend/trip-service/internal/repositories/trip_repository.go:262.17,264.4 1 0
pinz/backend/trip-service/internal/repositories/trip_repository.go:265.3,265.17 1 0
pinz/backend/trip-service/internal/repositories/trip_repository.go:265.17,267.4 1 0
pinz/backend/trip-service/internal/repositories/trip_repository.go:268.3,268.21 1 0
pinz/backend/trip-service/internal/repositories/trip_repository.go:268.21,270.4 1 0
pinz/backend/trip-service/internal/repositories/trip_repository.go:271.3,271.22 1 0
pinz/backend/trip-service/internal/repositories/trip_repository.go:271.22,273.4 1 0
pinz/backend/trip-service/internal/repositories/trip_repository.go:274.3,274.20 1 0
pinz/backend/trip-service/internal/repositories/trip_repository.go:274.20,276.4 1 0
pinz/backend/trip-service/internal/repositories/trip_repository.go:277.3,277.28 1 0
pinz/backend/trip-service/internal/repositories/trip_repository.go:279.2,279.26 1 0
pinz/backend/trip-service/internal/repositories/trip_settings_repository.go:13.68,15.2 1 0
pinz/backend/trip-service/internal/repositories/trip_settings_repository.go:19.85,26.2 2 0
pinz/backend/trip-service/internal/repositories/trip_settings_repository.go:29.97,34.16 2 0
pinz/backend/trip-service/internal/repositories/trip_settings_repository.go:34.16,36.3 1 0
pinz/backend/trip-service/internal/repositories/trip_settings_repository.go:37.2,38.12 2 0
pinz/backend/trip-service/internal/repositories/trip_settings_repository.go:38.12,40.3 1 0
pinz/backend/trip-service/internal/repositories/trip_settings_repository.go:41.2,41.12 1 0
pinz/backend/trip-service/cmd/main.go:21.13,28.16 5 0
pinz/backend/trip-service/cmd/main.go:28.16,30.3 1 0
pinz/backend/trip-service/cmd/main.go:30.8,31.16 1 0
pinz/backend/trip-service/cmd/main.go:31.16,35.4 3 0
pinz/backend/trip-service/cmd/main.go:36.3,39.17 2 0
pinz/backend/trip-service/cmd/main.go:39.17,41.4 1 0
pinz/backend/trip-service/cmd/main.go:44.2,46.16 3 0
pinz/backend/trip-service/cmd/main.go:46.16,49.3 2 0
pinz/backend/trip-service/cmd/main.go:50.2,54.59 4 0
pinz/backend/trip-service/cmd/main.go:54.59,56.3 1 0
pinz/backend/trip-service/cmd/main.go:56.8,56.22 1 0
pinz/backend/trip-service/cmd/main.go:56.22,59.3 2 0
pinz/backend/trip-service/cmd/main.go:61.2,63.16 3 0
pinz/backend/trip-service/cmd/main.go:63.16,66.3 2 0
pinz/backend/trip-service/cmd/main.go:67.2,68.63 2 0
pinz/backend/trip-service/cmd/main.go:68.63,71.3 2 0
pinz/backend/trip-service/cmd/worker/main.go:15.13,20.16 4 0
pinz/backend/trip-service/cmd/worker/main.go:20.16,23.3 2 0
pinz/backend/trip-service/cmd/worker/main.go:24.2,27.16 3 0
pinz/backend/trip-service/cmd/worker/main.go:27.16,30.3 2 0
pinz/backend/trip-service/cmd/worker/main.go:32.2,35.24 4 0
pinz/backend/trip-service/cmd/worker/main.go:35.24,37.3 1 0
pinz/backend/trip-service/cmd/worker/main.go:39.2,39.91 1 0
pinz/backend/trip-service/cmd/worker/main.go:39.91,42.3 2 0
pinz/backend/trip-service/internal/server/metadata.go:19.60,22.2 2 0
pinz/backend/trip-service/internal/server/metadata.go:26.150,27.125 1 0
pinz/backend/trip-service/internal/server/metadata.go:27.125,29.3 1 0
pinz/backend/trip-service/internal/server/metadata.go:30.2,31.9 2 0
pinz/backend/trip-service/internal/server/metadata.go:31.9,33.3 1 0
pinz/backend/trip-service/internal/server/metadata.go:34.2,35.37 2 0
pinz/backend/trip-service/internal/server/metadata.go:35.37,37.3 1 0
pinz/backend/trip-service/internal/server/metadata.go:38.2,39.26 2 0
pinz/backend/trip-service/internal/server/server.go:19.60,21.16 2 0
pinz/backend/trip-service/internal/server/server.go:21.16,24.3 2 0
pinz/backend/trip-service/internal/server/server.go:25.2,27.16 3 0
pinz/backend/trip-service/internal/server/server.go:27.16,30.3 2 0
pinz/backend/trip-service/internal/server/server.go:32.2,44.12 7 0
pinz/backend/trip-service/internal/server/server.go:44.12,45.40 1 0
pinz/backend/trip-service/internal/server/server.go:45.40,47.4 1 0
pinz/backend/trip-service/internal/server/server.go:50.2,56.12 7 0
pinz/backend/trip-service/internal/di/di.go:18.86,29.24 11 0
pinz/backend/trip-service/internal/di/di.go:29.24,31.3 1 0
pinz/backend/trip-service/internal/di/di.go:31.8,33.3 1 0
pinz/backend/trip-service/internal/di/di.go:34.2,35.49 2 0
pinz/backend/trip-service/internal/mocks/favourite_repository_mock.go:31.101,35.2 3 0
pinz/backend/trip-service/internal/mocks/favourite_repository_mock.go:38.99,40.2 1 0
pinz/backend/trip-service/internal/mocks/favourite_repository_mock.go:43.77,48.2 4 0
pinz/backend/trip-service/internal/mocks/favourite_repository_mock.go:51.94,54.2 2 0
pinz/backend/trip-service/internal/mocks/favourite_repository_mock.go:57.94,63.2 5 0
pinz/backend/trip-service/internal/mocks/favourite_repository_mock.go:66.103,69.2 2 0
pinz/backend/trip-service/internal/mocks/favourite_repository_mock.go:72.114,78.2 5 0
pinz/backend/trip-service/internal/mocks/favourite_repository_mock.go:81.123,84.2 2 0
pinz/backend/trip-service/internal/mocks/favourite_repository_mock.go:87.80,92.2 4 0
pinz/backend/trip-service/internal/mocks/favourite_repository_mock.go:95.97,98.2 2 0
pinz/backend/trip-service/internal/mocks/invitation_link_repository_mock.go:32.111,36.2 3 0
pinz/backend/trip-service/internal/mocks/invitation_link_repository_mock.go:39.109,41.2 1 0
pinz/backend/trip-service/internal/mocks/invitation_link_repository_mock.go:44.91,49.2 4 0
pinz/backend/trip-service/internal/mocks/invitation_link_repository_mock.go:52.92,55.2 2 0
pinz/backend/trip-service/internal/mocks/invitation_link_repository_mock.go:58.106,64.2 5 0
pinz/backend/trip-service/internal/mocks/invitation_link_repository_mock.go:67.97,70.2 2 0
pinz/backend/trip-service/internal/mocks/media_repository_mock.go:32.93,36.2 3 0
pinz/backend/trip-service/internal/mocks/media_repository_mock.go:39.91,41.2 1 0
pinz/backend/trip-service/internal/mocks/media_repository_mock.go:44.122,50.2 5 0
pinz/backend/trip-service/internal/mocks/media_repository_mock.go:53.113,56.2 2 0
pinz/backend/trip-service/internal/mocks/media_repository_mock.go:59.87,66.2 6 0
pinz/backend/trip-service/internal/mocks/media_repository_mock.go:69.92,72.2 2 0
pinz/backend/trip-service/internal/mocks/media_repository_mock.go:75.72,80.2 4 0
pinz/backend/trip-service/internal/mocks/media_repository_mock.go:83.80,86.2 2 0
pinz/backend/trip-service/internal/mocks/media_repository_mock.go:89.72,94.2 4 0
pinz/backend/trip-service/internal/mocks/media_repository_mock.go:97.87,100.2 2 0
pinz/backend/trip-service/internal/mocks/media_repository_mock.go:103.82,109.2 5 0
pinz/backend/trip-service/internal/mocks/media_repository_mock.go:112.82,115.2 2 0
pinz/backend/trip-service/internal/mocks/media_repository_mock.go:118.91,124.2 5 0
pinz/backend/trip-service/internal/mocks/media_repository_mock.go:127.89,130.2 2 0
pinz/backend/trip-service/internal/mocks/media_repository_mock.go:133.93,139.2 5 0
pinz/backend/trip-service/internal/mocks/media_repository_mock.go:142.91,145.2 2 0
pinz/backend/trip-service/internal/mocks/media_repository_mock.go:148.99,153.2 4 0
pinz/backend/trip-service/internal/mocks/media_repository_mock.go:156.107,159.2 2 0
pinz/backend/trip-service/internal/mocks/media_repository_mock.go:162.81,167.2 4 0
pinz/backend/trip-service/internal/mocks/media_repository_mock.go:170.98,173.2 2 0
pinz/backend/trip-service/internal/mocks/media_repository_mock.go:176.96,181.2 4 0
pinz/backend/trip-service/internal/mocks/media_repository_mock.go:184.104,187.2 2 0
pinz/backend/trip-service/internal/mocks/pin_repository_mock.go:32.89,36.2 3 0
pinz/backend/trip-service/internal/mocks/pin_repository_mock.go:39.87,41.2 1 0
pinz/backend/trip-service/internal/mocks/pin_repository_mock.go:44.66,49.2 4 0
pinz/backend/trip-service/internal/mocks/pin_repository_mock.go:52.78,55.2 2 0
pinz/backend/trip-service/internal/mocks/pin_repository_mock.go:58.62,63.2 4 0
pinz/backend/trip-service/internal/mocks/pin_repository_mock.go:66.79,69.2 2 0
pinz/backend/trip-service/internal/mocks/pin_repository_mock.go:72.74,77.2 4 0
pinz/backend/trip-service/internal/mocks/pin_repository_mock.go:80.91,83.2 2 0
pinz/backend/trip-service/internal/mocks/pin_repository_mock.go:86.78,92.2 5 0
pinz/backend/trip-service/internal/mocks/pin_repository_mock.go:95.80,98.2 2 0
pinz/backend/trip-service/internal/mocks/pin_repository_mock.go:101.89,107.2 5 0
pinz/backend/trip-service/internal/mocks/pin_repository_mock.go:110.89,113.2 2 0
pinz/backend/trip-service/internal/mocks/pin_repository_mock.go:116.66,121.2 4 0
pinz/backend/trip-service/internal/mocks/pin_repository_mock.go:124.78,127.2 2 0
pinz/backend/trip-service/internal/mocks/social_repository_mock.go:31.95,35.2 3 0
pinz/backend/trip-service/internal/mocks/social_repository_mock.go:38.93,40.2 1 0
pinz/backend/trip-service/internal/mocks/social_repository_mock.go:43.92,49.2 5 0
pinz/backend/trip-service/internal/mocks/social_repository_mock.go:52.99,55.2 2 0
pinz/backend/trip-service/internal/mocks/social_repository_mock.go:58.92,63.2 4 0
pinz/backend/trip-service/internal/mocks/social_repository_mock.go:66.109,69.2 2 0
pinz/backend/trip-service/internal/mocks/tag_repository_mock.go:32.89,36.2 3 0
pinz/backend/trip-service/internal/mocks/tag_repository_mock.go:39.87,41.2 1 0
pinz/backend/trip-service/internal/mocks/tag_repository_mock.go:44.63,49.2 4 0
pinz/backend/trip-service/internal/mocks/tag_repository_mock.go:52.75,55.2 2 0
pinz/backend/trip-service/internal/mocks/tag_repository_mock.go:58.71,63.2 4 0
pinz/backend/trip-service/internal/mocks/tag_repository_mock.go:66.88,69.2 2 0
pinz/backend/trip-service/internal/mocks/tag_repository_mock.go:72.81,78.2 5 0
pinz/backend/trip-service/internal/mocks/tag_repository_mock.go:81.86,84.2 2 0
pinz/backend/trip-service/internal/mocks/tag_repository_mock.go:87.94,93.2 5 0
pinz/backend/trip-service/internal/mocks/tag_repository_mock.go:96.88,99.2 2 0
pinz/backend/trip-service/internal/mocks/tag_repository_mock.go:102.91,107.2 4 0
pinz/backend/trip-service/internal/mocks/tag_repository_mock.go:110.99,113.2 2 0
pinz/backend/trip-service/internal/mocks/trip_event_publisher_mock.go:32.81,36.2 3 0
pinz/backend/trip-service/internal/mocks/trip_event_publisher_mock.go:39.79,41.2 1 0
pinz/backend/trip-service/internal/mocks/trip_event_publisher_mock.go:44.86,49.2 4 0
pinz/backend/trip-service/internal/mocks/trip_event_publisher_mock.go:52.87,55.2 2 0
pinz/backend/trip-service/internal/mocks/trip_event_publisher_mock.go:58.112,63.2 4 0
pinz/backend/trip-service/internal/mocks/trip_event_publisher_mock.go:66.113,69.2 2 0
pinz/backend/trip-service/internal/mocks/trip_participant_repository_mock.go:32.113,36.2 3 0
pinz/backend/trip-service/internal/mocks/trip_participant_repository_mock.go:39.111,41.2 1 0
pinz/backend/trip-service/internal/mocks/trip_participant_repository_mock.go:44.87,49.2 4 0
pinz/backend/trip-service/internal/mocks/trip_participant_repository_mock.go:52.87,55.2 2 0
pinz/backend/trip-service/internal/mocks/trip_participant_repository_mock.go:58.112,64.2 5 0
pinz/backend/trip-service/internal/mocks/trip_participant_repository_mock.go:67.100,70.2 2 0
pinz/backend/trip-service/internal/mocks/trip_participant_repository_mock.go:73.95,79.2 5 0
pinz/backend/trip-service/internal/mocks/trip_participant_repository_mock.go:82.104,85.2 2 0
pinz/backend/trip-service/internal/mocks/trip_participant_repository_mock.go:88.101,94.2 5 0
pinz/backend/trip-service/internal/mocks/trip_participant_repository_mock.go:97.110,100.2 2 0
pinz/backend/trip-service/internal/mocks/trip_participant_repository_mock.go:103.86,108.2 4 0
pinz/backend/trip-service/internal/mocks/trip_participant_repository_mock.go:111.103,114.2 2 0
pinz/backend/trip-service/internal/mocks/trip_participant_repository_mock.go:117.89,122.2 4 0
pinz/backend/trip-service/internal/mocks/trip_participant_repository_mock.go:125.106,128.2 2 0
pinz/backend/trip-service/internal/mocks/trip_participant_repository_mock.go:131.88,136.2 4 0
pinz/backend/trip-service/internal/mocks/trip_participant_repository_mock.go:139.105,142.2 2 0
pinz/backend/trip-service/internal/mocks/trip_repository_mock.go:32.91,36.2 3 0
pinz/backend/trip-service/internal/mocks/trip_repository_mock.go:39.89,41.2 1 0
pinz/backend/trip-service/internal/mocks/trip_repository_mock.go:44.68,49.2 4 0
pinz/backend/trip-service/internal/mocks/trip_repository_mock.go:52.79,55.2 2 0
pinz/backend/trip-service/internal/mocks/trip_repository_mock.go:58.63,63.2 4 0
pinz/backend/trip-service/internal/mocks/trip_repository_mock.go:66.80,69.2 2 0
pinz/backend/trip-service/internal/mocks/trip_repository_mock.go:72.80,78.2 5 0
pinz/backend/trip-service/internal/mocks/trip_repository_mock.go:81.81,84.2 2 0
pinz/backend/trip-service/internal/mocks/trip_repository_mock.go:87.112,93.2 5 0
pinz/backend/trip-service/internal/mocks/trip_repository_mock.go:96.105,99.2 2 0
pinz/backend/trip-service/internal/mocks/trip_repository_mock.go:102.150,108.2 5 0
pinz/backend/trip-service/internal/mocks/trip_repository_mock.go:111.131,114.2 2 0
pinz/backend/trip-service/internal/mocks/trip_repository_mock.go:117.75,122.2 4 0
pinz/backend/trip-service/internal/mocks/trip_repository_mock.go:125.92,128.2 2 0
pinz/backend/trip-service/internal/mocks/trip_repository_mock.go:131.78,136.2 4 0
pinz/backend/trip-service/internal/mocks/trip_repository_mock.go:139.95,142.2 2 0
pinz/backend/trip-service/internal/mocks/trip_repository_mock.go:145.68,150.2 4 0
pinz/backend/trip-service/internal/mocks/trip_repository_mock.go:153.79,156.2 2 0
pinz/backend/trip-service/internal/mocks/trip_settings_repository_mock.go:31.107,35.2 3 0
pinz/backend/trip-service/internal/mocks/trip_settings_repository_mock.go:38.105,40.2 1 0
pinz/backend/trip-service/internal/mocks/trip_settings_repository_mock.go:43.98,48.2 4 0
pinz/backend/trip-service/internal/mocks/trip_settings_repository_mock.go:51.115,54.2 2 0
pinz/backend/trip-service/internal/mocks/trip_settings_repository_mock.go:57.110,62.2 4 0
pinz/backend/trip-service/internal/mocks/trip_settings_repository_mock.go:65.122,68.2 2 0
pinz/backend/trip-service/internal/testinfra/docker_skip.go:7.46,8.16 1 0
pinz/backend/trip-service/internal/testinfra/docker_skip.go:8.16,10.3 1 0
pinz/backend/trip-service/internal/testinfra/docker_skip.go:11.2,17.84 3 0
pinz/backend/trip-service/internal/testinfra/postgis.go:20.42,22.2 1 0
pinz/backend/trip-service/internal/testinfra/postgis.go:24.83,27.18 3 0
pinz/backend/trip-service/internal/testinfra/postgis.go:27.18,29.3 1 0
pinz/backend/trip-service/internal/testinfra/postgis.go:31.2,37.16 2 0
pinz/backend/trip-service/internal/testinfra/postgis.go:37.16,39.3 1 0
pinz/backend/trip-service/internal/testinfra/postgis.go:41.2,42.16 2 0
pinz/backend/trip-service/internal/testinfra/postgis.go:42.16,45.3 2 0
pinz/backend/trip-service/internal/testinfra/postgis.go:46.2,47.16 2 0
pinz/backend/trip-service/internal/testinfra/postgis.go:47.16,50.3 2 0
pinz/backend/trip-service/internal/testinfra/postgis.go:52.2,59.8 1 0
pinz/backend/trip-service/internal/testinfra/testenv.go:10.55,12.61 2 0
pinz/backend/trip-service/internal/testinfra/testenv.go:12.61,14.3 1 0
pinz/backend/trip-service/internal/testinfra/testenv.go:16.2,22.27 3 0
pinz/backend/trip-service/internal/testinfra/testenv.go:22.27,29.3 2 0
pinz/backend/trip-service/internal/testinfra/testenv.go:30.2,30.19 1 0
pinz/backend/trip-service/internal/testinfra/testenv.go:30.19,31.27 1 0
pinz/backend/trip-service/internal/testinfra/testenv.go:31.27,32.13 1 0
pinz/backend/trip-service/internal/testinfra/testenv.go:32.13,34.5 1 0
pinz/backend/trip-service/internal/testinfra/testenv.go:34.10,36.5 1 0
pinz/backend/trip-service/internal/testinfra/testenv.go:40.2,43.9 4 0
pinz/backend/trip-service/internal/testinfra/testenv.go:43.9,44.16 1 0
pinz/backend/trip-service/internal/testinfra/testenv.go:44.16,45.32 1 0
pinz/backend/trip-service/internal/testinfra/testenv.go:45.32,47.5 1 0
pinz/backend/trip-service/internal/testinfra/testenv.go:49.3,49.49 1 0
pinz/backend/trip-service/internal/testinfra/testenv.go:51.2,51.16 1 0
pinz/backend/trip-service/internal/testinfra/testenv.go:51.16,52.35 1 0
pinz/backend/trip-service/internal/testinfra/testenv.go:52.35,54.4 1 0
pinz/backend/trip-service/internal/testinfra/testenv.go:55.3,55.37 1 0
pinz/backend/trip-service/internal/testinfra/testenv.go:57.2,57.19 1 0
pinz/backend/trip-service/internal/testinfra/testenv.go:57.19,57.54 1 0
pinz/backend/trip-service/internal/testinfra/testenv.go:59.2,65.11 6 0
pinz/backend/trip-service/pkg/proto/trip.pb.go:47.24,52.2 4 0
pinz/backend/trip-service/pkg/proto/trip.pb.go:54.32,56.2 1 0
pinz/backend/trip-service/pkg/proto/trip.pb.go:58.30,58.31 0 0
pinz/backend/trip-service/pkg/proto/trip.pb.go:60.52,62.14 2 0
pinz/backend/trip-service/pkg/proto/trip.pb.go:62.14,64.34 2 0
pinz/backend/trip-service/pkg/proto/trip.pb.go:64.34,66.4 1 0
pinz/backend/trip-service/pkg/proto/trip.pb.go:67.3,67.12 1 0
pinz/backend/trip-service/pkg/proto/trip.pb.go:69.2,69.24 1 0
pinz/backend/trip-service/pkg/proto/trip.pb.go:73.43,75.2 1 0
pinz/backend/trip-service/pkg/proto/trip.pb.go:77.31,78.14 1 0
pinz/backend/trip-service/pkg/proto/trip.pb.go:78.14,80.3 1 0
pinz/backend/trip-service/pkg/proto/trip.pb.go:81.2,81.11 1 0
pinz/backend/trip-service/pkg/proto/trip.pb.go:84.40,85.14 1 0
pinz/backend/trip-service/pkg/proto/trip.pb.go:85.14,87.3 1 0
pinz/backend/trip-service/pkg/proto/trip.pb.go:88.2,88.11 1 0
pinz/backend/trip-service/pkg/proto/trip.pb.go:91.33,92.14 1 0
pinz/backend/trip-service/pkg/proto/trip.pb.go:92.14,94.3 1 0
pinz/backend/trip-service/pkg/proto/trip.pb.go:95.2,95.11 1 0
pinz/backend/trip-service/pkg/proto/trip.pb.go:98.40,99.14 1 0
pinz/backend/trip-service/pkg/proto/trip.pb.go:99.14,101.3 1 0
pinz/backend/trip-service/pkg/proto/trip.pb.go:102.2,102.11 1 0
pinz/backend/trip-service/pkg/proto/trip.pb.go:105.37,106.14 1 0
pinz/backend/trip-service/pkg/proto/trip.pb.go:106.14,108.3 1 0
pinz/backend/trip-service/pkg/proto/trip.pb.go:109.2,109.11 1 0
pinz/backend/trip-service/pkg/proto/trip.pb.go:112.35,113.14 1 0
pinz/backend/trip-service/pkg/proto/trip.pb.go:113.14,115.3 1 0
pinz/backend/trip-service/pkg/proto/trip.pb.go:116.2,116.11 1 0
pinz/backend/trip-service/pkg/proto/trip.pb.go:119.35,120.14 1 0
pinz/backend/trip-service/pkg/proto/trip.pb.go:120.14,122.3 1 0
pinz/backend/trip-service/pkg/proto/trip.pb.go:123.2,123.11 1 0
pinz/backend/trip-service/pkg/proto/trip.pb.go:126.41,127.14 1 0
pinz/backend/trip-service/pkg/proto/trip.pb.go:127.14,129.3 1 0
pinz/backend/trip-service/pkg/proto/trip.pb.go:130.2,130.11 1 0
pinz/backend/trip-service/pkg/proto/trip.pb.go:133.41,134.14 1 0
pinz/backend/trip-service/pkg/proto/trip.pb.go:134.14,136.3 1 0
pinz/backend/trip-service/pkg/proto/trip.pb.go:137.2,137.10 1 0
pinz/backend/trip-service/pkg/proto/trip.pb.go:140.39,141.14 1 0
pinz/backend/trip-service/pkg/proto/trip.pb.go:141.14,143.3 1 0
pinz/backend/trip-service/pkg/proto/trip.pb.go:144.2,144.10 1 0
pinz/backend/trip-service/pkg/proto/trip.pb.go:147.38,148.14 1 0
pinz/backend/trip-service/pkg/proto/trip.pb.go:148.14,150.3 1 0
pinz/backend/trip-service/pkg/proto/trip.pb.go:151.2,151.10 1 0
pinz/backend/trip-service/pkg/proto/trip.pb.go:154.41,155.14 1 0
pinz/backend/trip-service/pkg/proto/trip.pb.go:155.14,157.3 1 0
pinz/backend/trip-service/pkg/proto/trip.pb.go:158.2,158.10 1 0
pinz/backend/trip-service/pkg/proto/trip.pb.go:161.37,162.14 1 0
pinz/backend/trip-service/pkg/proto/trip.pb.go:162.14,164.3 1 0
pinz/backend/trip-service/pkg/proto/trip.pb.go:165.2,165.11 1 0
pinz/backend/trip-service/pkg/proto/trip.pb.go:168.38,169.14 1 0
pinz/backend/trip-service/pkg/proto/trip.pb.go:169.14,171.3 1 0
pinz/backend/trip-service/pkg/proto/trip.pb.go:172.2,172.14 1 0
pinz/backend/trip-service/pkg/proto/trip.pb.go:175.38,176.14 1 0
pinz/backend/trip-service/pkg/proto/trip.pb.go:176.14,178.3 1 0
pinz/backend/trip-service/pkg/proto/trip.pb.go:179.2,179.14 1 0
pinz/backend/trip-service/pkg/proto/trip.pb.go:182.41,183.14 1 0
pinz/backend/trip-service/pkg/proto/trip.pb.go:183.14,185.3 1 0
pinz/backend/trip-service/pkg/proto/trip.pb.go:186.2,186.10 1 0
pinz/backend/trip-service/pkg/proto/trip.pb.go:189.41,190.14 1 0
pinz/backend/trip-service/pkg/proto/trip.pb.go:190.14,192.3 1 0
pinz/backend/trip-service/pkg/proto/trip.pb.go:193.2,193.10 1 0
pinz/backend/trip-service/pkg/proto/trip.pb.go:209.37,214.2 4 0
pinz/backend/trip-service/pkg/proto/trip.pb.go:216.45,218.2 1 0
pinz/backend/trip-service/pkg/proto/trip.pb.go:220.43,220.44 0 0
pinz/backend/trip-service/pkg/proto/trip.pb.go:222.65,224.14 2 0
pinz/backend/trip-service/pkg/proto/trip.pb.go:224.14,226.34 2 0
pinz/backend/trip-service/pkg/proto/trip.pb.go:226.34,228.4 1 0
pinz/backend/trip-service/pkg/proto/trip.pb.go:229.3,229.12 1 0
pinz/backend/trip-service/pkg/proto/trip.pb.go:231.2,231.24 1 0
pinz/backend/trip-service/pkg/proto/trip.pb.go:235.56,237.2 1 0
pinz/backend/trip-service/pkg/proto/trip.pb.go:239.53,240.14 1 0
pinz/backend/trip-service/pkg/proto/trip.pb.go:240.14,242.3 1 0
pinz/backend/trip-service/pkg/proto/trip.pb.go:243.2,243.11 1 0
pinz/backend/trip-service/pkg/proto/trip.pb.go:246.46,247.14 1 0
pinz/backend/trip-service/pkg/proto/trip.pb.go:247.14,249.3 1 0
pinz/backend/trip-service/pkg/proto/trip.pb.go:250.2,250.11 1 0
pinz/backend/trip-service/pkg/proto/trip.pb.go:253.53,254.14 1 0
pinz/backend/trip-service/pkg/proto/trip.pb.go:254.14,256.3 1 0
pinz/backend/trip-service/pkg/proto/trip.pb.go:257.2,257.11 1 0
pinz/backend/trip-service/pkg/proto/trip.pb.go:260.50,261.14 1 0
pinz/backend/trip-service/pkg/proto/trip.pb.go:261.14,263.3 1 0
pinz/backend/trip-service/pkg/proto/trip.pb.go:264.2,264.11 1 0
pinz/backend/trip-service/pkg/proto/trip.pb.go:267.48,268.14 1 0
pinz/backend/trip-service/pkg/proto/trip.pb.go:268.14,270.3 1 0
pinz/backend/trip-service/pkg/proto/trip.pb.go:271.2,271.11 1 0
pinz/backend/trip-service/pkg/proto/trip.pb.go:274.54,275.14 1 0
pinz/backend/trip-service/pkg/proto/trip.pb.go:275.14,277.3 1 0
pinz/backend/trip-service/pkg/proto/trip.pb.go:278.2,278.11 1 0
pinz/backend/trip-service/pkg/proto/trip.pb.go:281.64,282.14 1 0
pinz/backend/trip-service/pkg/proto/trip.pb.go:282.14,284.3 1 0
pinz/backend/trip-service/pkg/proto/trip.pb.go:285.2,285.12 1 0
pinz/backend/trip-service/pkg/proto/trip.pb.go:296.32,301.2 4 0
pinz/backend/trip-service/pkg/proto/trip.pb.go:303.40,305.2 1 0
pinz/backend/trip-service/pkg/proto/trip.pb.go:307.38,307.39 0 0
pinz/backend/trip-service/pkg/proto/trip.pb.go:309.60,311.14 2 0
pinz/backend/trip-service/pkg/proto/trip.pb.go:311.14,313.34 2 0
pinz/backend/trip-service/pkg/proto/trip.pb.go:313.34,315.4 1 0
pinz/backend/trip-service/pkg/proto/trip.pb.go:316.3,316.12 1 0
pinz/backend/trip-service/pkg/proto/trip.pb.go:318.2,318.24 1 0
pinz/backend/trip-service/pkg/proto/trip.pb.go:322.51,324.2 1 0
pinz/backend/trip-service/pkg/proto/trip.pb.go:326.45,327.14 1 0
pinz/backend/trip-service/pkg/proto/trip.pb.go:327.14,329.3 1 0
pinz/backend/trip-service/pkg/proto/trip.pb.go:330.2,330.11 1 0
pinz/backend/trip-service/pkg/proto/trip.pb.go:333.48,334.14 1 0
pinz/backend/trip-service/pkg/proto/trip.pb.go:334.14,336.3 1 0
pinz/backend/trip-service/pkg/proto/trip.pb.go:337.2,337.11 1 0
pinz/backend/trip-service/pkg/proto/trip.pb.go:349.38,354.2 4 0
pinz/backend/trip-service/pkg/proto/trip.pb.go:356.46,358.2 1 0
pinz/backend/trip-service/pkg/proto/trip.pb.go:360.44,360.45 0 0
pinz/backend/trip-service/pkg/proto/trip.pb.go:362.66,364.14 2 0
pinz/backend/trip-service/pkg/proto/trip.pb.go:364.14,366.34 2 0
pinz/backend/trip-service/pkg/proto/trip.pb.go:366.34,368.4 1 0
pinz/backend/trip-service/pkg/proto/trip.pb.go:369.3,369.12 1 0
pinz/backend/trip-service/pkg/proto/trip.pb.go:371.2,371.24 1 0
pinz/backend/trip-service/pkg/proto/trip.pb.go:375.57,377.2 1 0
pinz/backend/trip-service/pkg/proto/trip.pb.go:379.49,380.14 1 0
pinz/backend/trip-service/pkg/proto/trip.pb.go:380.14,382.3 1 0
pinz/backend/trip-service/pkg/proto/trip.pb.go:383.2,383.11 1 0
pinz/backend/trip-service/pkg/proto/trip.pb.go:386.49,387.14 1 0
pinz/backend/trip-service/pkg/proto/trip.pb.go:387.14,389.3 1 0
pinz/backend/trip-service/pkg/proto/trip.pb.go:390.2,390.11 1 0
pinz/backend/trip-service/pkg/proto/trip.pb.go:393.59,394.14 1 0
pinz/backend/trip-service/pkg/proto/trip.pb.go:394.14,396.3 1 0
pinz/backend/trip-service/pkg/proto/trip.pb.go:397.2,397.12 1 0
pinz/backend/trip-service/pkg/proto/trip.pb.go:409.29,414.2 4 0
pinz/backend/trip-service/pkg/proto/trip.pb.go:416.37,418.2 1 0
pinz/backend/trip-service/pkg/proto/trip.pb.go:420.35,420.36 0 0
pinz/backend/trip-service/pkg/proto/trip.pb.go:422.57,424.14 2 0
pinz/backend/trip-service/pkg/proto/trip.pb.go:424.14,426.34 2 0
pinz/backend/trip-service/pkg/proto/trip.pb.go:426.34,428.4 1 0
pinz/backend/trip-service/pkg/proto/trip.pb.go:429.3,429.12 1 0
pinz/backend/trip-service/pkg/proto/trip.pb.go:431.2,431.24 1 0
pinz/backend/trip-service/pkg/proto/trip.pb.go:435.48,437.2 1 0
pinz/backend/trip-service/pkg/proto/trip.pb.go:439.42,440.14 1 0
pinz/backend/trip-service/pkg/proto/trip.pb.go:440.14,442.3 1 0
pinz/backend/trip-service/pkg/proto/trip.pb.go:443.2,443.11 1 0
pinz/backend/trip-service/pkg/proto/trip.pb.go:446.39,447.14 1 0
pinz/backend/trip-service/pkg/proto/trip.pb.go:447.14,449.3 1 0
pinz/backend/trip-service/pkg/proto/trip.pb.go:450.2,450.11 1 0
pinz/backend/trip-service/pkg/proto/trip.pb.go:453.37,454.14 1 0
pinz/backend/trip-service/pkg/proto/trip.pb.go:454.14,456.3 1 0
pinz/backend/trip-service/pkg/proto/trip.pb.go:457.2,457.11 1 0
pinz/backend/trip-service/pkg/proto/trip.pb.go:468.34,473.2 4 0
pinz/backend/trip-service/pkg/proto/trip.pb.go:475.42,477.2 1 0
pinz/backend/trip-service/pkg/proto/trip.pb.go:479.40,479.41 0 0
pinz/backend/trip-service/pkg/proto/trip.pb.go:481.62,483.14 2 0
pinz/backend/trip-service/pkg/proto/trip.pb.go:483.14,485.34 2 0
pinz/backend/trip-service/pkg/proto/trip.pb.go:485.34,487.4 1 0
pinz/backend/trip-service/pkg/proto/trip.pb.go:488.3,488.12 1 0
pinz/backend/trip-service/pkg/proto/trip.pb.go:490.2,490.24 1 0
pinz/backend/trip-service/pkg/proto/trip.pb.go:494.53,496.2 1 0
pinz/backend/trip-service/pkg/proto/trip.pb.go:498.45,499.14 1 0
pinz/backend/trip-service/pkg/proto/trip.pb.go:499.14,501.3 1 0
pinz/backend/trip-service/pkg/proto/trip.pb.go:502.2,502.11 1 0
pinz/backend/trip-service/pkg/proto/trip.pb.go:505.45,506.14 1 0
pinz/backend/trip-service/pkg/proto/trip.pb.go:506.14,508.3 1 0
pinz/backend/trip-service/pkg/proto/trip.pb.go:509.2,509.11 1 0
pinz/backend/trip-service/pkg/proto/trip.pb.go:530.27,535.2 4 0
pinz/backend/trip-service/pkg/proto/trip.pb.go:537.35,539.2 1 0
pinz/backend/trip-service/pkg/proto/trip.pb.go:541.33,541.34 0 0
pinz/backend/trip-service/pkg/proto/trip.pb.go:543.55,545.14 2 0
pinz/backend/trip-service/pkg/proto/trip.pb.go:545.14,547.34 2 0
pinz/backend/trip-service/pkg/proto/trip.pb.go:547.34,549.4 1 0
pinz/backend/trip-service/pkg/proto/trip.pb.go:550.3,550.12 1 0
pinz/backend/trip-service/pkg/proto/trip.pb.go:552.2,552.24 1 0
pinz/backend/trip-service/pkg/proto/trip.pb.go:556.46,558.2 1 0
pinz/backend/trip-service/pkg/proto/trip.pb.go:560.34,561.14 1 0
pinz/backend/trip-service/pkg/proto/trip.pb.go:561.14,563.3 1 0
pinz/backend/trip-service/pkg/proto/trip.pb.go:564.2,564.11 1 0
pinz/backend/trip-service/pkg/proto/trip.pb.go:567.36,568.14 1 0
pinz/backend/trip-service/pkg/proto/trip.pb.go:568.14,570.3 1 0
pinz/backend/trip-service/pkg/proto/trip.pb.go:571.2,571.11 1 0
pinz/backend/trip-service/pkg/proto/trip.pb.go:574.43,575.14 1 0
pinz/backend/trip-service/pkg/proto/trip.pb.go:575.14,577.3 1 0
pinz/backend/trip-service/pkg/proto/trip.pb.go:578.2,578.11 1 0
pinz/backend/trip-service/pkg/proto/trip.pb.go:581.40,582.14 1 0
pinz/backend/trip-service/pkg/proto/trip.pb.go:582.14,584.3 1 0
pinz/backend/trip-service/pkg/proto/trip.pb.go:585.2,585.11 1 0
pinz/backend/trip-service/pkg/proto/trip.pb.go:588.41,589.35 1 0
pinz/backend/trip-service/pkg/proto/trip.pb.go:589.35,591.3 1 0
pinz/backend/trip-service/pkg/proto/trip.pb.go:592.2,592.10 1 0
pinz/backend/trip-service/pkg/proto/trip.pb.go:595.42,596.36 1 0
pinz/backend/trip-service/pkg/proto/trip.pb.go:596.36,598.3 1 0
pinz/backend/trip-service/pkg/proto/trip.pb.go:599.2,599.10 1 0
pinz/backend/trip-service/pkg/proto/trip.pb.go:602.44,603.14 1 0
pinz/backend/trip-service/pkg/proto/trip.pb.go:603.14,605.3 1 0
pinz/backend/trip-service/pkg/proto/trip.pb.go:606.2,606.10 1 0
pinz/backend/trip-service/pkg/proto/trip.pb.go:609.42,610.14 1 0
pinz/backend/trip-service/pkg/proto/trip.pb.go:610.14,612.3 1 0
pinz/backend/trip-service/pkg/proto/trip.pb.go:613.2,613.10 1 0
pinz/backend/trip-service/pkg/proto/trip.pb.go:616.44,617.14 1 0
pinz/backend/trip-service/pkg/proto/trip.pb.go:617.14,619.3 1 0
pinz/backend/trip-service/pkg/proto/trip.pb.go:620.2,620.11 1 0
pinz/backend/trip-service/pkg/proto/trip.pb.go:623.38,624.14 1 0
pinz/backend/trip-service/pkg/proto/trip.pb.go:624.14,626.3 1 0
pinz/backend/trip-service/pkg/proto/trip.pb.go:627.2,627.12 1 0
pinz/backend/trip-service/pkg/proto/trip.pb.go:630.46,631.14 1 0
pinz/backend/trip-service/pkg/proto/trip.pb.go:631.14,633.3 1 0
pinz/backend/trip-service/pkg/proto/trip.pb.go:634.2,634.12 1 0
pinz/backend/trip-service/pkg/proto/trip.pb.go:648.32,653.2 4 0
pinz/backend/trip-service/pkg/proto/trip.pb.go:655.40,657.2 1 0
pinz/backend/trip-service/pkg/proto/trip.pb.go:659.38,659.39 0 0
pinz/backend/trip-service/pkg/proto/trip.pb.go:661.60,663.14 2 0
pinz/backend/trip-service/pkg/proto/trip.pb.go:663.14,665.34 2 0
pinz/backend/trip-service/pkg/proto/trip.pb.go:665.34,667.4 1 0
pinz/backend/trip-service/pkg/proto/trip.pb.go:668.3,668.12 1 0
pinz/backend/trip-service/pkg/proto/trip.pb.go:670.2,670.24 1 0
pinz/backend/trip-service/pkg/proto/trip.pb.go:674.51,676.2 1 0
pinz/backend/trip-service/pkg/proto/trip.pb.go:678.44,679.14 1 0
pinz/backend/trip-service/pkg/proto/trip.pb.go:679.14,681.3 1 0
pinz/backend/trip-service/pkg/proto/trip.pb.go:682.2,682.11 1 0
pinz/backend/trip-service/pkg/proto/trip.pb.go:685.40,686.14 1 0
pinz/backend/trip-service/pkg/proto/trip.pb.go:686.14,688.3 1 0
pinz/backend/trip-service/pkg/proto/trip.pb.go:689.2,689.11 1 0
pinz/backend/trip-service/pkg/proto/trip.pb.go:692.46,693.14 1 0
pinz/backend/trip-service/pkg/proto/trip.pb.go:693.14,695.3 1 0
pinz/backend/trip-service/pkg/proto/trip.pb.go:696.2,696.11 1 0
pinz/backend/trip-service/pkg/proto/trip.pb.go:699.50,700.14 1 0
pinz/backend/trip-service/pkg/proto/trip.pb.go:700.14,702.3 1 0
pinz/backend/trip-service/pkg/proto/trip.pb.go:703.2,703.10 1 0
pinz/backend/trip-service/pkg/proto/trip.pb.go:706.49,707.14 1 0
pinz/backend/trip-service/pkg/proto/trip.pb.go:707.14,709.3 1 0
pinz/backend/trip-service/pkg/proto/trip.pb.go:710.2,710.11 1 0
pinz/backend/trip-service/pkg/proto/trip.pb.go:721.35,726.2 4 0
pinz/backend/trip-service/pkg/proto/trip.pb.go:728.43,730.2 1 0
pinz/backend/trip-service/pkg/proto/trip.pb.go:732.41,732.42 0 0
pinz/backend/trip-service/pkg/proto/trip.pb.go:734.63,736.14 2 0
pinz/backend/trip-service/pkg/proto/trip.pb.go:736.14,738.34 2 0
pinz/backend/trip-service/pkg/proto/trip.pb.go:738.34,740.4 1 0
pinz/backend/trip-service/pkg/proto/trip.pb.go:741.3,741.12 1 0
pinz/backend/trip-service/pkg/proto/trip.pb.go:743.2,743.24 1 0
pinz/backend/trip-service/pkg/proto/trip.pb.go:747.54,749.2 1 0
pinz/backend/trip-service/pkg/proto/trip.pb.go:751.43,752.14 1 0
pinz/backend/trip-service/pkg/proto/trip.pb.go:752.14,754.3 1 0
pinz/backend/trip-service/pkg/proto/trip.pb.go:755.2,755.12 1 0
pinz/backend/trip-service/pkg/proto/trip.pb.go:758.48,759.14 1 0
pinz/backend/trip-service/pkg/proto/trip.pb.go:759.14,761.3 1 0
pinz/backend/trip-service/pkg/proto/trip.pb.go:762.2,762.12 1 0
pinz/backend/trip-service/pkg/proto/trip.pb.go:774.40,779.2 4 0
pinz/backend/trip-service/pkg/proto/trip.pb.go:781.48,783.2 1 0
pinz/backend/trip-service/pkg/proto/trip.pb.go:785.46,785.47 0 0
pinz/backend/trip-service/pkg/proto/trip.pb.go:787.68,789.14 2 0
pinz/backend/trip-service/pkg/proto/trip.pb.go:789.14,791.34 2 0
pinz/backend/trip-service/pkg/proto/trip.pb.go:791.34,793.4 1 0
pinz/backend/trip-service/pkg/proto/trip.pb.go:794.3,794.12 1 0
pinz/backend/trip-service/pkg/proto/trip.pb.go:796.2,796.24 1 0
pinz/backend/trip-service/pkg/proto/trip.pb.go:800.59,802.2 1 0
pinz/backend/trip-service/pkg/proto/trip.pb.go:804.51,805.14 1 0
pinz/backend/trip-service/pkg/proto/trip.pb.go:805.14,807.3 1 0
pinz/backend/trip-service/pkg/proto/trip.pb.go:808.2,808.11 1 0
pinz/backend/trip-service/pkg/proto/trip.pb.go:811.49,812.14 1 0
pinz/backend/trip-service/pkg/proto/trip.pb.go:812.14,814.3 1 0
pinz/backend/trip-service/pkg/proto/trip.pb.go:815.2,815.10 1 0
pinz/backend/trip-service/pkg/proto/trip.pb.go:818.50,819.14 1 0
pinz/backend/trip-service/pkg/proto/trip.pb.go:819.14,821.3 1 0
pinz/backend/trip-service/pkg/proto/trip.pb.go:822.2,822.10 1 0
pinz/backend/trip-service/pkg/proto/trip.pb.go:832.41,837.2 4 0
pinz/backend/trip-service/pkg/proto/trip.pb.go:839.49,841.2 1 0
pinz/backend/trip-service/pkg/proto/trip.pb.go:843.47,843.48 0 0
pinz/backend/trip-service/pkg/proto/trip.pb.go:845.69,847.14 2 0
pinz/backend/trip-service/pkg/proto/trip.pb.go:847.14,849.34 2 0
pinz/backend/trip-service/pkg/proto/trip.pb.go:849.34,851.4 1 0
pinz/backend/trip-service/pkg/proto/trip.pb.go:852.3,852.12 1 0
pinz/backend/trip-service/pkg/proto/trip.pb.go:854.2,854.24 1 0
pinz/backend/trip-service/pkg/proto/trip.pb.go:858.60,860.2 1 0
pinz/backend/trip-service/pkg/proto/trip.pb.go:862.52,863.14 1 0
pinz/backend/trip-service/pkg/proto/trip.pb.go:863.14,865.3 1 0
pinz/backend/trip-service/pkg/proto/trip.pb.go:866.2,866.12 1 0
pinz/backend/trip-service/pkg/proto/trip.pb.go:885.37,890.2 4 0
pinz/backend/trip-service/pkg/proto/trip.pb.go:892.45,894.2 1 0
pinz/backend/trip-service/pkg/proto/trip.pb.go:896.43,896.44 0 0
pinz/backend/trip-service/pkg/proto/trip.pb.go:898.65,900.14 2 0
pinz/backend/trip-service/pkg/proto/trip.pb.go:900.14,902.34 2 0
pinz/backend/trip-service/pkg/proto/trip.pb.go:902.34,904.4 1 0
pinz/backend/trip-service/pkg/proto/trip.pb.go:905.3,905.12 1 0
pinz/backend/trip-service/pkg/proto/trip.pb.go:907.2,907.24 1 0
pinz/backend/trip-service/pkg/proto/trip.pb.go:911.56,913.2 1 0
pinz/backend/trip-service/pkg/proto/trip.pb.go:915.48,916.14 1 0
pinz/backend/trip-service/pkg/proto/trip.pb.go:916.14,918.3 1 0
pinz/backend/trip-service/pkg/proto/trip.pb.go:919.2,919.11 1 0
pinz/backend/trip-service/pkg/proto/trip.pb.go:922.48,923.14 1 0
pinz/backend/trip-service/pkg/proto/trip.pb.go:923.14,925.3 1 0
pinz/backend/trip-service/pkg/proto/trip.pb.go:926.2,926.11 1 0
pinz/backend/trip-service/pkg/proto/trip.pb.go:929.46,930.31 1 0
pinz/backend/trip-service/pkg/proto/trip.pb.go:930.31,932.3 1 0
pinz/backend/trip-service/pkg/proto/trip.pb.go:933.2,933.11 1 0
pinz/backend/trip-service/pkg/proto/trip.pb.go:936.53,937.38 1 0
pinz/backend/trip-service/pkg/proto/trip.pb.go:937.38,939.3 1 0
pinz/backend/trip-service/pkg/proto/trip.pb.go:940.2,940.11 1 0
pinz/backend/trip-service/pkg/proto/trip.pb.go:943.50,944.35 1 0
pinz/backend/trip-service/pkg/proto/trip.pb.go:944.35,946.3 1 0
pinz/backend/trip-service/pkg/proto/trip.pb.go:947.2,947.11 1 0
pinz/backend/trip-service/pkg/proto/trip.pb.go:950.48,951.33 1 0
pinz/backend/trip-service/pkg/proto/trip.pb.go:951.33,953.3 1 0
pinz/backend/trip-service/pkg/proto/trip.pb.go:954.2,954.11 1 0
pinz/backend/trip-service/pkg/proto/trip.pb.go:957.54,958.39 1 0
pinz/backend/trip-service/pkg/proto/trip.pb.go:958.39,960.3 1 0
pinz/backend/trip-service/pkg/proto/trip.pb.go:961.2,961.11 1 0
pinz/backend/trip-service/pkg/proto/trip.pb.go:964.54,965.40 1 0
pinz/backend/trip-service/pkg/proto/trip.pb.go:965.40,967.3 1 0
pinz/backend/trip-service/pkg/proto/trip.pb.go:968.2,968.10 1 0
pinz/backend/trip-service/pkg/proto/trip.pb.go:971.52,972.38 1 0
pinz/backend/trip-service/pkg/proto/trip.pb.go:972.38,974.3 1 0
pinz/backend/trip-service/pkg/proto/trip.pb.go:975.2,975.10 1 0
pinz/backend/trip-service/pkg/proto/trip.pb.go:978.50,979.35 1 0
pinz/backend/trip-service/pkg/proto/trip.pb.go:979.35,981.3 1 0
pinz/backend/trip-service/pkg/proto/trip.pb.go:982.2,982.11 1 0
pinz/backend/trip-service/pkg/proto/trip.pb.go:992.38,997.2 4 0
pinz/backend/trip-service/pkg/proto/trip.pb.go:999.46,1001.2 1 0
pinz/backend/trip-service/pkg/proto/trip.pb.go:1003.44,1003.45 0 0
pinz/backend/trip-service/pkg/proto/trip.pb.go:1005.66,1007.14 2 0
pinz/backend/trip-service/pkg/proto/trip.pb.go:1007.14,1009.34 2 0
pinz/backend/trip-service/pkg/proto/trip.pb.go:1009.34,1011.4 1 0
pinz/backend/trip-service/pkg/proto/trip.pb.go:1012.3,1012.12 1 0
pinz/backend/trip-service/pkg/proto/trip.pb.go:1014.2,1014.24 1 0
pinz/backend/trip-service/pkg/proto/trip.pb.go:1018.57,1020.2 1 0
pinz/backend/trip-service/pkg/proto/trip.pb.go:1022.46,1023.14 1 0
pinz/backend/trip-service/pkg/proto/trip.pb.go:1023.14,1025.3 1 0
pinz/backend/trip-service/pkg/proto/trip.pb.go:1026.2,1026.12 1 0
pinz/backend/trip-service/pkg/proto/trip.pb.go:1037.37,1042.2 4 0
pinz/backend/trip-service/pkg/proto/trip.pb.go:1044.45,1046.2 1 0
pinz/backend/trip-service/pkg/proto/trip.pb.go:1048.43,1048.44 0 0
pinz/backend/trip-service/pkg/proto/trip.pb.go:1050.65,1052.14 2 0
pinz/backend/trip-service/pkg/proto/trip.pb.go:1052.14,1054.34 2 0
pinz/backend/trip-service/pkg/proto/trip.pb.go:1054.34,1056.4 1 0
pinz/backend/trip-service/pkg/proto/trip.pb.go:1057.3,1057.12 1 0
pinz/backend/trip-service/pkg/proto/trip.pb.go:1059.2,1059.24 1 0
pinz/backend/trip-service/pkg/proto/trip.pb.go:1063.56,1065.2 1 0
pinz/backend/trip-service/pkg/proto/trip.pb.go:1067.48,1068.14 1 0
pinz/backend/trip-service/pkg/proto/trip.pb.go:1068.14,1070.3 1 0
pinz/backend/trip-service/pkg/proto/trip.pb.go:1071.2,1071.11 1 0
pinz/backend/trip-service/pkg/proto/trip.pb.go:1074.48,1075.14 1 0
pinz/backend/trip-service/pkg/proto/trip.pb.go:1075.14,1077.3 1 0
pinz/backend/trip-service/pkg/proto/trip.pb.go:1078.2,1078.11 1 0
pinz/backend/trip-service/pkg/proto/trip.pb.go:1088.38,1093.2 4 0
pinz/backend/trip-service/pkg/proto/trip.pb.go:1095.46,1097.2 1 0
pinz/backend/trip-service/pkg/proto/trip.pb.go:1099.44,1099.45 0 0
pinz/backend/trip-service/pkg/proto/trip.pb.go:1101.66,1103.14 2 0
pinz/backend/trip-service/pkg/proto/trip.pb.go:1103.14,1105.34 2 0
pinz/backend/trip-service/pkg/proto/trip.pb.go:1105.34,1107.4 1 0
pinz/backend/trip-service/pkg/proto/trip.pb.go:1108.3,1108.12 1 0
pinz/backend/trip-service/pkg/proto/trip.pb.go:1110.2,1110.24 1 0
pinz/backend/trip-service/pkg/proto/trip.pb.go:1114.57,1116.2 1 0
pinz/backend/trip-service/pkg/proto/trip.pb.go:1118.48,1119.14 1 0
pinz/backend/trip-service/pkg/proto/trip.pb.go:1119.14,1121.3 1 0
pinz/backend/trip-service/pkg/proto/trip.pb.go:1122.2,1122.14 1 0
pinz/backend/trip-service/pkg/proto/trip.pb.go:1136.38,1141.2 4 0
pinz/backend/trip-service/pkg/proto/trip.pb.go:1143.46,1145.2 1 0
pinz/backend/trip-service/pkg/proto/trip.pb.go:1147.44,1147.45 0 0
pinz/backend/trip-service/pkg/proto/trip.pb.go:1149.66,1151.14 2 0
pinz/backend/trip-service/pkg/proto/trip.pb.go:1151.14,1153.34 2 0
pinz/backend/trip-service/pkg/proto/trip.pb.go:1153.34,1155.4 1 0
pinz/backend/trip-service/pkg/proto/trip.pb.go:1156.3,1156.12 1 0
pinz/backend/trip-service/pkg/proto/trip.pb.go:1158.2,1158.24 1 0
pinz/backend/trip-service/pkg/proto/trip.pb.go:1162.57,1164.2 1 0
pinz/backend/trip-service/pkg/proto/trip.pb.go:1166.49,1167.14 1 0
pinz/backend/trip-service/pkg/proto/trip.pb.go:1167.14,1169.3 1 0
pinz/backend/trip-service/pkg/proto/trip.pb.go:1170.2,1170.11 1 0
pinz/backend/trip-service/pkg/proto/trip.pb.go:1173.53,1174.14 1 0
pinz/backend/trip-service/pkg/proto/trip.pb.go:1174.14,1176.3 1 0
pinz/backend/trip-service/pkg/proto/trip.pb.go:1177.2,1177.14 1 0
pinz/backend/trip-service/pkg/proto/trip.pb.go:1180.51,1181.14 1 0
pinz/backend/trip-service/pkg/proto/trip.pb.go:1181.14,1183.3 1 0
pinz/backend/trip-service/pkg/proto/trip.pb.go:1184.2,1184.12 1 0
pinz/backend/trip-service/pkg/proto/trip.pb.go:1194.39,1199.2 4 0
pinz/backend/trip-service/pkg/proto/trip.pb.go:1201.47,1203.2 1 0
pinz/backend/trip-service/pkg/proto/trip.pb.go:1205.45,1205.46 0 0
pinz/backend/trip-service/pkg/proto/trip.pb.go:1207.67,1209.14 2 0
pinz/backend/trip-service/pkg/proto/trip.pb.go:1209.14,1211.34 2 0
pinz/backend/trip-service/pkg/proto/trip.pb.go:1211.34,1213.4 1 0
pinz/backend/trip-service/pkg/proto/trip.pb.go:1214.3,1214.12 1 0
pinz/backend/trip-service/pkg/proto/trip.pb.go:1216.2,1216.24 1 0
pinz/backend/trip-service/pkg/proto/trip.pb.go:1220.58,1222.2 1 0
pinz/backend/trip-service/pkg/proto/trip.pb.go:1224.47,1225.14 1 0
pinz/backend/trip-service/pkg/proto/trip.pb.go:1225.14,1227.3 1 0
pinz/backend/trip-service/pkg/proto/trip.pb.go:1228.2,1228.12 1 0
pinz/backend/trip-service/pkg/proto/trip.pb.go:1240.47,1245.2 4 0
pinz/backend/trip-service/pkg/proto/trip.pb.go:1247.55,1249.2 1 0
pinz/backend/trip-service/pkg/proto/trip.pb.go:1251.53,1251.54 0 0
pinz/backend/trip-service/pkg/proto/trip.pb.go:1253.75,1255.14 2 0
pinz/backend/trip-service/pkg/proto/trip.pb.go:1255.14,1257.34 2 0
pinz/backend/trip-service/pkg/proto/trip.pb.go:1257.34,1259.4 1 0
pinz/backend/trip-service/pkg/proto/trip.pb.go:1260.3,1260.12 1 0
pinz/backend/trip-service/pkg/proto/trip.pb.go:1262.2,1262.24 1 0
pinz/backend/trip-service/pkg/proto/trip.pb.go:1266.66,1268.2 1 0
pinz/backend/trip-service/pkg/proto/trip.pb.go:1270.58,1271.14 1 0
pinz/backend/trip-service/pkg/proto/trip.pb.go:1271.14,1273.3 1 0
pinz/backend/trip-service/pkg/proto/trip.pb.go:1274.2,1274.11 1 0
pinz/backend/trip-service/pkg/proto/trip.pb.go:1277.63,1278.14 1 0
pinz/backend/trip-service/pkg/proto/trip.pb.go:1278.14,1280.3 1 0
pinz/backend/trip-service/pkg/proto/trip.pb.go:1281.2,1281.12 1 0
pinz/backend/trip-service/pkg/proto/trip.pb.go:1295.29,1300.2 4 0
pinz/backend/trip-service/pkg/proto/trip.pb.go:1302.37,1304.2 1 0
pinz/backend/trip-service/pkg/proto/trip.pb.go:1306.35,1306.36 0 0
pinz/backend/trip-service/pkg/proto/trip.pb.go:1308.57,1310.14 2 0
pinz/backend/trip-service/pkg/proto/trip.pb.go:1310.14,1312.34 2 0
pinz/backend/trip-service/pkg/proto/trip.pb.go:1312.34,1314.4 1 0
pinz/backend/trip-service/pkg/proto/trip.pb.go:1315.3,1315.12 1 0
pinz/backend/trip-service/pkg/proto/trip.pb.go:1317.2,1317.24 1 0
pinz/backend/trip-service/pkg/proto/trip.pb.go:1321.48,1323.2 1 0
pinz/backend/trip-service/pkg/proto/trip.pb.go:1325.39,1326.14 1 0
pinz/backend/trip-service/pkg/proto/trip.pb.go:1326.14,1328.3 1 0
pinz/backend/trip-service/pkg/proto/trip.pb.go:1329.2,1329.11 1 0
pinz/backend/trip-service/pkg/proto/trip.pb.go:1332.43,1333.14 1 0
pinz/backend/trip-service/pkg/proto/trip.pb.go:1333.14,1335.3 1 0
pinz/backend/trip-service/pkg/proto/trip.pb.go:1336.2,1336.11 1 0
pinz/backend/trip-service/pkg/proto/trip.pb.go:1339.47,1340.14 1 0
pinz/backend/trip-service/pkg/proto/trip.pb.go:1340.14,1342.3 1 0
pinz/backend/trip-service/pkg/proto/trip.pb.go:1343.2,1343.10 1 0
pinz/backend/trip-service/pkg/proto/trip.pb.go:1346.43,1347.35 1 0
pinz/backend/trip-service/pkg/proto/trip.pb.go:1347.35,1349.3 1 0
pinz/backend/trip-service/pkg/proto/trip.pb.go:1350.2,1350.10 1 0
pinz/backend/trip-service/pkg/proto/trip.pb.go:1353.44,1354.36 1 0
pinz/backend/trip-service/pkg/proto/trip.pb.go:1354.36,1356.3 1 0
pinz/backend/trip-service/pkg/proto/trip.pb.go:1357.2,1357.10 1 0
pinz/backend/trip-service/pkg/proto/trip.pb.go:1369.48,1374.2 4 0
pinz/backend/trip-service/pkg/proto/trip.pb.go:1376.56,1378.2 1 0
pinz/backend/trip-service/pkg/proto/trip.pb.go:1380.54,1380.55 0 0
pinz/backend/trip-service/pkg/proto/trip.pb.go:1382.76,1384.14 2 0
pinz/backend/trip-service/pkg/proto/trip.pb.go:1384.14,1386.34 2 0
pinz/backend/trip-service/pkg/proto/trip.pb.go:1386.34,1388.4 1 0
pinz/backend/trip-service/pkg/proto/trip.pb.go:1389.3,1389.12 1 0
pinz/backend/trip-service/pkg/proto/trip.pb.go:1391.2,1391.24 1 0
pinz/backend/trip-service/pkg/proto/trip.pb.go:1395.67,1397.2 1 0
pinz/backend/trip-service/pkg/proto/trip.pb.go:1399.59,1400.14 1 0
pinz/backend/trip-service/pkg/proto/trip.pb.go:1400.14,1402.3 1 0
pinz/backend/trip-service/pkg/proto/trip.pb.go:1403.2,1403.11 1 0
pinz/backend/trip-service/pkg/proto/trip.pb.go:1406.59,1407.14 1 0
pinz/backend/trip-service/pkg/proto/trip.pb.go:1407.14,1409.3 1 0
pinz/backend/trip-service/pkg/proto/trip.pb.go:1410.2,1410.11 1 0
pinz/backend/trip-service/pkg/proto/trip.pb.go:1413.67,1414.14 1 0
pinz/backend/trip-service/pkg/proto/trip.pb.go:1414.14,1416.3 1 0
pinz/backend/trip-service/pkg/proto/trip.pb.go:1417.2,1417.12 1 0
pinz/backend/trip-service/pkg/proto/trip.pb.go:1428.28,1433.2 4 0
pinz/backend/trip-service/pkg/proto/trip.pb.go:1435.36,1437.2 1 0
pinz/backend/trip-service/pkg/proto/trip.pb.go:1439.34,1439.35 0 0
pinz/backend/trip-service/pkg/proto/trip.pb.go:1441.56,1443.14 2 0
pinz/backend/trip-service/pkg/proto/trip.pb.go:1443.14,1445.34 2 0
pinz/backend/trip-service/pkg/proto/trip.pb.go:1445.34,1447.4 1 0
pinz/backend/trip-service/pkg/proto/trip.pb.go:1448.3,1448.12 1 0
pinz/backend/trip-service/pkg/proto/trip.pb.go:1450.2,1450.24 1 0
pinz/backend/trip-service/pkg/proto/trip.pb.go:1454.47,1456.2 1 0
pinz/backend/trip-service/pkg/proto/trip.pb.go:1458.43,1459.14 1 0
pinz/backend/trip-service/pkg/proto/trip.pb.go:1459.14,1461.3 1 0
pinz/backend/trip-service/pkg/proto/trip.pb.go:1462.2,1462.11 1 0
pinz/backend/trip-service/pkg/proto/trip.pb.go:1465.48,1466.14 1 0
pinz/backend/trip-service/pkg/proto/trip.pb.go:1466.14,1468.3 1 0
pinz/backend/trip-service/pkg/proto/trip.pb.go:1469.2,1469.12 1 0
pinz/backend/trip-service/pkg/proto/trip.pb.go:1481.33,1486.2 4 0
pinz/backend/trip-service/pkg/proto/trip.pb.go:1488.41,1490.2 1 0
pinz/backend/trip-service/pkg/proto/trip.pb.go:1492.39,1492.40 0 0
pinz/backend/trip-service/pkg/proto/trip.pb.go:1494.61,1496.14 2 0
pinz/backend/trip-service/pkg/proto/trip.pb.go:1496.14,1498.34 2 0
pinz/backend/trip-service/pkg/proto/trip.pb.go:1498.34,1500.4 1 0
pinz/backend/trip-service/pkg/proto/trip.pb.go:1501.3,1501.12 1 0
pinz/backend/trip-service/pkg/proto/trip.pb.go:1503.2,1503.24 1 0
pinz/backend/trip-service/pkg/proto/trip.pb.go:1507.52,1509.2 1 0
pinz/backend/trip-service/pkg/proto/trip.pb.go:1511.45,1512.14 1 0
pinz/backend/trip-service/pkg/proto/trip.pb.go:1512.14,1514.3 1 0
pinz/backend/trip-service/pkg/proto/trip.pb.go:1515.2,1515.11 1 0
pinz/backend/trip-service/pkg/proto/trip.pb.go:1518.41,1519.14 1 0
pinz/backend/trip-service/pkg/proto/trip.pb.go:1519.14,1521.3 1 0
pinz/backend/trip-service/pkg/proto/trip.pb.go:1522.2,1522.11 1 0
pinz/backend/trip-service/pkg/proto/trip.pb.go:1525.42,1526.14 1 0
pinz/backend/trip-service/pkg/proto/trip.pb.go:1526.14,1528.3 1 0
pinz/backend/trip-service/pkg/proto/trip.pb.go:1529.2,1529.11 1 0
pinz/backend/trip-service/pkg/proto/trip.pb.go:1542.48,1547.2 4 0
pinz/backend/trip-service/pkg/proto/trip.pb.go:1549.56,1551.2 1 0
pinz/backend/trip-service/pkg/proto/trip.pb.go:1553.54,1553.55 0 0
pinz/backend/trip-service/pkg/proto/trip.pb.go:1555.76,1557.14 2 0
pinz/backend/trip-service/pkg/proto/trip.pb.go:1557.14,1559.34 2 0
pinz/backend/trip-service/pkg/proto/trip.pb.go:1559.34,1561.4 1 0
pinz/backend/trip-service/pkg/proto/trip.pb.go:1562.3,1562.12 1 0
pinz/backend/trip-service/pkg/proto/trip.pb.go:1564.2,1564.24 1 0
pinz/backend/trip-service/pkg/proto/trip.pb.go:1568.67,1570.2 1 0
pinz/backend/trip-service/pkg/proto/trip.pb.go:1572.59,1573.14 1 0
pinz/backend/trip-service/pkg/proto/trip.pb.go:1573.14,1575.3 1 0
pinz/backend/trip-service/pkg/proto/trip.pb.go:1576.2,1576.11 1 0
pinz/backend/trip-service/pkg/proto/trip.pb.go:1579.72,1580.14 1 0
pinz/backend/trip-service/pkg/proto/trip.pb.go:1580.14,1582.3 1 0
pinz/backend/trip-service/pkg/proto/trip.pb.go:1583.2,1583.12 1 0
pinz/backend/trip-service/pkg/proto/trip.pb.go:1586.70,1587.14 1 0
pinz/backend/trip-service/pkg/proto/trip.pb.go:1587.14,1589.3 1 0
pinz/backend/trip-service/pkg/proto/trip.pb.go:1590.2,1590.12 1 0
pinz/backend/trip-service/pkg/proto/trip.pb.go:1601.33,1606.2 4 0
pinz/backend/trip-service/pkg/proto/trip.pb.go:1608.41,1610.2 1 0
pinz/backend/trip-service/pkg/proto/trip.pb.go:1612.39,1612.40 0 0
pinz/backend/trip-service/pkg/proto/trip.pb.go:1614.61,1616.14 2 0
pinz/backend/trip-service/pkg/proto/trip.pb.go:1616.14,1618.34 2 0
pinz/backend/trip-service/pkg/proto/trip.pb.go:1618.34,1620.4 1 0
pinz/backend/trip-service/pkg/proto/trip.pb.go:1621.3,1621.12 1 0
pinz/backend/trip-service/pkg/proto/trip.pb.go:1623.2,1623.24 1 0
pinz/backend/trip-service/pkg/proto/trip.pb.go:1627.52,1629.2 1 0
pinz/backend/trip-service/pkg/proto/trip.pb.go:1631.48,1632.14 1 0
pinz/backend/trip-service/pkg/proto/trip.pb.go:1632.14,1634.3 1 0
pinz/backend/trip-service/pkg/proto/trip.pb.go:1635.2,1635.11 1 0
pinz/backend/trip-service/pkg/proto/trip.pb.go:1638.48,1639.14 1 0
pinz/backend/trip-service/pkg/proto/trip.pb.go:1639.14,1641.3 1 0
pinz/backend/trip-service/pkg/proto/trip.pb.go:1642.2,1642.12 1 0
pinz/backend/trip-service/pkg/proto/trip.pb.go:1653.49,1658.2 4 0
pinz/backend/trip-service/pkg/proto/trip.pb.go:1660.57,1662.2 1 0
pinz/backend/trip-service/pkg/proto/trip.pb.go:1664.55,1664.56 0 0
pinz/backend/trip-service/pkg/proto/trip.pb.go:1666.77,1668.14 2 0
pinz/backend/trip-service/pkg/proto/trip.pb.go:1668.14,1670.34 2 0
pinz/backend/trip-service/pkg/proto/trip.pb.go:1670.34,1672.4 1 0
pinz/backend/trip-service/pkg/proto/trip.pb.go:1673.3,1673.12 1 0
pinz/backend/trip-service/pkg/proto/trip.pb.go:1675.2,1675.24 1 0
pinz/backend/trip-service/pkg/proto/trip.pb.go:1679.68,1681.2 1 0
pinz/backend/trip-service/pkg/proto/trip.pb.go:1683.61,1684.14 1 0
pinz/backend/trip-service/pkg/proto/trip.pb.go:1684.14,1686.3 1 0
pinz/backend/trip-service/pkg/proto/trip.pb.go:1687.2,1687.11 1 0
pinz/backend/trip-service/pkg/proto/trip.pb.go:1690.60,1691.14 1 0
pinz/backend/trip-service/pkg/proto/trip.pb.go:1691.14,1693.3 1 0
pinz/backend/trip-service/pkg/proto/trip.pb.go:1694.2,1694.11 1 0
pinz/backend/trip-service/pkg/proto/trip.pb.go:1705.40,1710.2 4 0
pinz/backend/trip-service/pkg/proto/trip.pb.go:1712.48,1714.2 1 0
pinz/backend/trip-service/pkg/proto/trip.pb.go:1716.46,1716.47 0 0
pinz/backend/trip-service/pkg/proto/trip.pb.go:1718.68,1720.14 2 0
pinz/backend/trip-service/pkg/proto/trip.pb.go:1720.14,1722.34 2 0
pinz/backend/trip-service/pkg/proto/trip.pb.go:1722.34,1724.4 1 0
pinz/backend/trip-service/pkg/proto/trip.pb.go:1725.3,1725.12 1 0
pinz/backend/trip-service/pkg/proto/trip.pb.go:1727.2,1727.24 1 0
pinz/backend/trip-service/pkg/proto/trip.pb.go:1731.59,1733.2 1 0
pinz/backend/trip-service/pkg/proto/trip.pb.go:1735.51,1736.14 1 0
pinz/backend/trip-service/pkg/proto/trip.pb.go:1736.14,1738.3 1 0
pinz/backend/trip-service/pkg/proto/trip.pb.go:1739.2,1739.11 1 0
pinz/backend/trip-service/pkg/proto/trip.pb.go:1752.41,1757.2 4 0
pinz/backend/trip-service/pkg/proto/trip.pb.go:1759.49,1761.2 1 0
pinz/backend/trip-service/pkg/proto/trip.pb.go:1763.47,1763.48 0 0
pinz/backend/trip-service/pkg/proto/trip.pb.go:1765.69,1767.14 2 0
pinz/backend/trip-service/pkg/proto/trip.pb.go:1767.14,1769.34 2 0
pinz/backend/trip-service/pkg/proto/trip.pb.go:1769.34,1771.4 1 0
pinz/backend/trip-service/pkg/proto/trip.pb.go:1772.3,1772.12 1 0
pinz/backend/trip-service/pkg/proto/trip.pb.go:1774.2,1774.24 1 0
pinz/backend/trip-service/pkg/proto/trip.pb.go:1778.60,1780.2 1 0
pinz/backend/trip-service/pkg/proto/trip.pb.go:1782.52,1783.14 1 0
pinz/backend/trip-service/pkg/proto/trip.pb.go:1783.14,1785.3 1 0
pinz/backend/trip-service/pkg/proto/trip.pb.go:1786.2,1786.11 1 0
pinz/backend/trip-service/pkg/proto/trip.pb.go:1789.52,1790.14 1 0
pinz/backend/trip-service/pkg/proto/trip.pb.go:1790.14,1792.3 1 0
pinz/backend/trip-service/pkg/proto/trip.pb.go:1793.2,1793.11 1 0
pinz/backend/trip-service/pkg/proto/trip.pb.go:1796.67,1797.14 1 0
pinz/backend/trip-service/pkg/proto/trip.pb.go:1797.14,1799.3 1 0
pinz/backend/trip-service/pkg/proto/trip.pb.go:1800.2,1800.12 1 0
pinz/backend/trip-service/pkg/proto/trip.pb.go:1803.56,1804.14 1 0
pinz/backend/trip-service/pkg/proto/trip.pb.go:1804.14,1806.3 1 0
pinz/backend/trip-service/pkg/proto/trip.pb.go:1807.2,1807.12 1 0
pinz/backend/trip-service/pkg/proto/trip.pb.go:1817.37,1822.2 4 0
pinz/backend/trip-service/pkg/proto/trip.pb.go:1824.45,1826.2 1 0
pinz/backend/trip-service/pkg/proto/trip.pb.go:1828.43,1828.44 0 0
pinz/backend/trip-service/pkg/proto/trip.pb.go:1830.65,1832.14 2 0
pinz/backend/trip-service/pkg/proto/trip.pb.go:1832.14,1834.34 2 0
pinz/backend/trip-service/pkg/proto/trip.pb.go:1834.34,1836.4 1 0
pinz/backend/trip-service/pkg/proto/trip.pb.go:1837.3,1837.12 1 0
pinz/backend/trip-service/pkg/proto/trip.pb.go:1839.2,1839.24 1 0
pinz/backend/trip-service/pkg/proto/trip.pb.go:1843.56,1845.2 1 0
pinz/backend/trip-service/pkg/proto/trip.pb.go:1847.52,1848.14 1 0
pinz/backend/trip-service/pkg/proto/trip.pb.go:1848.14,1850.3 1 0
pinz/backend/trip-service/pkg/proto/trip.pb.go:1851.2,1851.12 1 0
pinz/backend/trip-service/pkg/proto/trip.pb.go:1871.29,1876.2 4 0
pinz/backend/trip-service/pkg/proto/trip.pb.go:1878.37,1880.2 1 0
pinz/backend/trip-service/pkg/proto/trip.pb.go:1882.35,1882.36 0 0
pinz/backend/trip-service/pkg/proto/trip.pb.go:1884.57,1886.14 2 0
pinz/backend/trip-service/pkg/proto/trip.pb.go:1886.14,1888.34 2 0
pinz/backend/trip-service/pkg/proto/trip.pb.go:1888.34,1890.4 1 0
pinz/backend/trip-service/pkg/proto/trip.pb.go:1891.3,1891.12 1 0
pinz/backend/trip-service/pkg/proto/trip.pb.go:1893.2,1893.24 1 0
pinz/backend/trip-service/pkg/proto/trip.pb.go:1897.48,1899.2 1 0
pinz/backend/trip-service/pkg/proto/trip.pb.go:1901.39,1902.14 1 0
pinz/backend/trip-service/pkg/proto/trip.pb.go:1902.14,1904.3 1 0
pinz/backend/trip-service/pkg/proto/trip.pb.go:1905.2,1905.11 1 0
pinz/backend/trip-service/pkg/proto/trip.pb.go:1908.38,1909.14 1 0
pinz/backend/trip-service/pkg/proto/trip.pb.go:1909.14,1911.3 1 0
pinz/backend/trip-service/pkg/proto/trip.pb.go:1912.2,1912.11 1 0
pinz/backend/trip-service/pkg/proto/trip.pb.go:1915.42,1916.14 1 0
pinz/backend/trip-service/pkg/proto/trip.pb.go:1916.14,1918.3 1 0
pinz/backend/trip-service/pkg/proto/trip.pb.go:1919.2,1919.11 1 0
pinz/backend/trip-service/pkg/proto/trip.pb.go:1922.43,1923.35 1 0
pinz/backend/trip-service/pkg/proto/trip.pb.go:1923.35,1925.3 1 0
pinz/backend/trip-service/pkg/proto/trip.pb.go:1926.2,1926.10 1 0
pinz/backend/trip-service/pkg/proto/trip.pb.go:1929.44,1930.36 1 0
pinz/backend/trip-service/pkg/proto/trip.pb.go:1930.36,1932.3 1 0
pinz/backend/trip-service/pkg/proto/trip.pb.go:1933.2,1933.10 1 0
pinz/backend/trip-service/pkg/proto/trip.pb.go:1936.46,1937.14 1 0
pinz/backend/trip-service/pkg/proto/trip.pb.go:1937.14,1939.3 1 0
pinz/backend/trip-service/pkg/proto/trip.pb.go:1940.2,1940.11 1 0
pinz/backend/trip-service/pkg/proto/trip.pb.go:1943.46,1944.14 1 0
pinz/backend/trip-service/pkg/proto/trip.pb.go:1944.14,1946.3 1 0
pinz/backend/trip-service/pkg/proto/trip.pb.go:1947.2,1947.10 1 0
pinz/backend/trip-service/pkg/proto/trip.pb.go:1950.44,1951.14 1 0
pinz/backend/trip-service/pkg/proto/trip.pb.go:1951.14,1953.3 1 0
pinz/backend/trip-service/pkg/proto/trip.pb.go:1954.2,1954.10 1 0
pinz/backend/trip-service/pkg/proto/trip.pb.go:1957.42,1958.14 1 0
pinz/backend/trip-service/pkg/proto/trip.pb.go:1958.14,1960.3 1 0
pinz/backend/trip-service/pkg/proto/trip.pb.go:1961.2,1961.12 1 0
pinz/backend/trip-service/pkg/proto/trip.pb.go:1964.40,1965.14 1 0
pinz/backend/trip-service/pkg/proto/trip.pb.go:1965.14,1967.3 1 0
pinz/backend/trip-service/pkg/proto/trip.pb.go:1968.2,1968.12 1 0
pinz/backend/trip-service/pkg/proto/trip.pb.go:1971.50,1972.14 1 0
pinz/backend/trip-service/pkg/proto/trip.pb.go:1972.14,1974.3 1 0
pinz/backend/trip-service/pkg/proto/trip.pb.go:1975.2,1975.12 1 0
pinz/backend/trip-service/pkg/proto/trip.pb.go:1987.34,1992.2 4 0
pinz/backend/trip-service/pkg/proto/trip.pb.go:1994.42,1996.2 1 0
pinz/backend/trip-service/pkg/proto/trip.pb.go:1998.40,1998.41 0 0
pinz/backend/trip-service/pkg/proto/trip.pb.go:2000.62,2002.14 2 0
pinz/backend/trip-service/pkg/proto/trip.pb.go:2002.14,2004.34 2 0
pinz/backend/trip-service/pkg/proto/trip.pb.go:2004.34,2006.4 1 0
pinz/backend/trip-service/pkg/proto/trip.pb.go:2007.3,2007.12 1 0
pinz/backend/trip-service/pkg/proto/trip.pb.go:2009.2,2009.24 1 0
pinz/backend/trip-service/pkg/proto/trip.pb.go:2013.53,2015.2 1 0
pinz/backend/trip-service/pkg/proto/trip.pb.go:2017.46,2018.14 1 0
pinz/backend/trip-service/pkg/proto/trip.pb.go:2018.14,2020.3 1 0
pinz/backend/trip-service/pkg/proto/trip.pb.go:2021.2,2021.11 1 0
pinz/backend/trip-service/pkg/proto/trip.pb.go:2024.42,2025.14 1 0
pinz/backend/trip-service/pkg/proto/trip.pb.go:2025.14,2027.3 1 0
pinz/backend/trip-service/pkg/proto/trip.pb.go:2028.2,2028.11 1 0
pinz/backend/trip-service/pkg/proto/trip.pb.go:2031.51,2032.14 1 0
pinz/backend/trip-service/pkg/proto/trip.pb.go:2032.14,2034.3 1 0
pinz/backend/trip-service/pkg/proto/trip.pb.go:2035.2,2035.11 1 0
pinz/backend/trip-service/pkg/proto/trip.pb.go:2048.39,2053.2 4 0
pinz/backend/trip-service/pkg/proto/trip.pb.go:2055.47,2057.2 1 0
pinz/backend/trip-service/pkg/proto/trip.pb.go:2059.45,2059.46 0 0
pinz/backend/trip-service/pkg/proto/trip.pb.go:2061.67,2063.14 2 0
pinz/backend/trip-service/pkg/proto/trip.pb.go:2063.14,2065.34 2 0
pinz/backend/trip-service/pkg/proto/trip.pb.go:2065.34,2067.4 1 0
pinz/backend/trip-service/pkg/proto/trip.pb.go:2068.3,2068.12 1 0
pinz/backend/trip-service/pkg/proto/trip.pb.go:2070.2,2070.24 1 0
pinz/backend/trip-service/pkg/proto/trip.pb.go:2074.58,2076.2 1 0
pinz/backend/trip-service/pkg/proto/trip.pb.go:2078.50,2079.14 1 0
pinz/backend/trip-service/pkg/proto/trip.pb.go:2079.14,2081.3 1 0
pinz/backend/trip-service/pkg/proto/trip.pb.go:2082.2,2082.11 1 0
pinz/backend/trip-service/pkg/proto/trip.pb.go:2085.60,2086.14 1 0
pinz/backend/trip-service/pkg/proto/trip.pb.go:2086.14,2088.3 1 0
pinz/backend/trip-service/pkg/proto/trip.pb.go:2089.2,2089.12 1 0
pinz/backend/trip-service/pkg/proto/trip.pb.go:2092.59,2093.14 1 0
pinz/backend/trip-service/pkg/proto/trip.pb.go:2093.14,2095.3 1 0
pinz/backend/trip-service/pkg/proto/trip.pb.go:2096.2,2096.12 1 0
pinz/backend/trip-service/pkg/proto/trip.pb.go:2109.29,2114.2 4 0
pinz/backend/trip-service/pkg/proto/trip.pb.go:2116.37,2118.2 1 0
pinz/backend/trip-service/pkg/proto/trip.pb.go:2120.35,2120.36 0 0
pinz/backend/trip-service/pkg/proto/trip.pb.go:2122.57,2124.14 2 0
pinz/backend/trip-service/pkg/proto/trip.pb.go:2124.14,2126.34 2 0
pinz/backend/trip-service/pkg/proto/trip.pb.go:2126.34,2128.4 1 0
pinz/backend/trip-service/pkg/proto/trip.pb.go:2129.3,2129.12 1 0
pinz/backend/trip-service/pkg/proto/trip.pb.go:2131.2,2131.24 1 0
pinz/backend/trip-service/pkg/proto/trip.pb.go:2135.48,2137.2 1 0
pinz/backend/trip-service/pkg/proto/trip.pb.go:2139.39,2140.14 1 0
pinz/backend/trip-service/pkg/proto/trip.pb.go:2140.14,2142.3 1 0
pinz/backend/trip-service/pkg/proto/trip.pb.go:2143.2,2143.11 1 0
pinz/backend/trip-service/pkg/proto/trip.pb.go:2146.38,2147.31 1 0
pinz/backend/trip-service/pkg/proto/trip.pb.go:2147.31,2149.3 1 0
pinz/backend/trip-service/pkg/proto/trip.pb.go:2150.2,2150.11 1 0
pinz/backend/trip-service/pkg/proto/trip.pb.go:2153.43,2154.35 1 0
pinz/backend/trip-service/pkg/proto/trip.pb.go:2154.35,2156.3 1 0
pinz/backend/trip-service/pkg/proto/trip.pb.go:2157.2,2157.10 1 0
pinz/backend/trip-service/pkg/proto/trip.pb.go:2160.44,2161.36 1 0
pinz/backend/trip-service/pkg/proto/trip.pb.go:2161.36,2163.3 1 0
pinz/backend/trip-service/pkg/proto/trip.pb.go:2164.2,2164.10 1 0
pinz/backend/trip-service/pkg/proto/trip.pb.go:2176.40,2181.2 4 0
pinz/backend/trip-service/pkg/proto/trip.pb.go:2183.48,2185.2 1 0
pinz/backend/trip-service/pkg/proto/trip.pb.go:2187.46,2187.47 0 0
pinz/backend/trip-service/pkg/proto/trip.pb.go:2189.68,2191.14 2 0
pinz/backend/trip-service/pkg/proto/trip.pb.go:2191.14,2193.34 2 0
pinz/backend/trip-service/pkg/proto/trip.pb.go:2193.34,2195.4 1 0
pinz/backend/trip-service/pkg/proto/trip.pb.go:2196.3,2196.12 1 0
pinz/backend/trip-service/pkg/proto/trip.pb.go:2198.2,2198.24 1 0
pinz/backend/trip-service/pkg/proto/trip.pb.go:2202.59,2204.2 1 0
pinz/backend/trip-service/pkg/proto/trip.pb.go:2206.51,2207.14 1 0
pinz/backend/trip-service/pkg/proto/trip.pb.go:2207.14,2209.3 1 0
pinz/backend/trip-service/pkg/proto/trip.pb.go:2210.2,2210.11 1 0
pinz/backend/trip-service/pkg/proto/trip.pb.go:2213.51,2214.14 1 0
pinz/backend/trip-service/pkg/proto/trip.pb.go:2214.14,2216.3 1 0
pinz/backend/trip-service/pkg/proto/trip.pb.go:2217.2,2217.11 1 0
pinz/backend/trip-service/pkg/proto/trip.pb.go:2220.52,2221.14 1 0
pinz/backend/trip-service/pkg/proto/trip.pb.go:2221.14,2223.3 1 0
pinz/backend/trip-service/pkg/proto/trip.pb.go:2224.2,2224.11 1 0
pinz/backend/trip-service/pkg/proto/trip.pb.go:2236.45,2241.2 4 0
pinz/backend/trip-service/pkg/proto/trip.pb.go:2243.53,2245.2 1 0
pinz/backend/trip-service/pkg/proto/trip.pb.go:2247.51,2247.52 0 0
pinz/backend/trip-service/pkg/proto/trip.pb.go:2249.73,2251.14 2 0
pinz/backend/trip-service/pkg/proto/trip.pb.go:2251.14,2253.34 2 0
pinz/backend/trip-service/pkg/proto/trip.pb.go:2253.34,2255.4 1 0
pinz/backend/trip-service/pkg/proto/trip.pb.go:2256.3,2256.12 1 0
pinz/backend/trip-service/pkg/proto/trip.pb.go:2258.2,2258.24 1 0
pinz/backend/trip-service/pkg/proto/trip.pb.go:2262.64,2264.2 1 0
pinz/backend/trip-service/pkg/proto/trip.pb.go:2266.56,2267.14 1 0
pinz/backend/trip-service/pkg/proto/trip.pb.go:2267.14,2269.3 1 0
pinz/backend/trip-service/pkg/proto/trip.pb.go:2270.2,2270.11 1 0
pinz/backend/trip-service/pkg/proto/trip.pb.go:2273.65,2274.14 1 0
pinz/backend/trip-service/pkg/proto/trip.pb.go:2274.14,2276.3 1 0
pinz/backend/trip-service/pkg/proto/trip.pb.go:2277.2,2277.10 1 0
pinz/backend/trip-service/pkg/proto/trip.pb.go:2290.46,2295.2 4 0
pinz/backend/trip-service/pkg/proto/trip.pb.go:2297.54,2299.2 1 0
pinz/backend/trip-service/pkg/proto/trip.pb.go:2301.52,2301.53 0 0
pinz/backend/trip-service/pkg/proto/trip.pb.go:2303.74,2305.14 2 0
pinz/backend/trip-service/pkg/proto/trip.pb.go:2305.14,2307.34 2 0
pinz/backend/trip-service/pkg/proto/trip.pb.go:2307.34,2309.4 1 0
pinz/backend/trip-service/pkg/proto/trip.pb.go:2310.3,2310.12 1 0
pinz/backend/trip-service/pkg/proto/trip.pb.go:2312.2,2312.24 1 0
pinz/backend/trip-service/pkg/proto/trip.pb.go:2316.65,2318.2 1 0
pinz/backend/trip-service/pkg/proto/trip.pb.go:2320.63,2321.14 1 0
pinz/backend/trip-service/pkg/proto/trip.pb.go:2321.14,2323.3 1 0
pinz/backend/trip-service/pkg/proto/trip.pb.go:2324.2,2324.11 1 0
pinz/backend/trip-service/pkg/proto/trip.pb.go:2327.56,2328.14 1 0
pinz/backend/trip-service/pkg/proto/trip.pb.go:2328.14,2330.3 1 0
pinz/backend/trip-service/pkg/proto/trip.pb.go:2331.2,2331.11 1 0
pinz/backend/trip-service/pkg/proto/trip.pb.go:2334.60,2335.14 1 0
pinz/backend/trip-service/pkg/proto/trip.pb.go:2335.14,2337.3 1 0
pinz/backend/trip-service/pkg/proto/trip.pb.go:2338.2,2338.11 1 0
pinz/backend/trip-service/pkg/proto/trip.pb.go:2341.63,2342.14 1 0
pinz/backend/trip-service/pkg/proto/trip.pb.go:2342.14,2344.3 1 0
pinz/backend/trip-service/pkg/proto/trip.pb.go:2345.2,2345.10 1 0
pinz/backend/trip-service/pkg/proto/trip.pb.go:2355.42,2360.2 4 0
pinz/backend/trip-service/pkg/proto/trip.pb.go:2362.50,2364.2 1 0
pinz/backend/trip-service/pkg/proto/trip.pb.go:2366.48,2366.49 0 0
pinz/backend/trip-service/pkg/proto/trip.pb.go:2368.70,2370.14 2 0
pinz/backend/trip-service/pkg/proto/trip.pb.go:2370.14,2372.34 2 0
pinz/backend/trip-service/pkg/proto/trip.pb.go:2372.34,2374.4 1 0
pinz/backend/trip-service/pkg/proto/trip.pb.go:2375.3,2375.12 1 0
pinz/backend/trip-service/pkg/proto/trip.pb.go:2377.2,2377.24 1 0
pinz/backend/trip-service/pkg/proto/trip.pb.go:2381.61,2383.2 1 0
pinz/backend/trip-service/pkg/proto/trip.pb.go:2385.52,2386.14 1 0
pinz/backend/trip-service/pkg/proto/trip.pb.go:2386.14,2388.3 1 0
pinz/backend/trip-service/pkg/proto/trip.pb.go:2389.2,2389.11 1 0
pinz/backend/trip-service/pkg/proto/trip.pb.go:2400.43,2405.2 4 0
pinz/backend/trip-service/pkg/proto/trip.pb.go:2407.51,2409.2 1 0
pinz/backend/trip-service/pkg/proto/trip.pb.go:2411.49,2411.50 0 0
pinz/backend/trip-service/pkg/proto/trip.pb.go:2413.71,2415.14 2 0
pinz/backend/trip-service/pkg/proto/trip.pb.go:2415.14,2417.34 2 0
pinz/backend/trip-service/pkg/proto/trip.pb.go:2417.34,2419.4 1 0
pinz/backend/trip-service/pkg/proto/trip.pb.go:2420.3,2420.12 1 0
pinz/backend/trip-service/pkg/proto/trip.pb.go:2422.2,2422.24 1 0
pinz/backend/trip-service/pkg/proto/trip.pb.go:2426.62,2428.2 1 0
pinz/backend/trip-service/pkg/proto/trip.pb.go:2430.54,2431.14 1 0
pinz/backend/trip-service/pkg/proto/trip.pb.go:2431.14,2433.3 1 0
pinz/backend/trip-service/pkg/proto/trip.pb.go:2434.2,2434.11 1 0
pinz/backend/trip-service/pkg/proto/trip.pb.go:2437.59,2438.14 1 0
pinz/backend/trip-service/pkg/proto/trip.pb.go:2438.14,2440.3 1 0
pinz/backend/trip-service/pkg/proto/trip.pb.go:2441.2,2441.14 1 0
pinz/backend/trip-service/pkg/proto/trip.pb.go:2452.44,2457.2 4 0
pinz/backend/trip-service/pkg/proto/trip.pb.go:2459.52,2461.2 1 0
pinz/backend/trip-service/pkg/proto/trip.pb.go:2463.50,2463.51 0 0
pinz/backend/trip-service/pkg/proto/trip.pb.go:2465.72,2467.14 2 0
pinz/backend/trip-service/pkg/proto/trip.pb.go:2467.14,2469.34 2 0
pinz/backend/trip-service/pkg/proto/trip.pb.go:2469.34,2471.4 1 0
pinz/backend/trip-service/pkg/proto/trip.pb.go:2472.3,2472.12 1 0
pinz/backend/trip-service/pkg/proto/trip.pb.go:2474.2,2474.24 1 0
pinz/backend/trip-service/pkg/proto/trip.pb.go:2478.63,2480.2 1 0
pinz/backend/trip-service/pkg/proto/trip.pb.go:2482.55,2483.14 1 0
pinz/backend/trip-service/pkg/proto/trip.pb.go:2483.14,2485.3 1 0
pinz/backend/trip-service/pkg/proto/trip.pb.go:2486.2,2486.11 1 0
pinz/backend/trip-service/pkg/proto/trip.pb.go:2489.55,2490.14 1 0
pinz/backend/trip-service/pkg/proto/trip.pb.go:2490.14,2492.3 1 0
pinz/backend/trip-service/pkg/proto/trip.pb.go:2493.2,2493.11 1 0
pinz/backend/trip-service/pkg/proto/trip.pb.go:2503.45,2508.2 4 0
pinz/backend/trip-service/pkg/proto/trip.pb.go:2510.53,2512.2 1 0
pinz/backend/trip-service/pkg/proto/trip.pb.go:2514.51,2514.52 0 0
pinz/backend/trip-service/pkg/proto/trip.pb.go:2516.73,2518.14 2 0
pinz/backend/trip-service/pkg/proto/trip.pb.go:2518.14,2520.34 2 0
pinz/backend/trip-service/pkg/proto/trip.pb.go:2520.34,2522.4 1 0
pinz/backend/trip-service/pkg/proto/trip.pb.go:2523.3,2523.12 1 0
pinz/backend/trip-service/pkg/proto/trip.pb.go:2525.2,2525.24 1 0
pinz/backend/trip-service/pkg/proto/trip.pb.go:2529.64,2531.2 1 0
pinz/backend/trip-service/pkg/proto/trip.pb.go:2533.55,2534.14 1 0
pinz/backend/trip-service/pkg/proto/trip.pb.go:2534.14,2536.3 1 0
pinz/backend/trip-service/pkg/proto/trip.pb.go:2537.2,2537.14 1 0
pinz/backend/trip-service/pkg/proto/trip.pb.go:2547.36,2552.2 4 0
pinz/backend/trip-service/pkg/proto/trip.pb.go:2554.44,2556.2 1 0
pinz/backend/trip-service/pkg/proto/trip.pb.go:2558.42,2558.43 0 0
pinz/backend/trip-service/pkg/proto/trip.pb.go:2560.64,2562.14 2 0
pinz/backend/trip-service/pkg/proto/trip.pb.go:2562.14,2564.34 2 0
pinz/backend/trip-service/pkg/proto/trip.pb.go:2564.34,2566.4 1 0
pinz/backend/trip-service/pkg/proto/trip.pb.go:2567.3,2567.12 1 0
pinz/backend/trip-service/pkg/proto/trip.pb.go:2569.2,2569.24 1 0
pinz/backend/trip-service/pkg/proto/trip.pb.go:2573.55,2575.2 1 0
pinz/backend/trip-service/pkg/proto/trip.pb.go:2577.47,2578.14 1 0
pinz/backend/trip-service/pkg/proto/trip.pb.go:2578.14,2580.3 1 0
pinz/backend/trip-service/pkg/proto/trip.pb.go:2581.2,2581.11 1 0
pinz/backend/trip-service/pkg/proto/trip.pb.go:2592.37,2597.2 4 0
pinz/backend/trip-service/pkg/proto/trip.pb.go:2599.45,2601.2 1 0
pinz/backend/trip-service/pkg/proto/trip.pb.go:2603.43,2603.44 0 0
pinz/backend/trip-service/pkg/proto/trip.pb.go:2605.65,2607.14 2 0
pinz/backend/trip-service/pkg/proto/trip.pb.go:2607.14,2609.34 2 0
pinz/backend/trip-service/pkg/proto/trip.pb.go:2609.34,2611.4 1 0
pinz/backend/trip-service/pkg/proto/trip.pb.go:2612.3,2612.12 1 0
pinz/backend/trip-service/pkg/proto/trip.pb.go:2614.2,2614.24 1 0
pinz/backend/trip-service/pkg/proto/trip.pb.go:2618.56,2620.2 1 0
pinz/backend/trip-service/pkg/proto/trip.pb.go:2622.47,2623.14 1 0
pinz/backend/trip-service/pkg/proto/trip.pb.go:2623.14,2625.3 1 0
pinz/backend/trip-service/pkg/proto/trip.pb.go:2626.2,2626.14 1 0
pinz/backend/trip-service/pkg/proto/trip.pb.go:2629.51,2630.14 1 0
pinz/backend/trip-service/pkg/proto/trip.pb.go:2630.14,2632.3 1 0
pinz/backend/trip-service/pkg/proto/trip.pb.go:2633.2,2633.14 1 0
pinz/backend/trip-service/pkg/proto/trip.pb.go:2644.40,2649.2 4 0
pinz/backend/trip-service/pkg/proto/trip.pb.go:2651.48,2653.2 1 0
pinz/backend/trip-service/pkg/proto/trip.pb.go:2655.46,2655.47 0 0
pinz/backend/trip-service/pkg/proto/trip.pb.go:2657.68,2659.14 2 0
pinz/backend/trip-service/pkg/proto/trip.pb.go:2659.14,2661.34 2 0
pinz/backend/trip-service/pkg/proto/trip.pb.go:2661.34,2663.4 1 0
pinz/backend/trip-service/pkg/proto/trip.pb.go:2664.3,2664.12 1 0
pinz/backend/trip-service/pkg/proto/trip.pb.go:2666.2,2666.24 1 0
pinz/backend/trip-service/pkg/proto/trip.pb.go:2670.59,2672.2 1 0
pinz/backend/trip-service/pkg/proto/trip.pb.go:2674.51,2675.14 1 0
pinz/backend/trip-service/pkg/proto/trip.pb.go:2675.14,2677.3 1 0
pinz/backend/trip-service/pkg/proto/trip.pb.go:2678.2,2678.11 1 0
pinz/backend/trip-service/pkg/proto/trip.pb.go:2681.59,2682.14 1 0
pinz/backend/trip-service/pkg/proto/trip.pb.go:2682.14,2684.3 1 0
pinz/backend/trip-service/pkg/proto/trip.pb.go:2685.2,2685.11 1 0
pinz/backend/trip-service/pkg/proto/trip.pb.go:2695.41,2700.2 4 0
pinz/backend/trip-service/pkg/proto/trip.pb.go:2702.49,2704.2 1 0
pinz/backend/trip-service/pkg/proto/trip.pb.go:2706.47,2706.48 0 0
pinz/backend/trip-service/pkg/proto/trip.pb.go:2708.69,2710.14 2 0
pinz/backend/trip-service/pkg/proto/trip.pb.go:2710.14,2712.34 2 0
pinz/backend/trip-service/pkg/proto/trip.pb.go:2712.34,2714.4 1 0
pinz/backend/trip-service/pkg/proto/trip.pb.go:2715.3,2715.12 1 0
pinz/backend/trip-service/pkg/proto/trip.pb.go:2717.2,2717.24 1 0
pinz/backend/trip-service/pkg/proto/trip.pb.go:2721.60,2723.2 1 0
pinz/backend/trip-service/pkg/proto/trip.pb.go:2725.51,2726.14 1 0
pinz/backend/trip-service/pkg/proto/trip.pb.go:2726.14,2728.3 1 0
pinz/backend/trip-service/pkg/proto/trip.pb.go:2729.2,2729.14 1 0
pinz/backend/trip-service/pkg/proto/trip.pb.go:2741.45,2746.2 4 0
pinz/backend/trip-service/pkg/proto/trip.pb.go:2748.53,2750.2 1 0
pinz/backend/trip-service/pkg/proto/trip.pb.go:2752.51,2752.52 0 0
pinz/backend/trip-service/pkg/proto/trip.pb.go:2754.73,2756.14 2 0
pinz/backend/trip-service/pkg/proto/trip.pb.go:2756.14,2758.34 2 0
pinz/backend/trip-service/pkg/proto/trip.pb.go:2758.34,2760.4 1 0
pinz/backend/trip-service/pkg/proto/trip.pb.go:2761.3,2761.12 1 0
pinz/backend/trip-service/pkg/proto/trip.pb.go:2763.2,2763.24 1 0
pinz/backend/trip-service/pkg/proto/trip.pb.go:2767.64,2769.2 1 0
pinz/backend/trip-service/pkg/proto/trip.pb.go:2771.56,2772.14 1 0
pinz/backend/trip-service/pkg/proto/trip.pb.go:2772.14,2774.3 1 0
pinz/backend/trip-service/pkg/proto/trip.pb.go:2775.2,2775.11 1 0
pinz/backend/trip-service/pkg/proto/trip.pb.go:2778.68,2779.14 1 0
pinz/backend/trip-service/pkg/proto/trip.pb.go:2779.14,2781.3 1 0
pinz/backend/trip-service/pkg/proto/trip.pb.go:2782.2,2782.14 1 0
pinz/backend/trip-service/pkg/proto/trip.pb.go:2792.46,2797.2 4 0
pinz/backend/trip-service/pkg/proto/trip.pb.go:2799.54,2801.2 1 0
pinz/backend/trip-service/pkg/proto/trip.pb.go:2803.52,2803.53 0 0
pinz/backend/trip-service/pkg/proto/trip.pb.go:2805.74,2807.14 2 0
pinz/backend/trip-service/pkg/proto/trip.pb.go:2807.14,2809.34 2 0
pinz/backend/trip-service/pkg/proto/trip.pb.go:2809.34,2811.4 1 0
pinz/backend/trip-service/pkg/proto/trip.pb.go:2812.3,2812.12 1 0
pinz/backend/trip-service/pkg/proto/trip.pb.go:2814.2,2814.24 1 0
pinz/backend/trip-service/pkg/proto/trip.pb.go:2818.65,2820.2 1 0
pinz/backend/trip-service/pkg/proto/trip.pb.go:2822.56,2823.14 1 0
pinz/backend/trip-service/pkg/proto/trip.pb.go:2823.14,2825.3 1 0
pinz/backend/trip-service/pkg/proto/trip.pb.go:2826.2,2826.14 1 0
pinz/backend/trip-service/pkg/proto/trip.pb.go:2842.35,2847.2 4 0
pinz/backend/trip-service/pkg/proto/trip.pb.go:2849.43,2851.2 1 0
pinz/backend/trip-service/pkg/proto/trip.pb.go:2853.41,2853.42 0 0
pinz/backend/trip-service/pkg/proto/trip.pb.go:2855.63,2857.14 2 0
pinz/backend/trip-service/pkg/proto/trip.pb.go:2857.14,2859.34 2 0
pinz/backend/trip-service/pkg/proto/trip.pb.go:2859.34,2861.4 1 0
pinz/backend/trip-service/pkg/proto/trip.pb.go:2862.3,2862.12 1 0
pinz/backend/trip-service/pkg/proto/trip.pb.go:2864.2,2864.24 1 0
pinz/backend/trip-service/pkg/proto/trip.pb.go:2868.54,2870.2 1 0
pinz/backend/trip-service/pkg/proto/trip.pb.go:2872.44,2873.14 1 0
pinz/backend/trip-service/pkg/proto/trip.pb.go:2873.14,2875.3 1 0
pinz/backend/trip-service/pkg/proto/trip.pb.go:2876.2,2876.10 1 0
pinz/backend/trip-service/pkg/proto/trip.pb.go:2879.45,2880.14 1 0
pinz/backend/trip-service/pkg/proto/trip.pb.go:2880.14,2882.3 1 0
pinz/backend/trip-service/pkg/proto/trip.pb.go:2883.2,2883.10 1 0
pinz/backend/trip-service/pkg/proto/trip.pb.go:2886.48,2887.14 1 0
pinz/backend/trip-service/pkg/proto/trip.pb.go:2887.14,2889.3 1 0
pinz/backend/trip-service/pkg/proto/trip.pb.go:2890.2,2890.11 1 0
pinz/backend/trip-service/pkg/proto/trip.pb.go:2893.46,2894.14 1 0
pinz/backend/trip-service/pkg/proto/trip.pb.go:2894.14,2896.3 1 0
pinz/backend/trip-service/pkg/proto/trip.pb.go:2897.2,2897.11 1 0
pinz/backend/trip-service/pkg/proto/trip.pb.go:2900.49,2901.14 1 0
pinz/backend/trip-service/pkg/proto/trip.pb.go:2901.14,2903.3 1 0
pinz/backend/trip-service/pkg/proto/trip.pb.go:2904.2,2904.10 1 0
pinz/backend/trip-service/pkg/proto/trip.pb.go:2907.46,2908.14 1 0
pinz/backend/trip-service/pkg/proto/trip.pb.go:2908.14,2910.3 1 0
pinz/backend/trip-service/pkg/proto/trip.pb.go:2911.2,2911.11 1 0
pinz/backend/trip-service/pkg/proto/trip.pb.go:2921.36,2926.2 4 0
pinz/backend/trip-service/pkg/proto/trip.pb.go:2928.44,2930.2 1 0
pinz/backend/trip-service/pkg/proto/trip.pb.go:2932.42,2932.43 0 0
pinz/backend/trip-service/pkg/proto/trip.pb.go:2934.64,2936.14 2 0
pinz/backend/trip-service/pkg/proto/trip.pb.go:2936.14,2938.34 2 0
pinz/backend/trip-service/pkg/proto/trip.pb.go:2938.34,2940.4 1 0
pinz/backend/trip-service/pkg/proto/trip.pb.go:2941.3,2941.12 1 0
pinz/backend/trip-service/pkg/proto/trip.pb.go:2943.2,2943.24 1 0
pinz/backend/trip-service/pkg/proto/trip.pb.go:2947.55,2949.2 1 0
pinz/backend/trip-service/pkg/proto/trip.pb.go:2951.47,2952.14 1 0
pinz/backend/trip-service/pkg/proto/trip.pb.go:2952.14,2954.3 1 0
pinz/backend/trip-service/pkg/proto/trip.pb.go:2955.2,2955.12 1 0
pinz/backend/trip-service/pkg/proto/trip.pb.go:2965.35,2970.2 4 0
pinz/backend/trip-service/pkg/proto/trip.pb.go:2972.43,2974.2 1 0
pinz/backend/trip-service/pkg/proto/trip.pb.go:2976.41,2976.42 0 0
pinz/backend/trip-service/pkg/proto/trip.pb.go:2978.63,2980.14 2 0
pinz/backend/trip-service/pkg/proto/trip.pb.go:2980.14,2982.34 2 0
pinz/backend/trip-service/pkg/proto/trip.pb.go:2982.34,2984.4 1 0
pinz/backend/trip-service/pkg/proto/trip.pb.go:2985.3,2985.12 1 0
pinz/backend/trip-service/pkg/proto/trip.pb.go:2987.2,2987.24 1 0
pinz/backend/trip-service/pkg/proto/trip.pb.go:2991.54,2993.2 1 0
pinz/backend/trip-service/pkg/proto/trip.pb.go:2995.46,2996.14 1 0
pinz/backend/trip-service/pkg/proto/trip.pb.go:2996.14,2998.3 1 0
pinz/backend/trip-service/pkg/proto/trip.pb.go:2999.2,2999.11 1 0
pinz/backend/trip-service/pkg/proto/trip.pb.go:3009.36,3014.2 4 0
pinz/backend/trip-service/pkg/proto/trip.pb.go:3016.44,3018.2 1 0
pinz/backend/trip-service/pkg/proto/trip.pb.go:3020.42,3020.43 0 0
pinz/backend/trip-service/pkg/proto/trip.pb.go:3022.64,3024.14 2 0
pinz/backend/trip-service/pkg/proto/trip.pb.go:3024.14,3026.34 2 0
pinz/backend/trip-service/pkg/proto/trip.pb.go:3026.34,3028.4 1 0
pinz/backend/trip-service/pkg/proto/trip.pb.go:3029.3,3029.12 1 0
pinz/backend/trip-service/pkg/proto/trip.pb.go:3031.2,3031.24 1 0
pinz/backend/trip-service/pkg/proto/trip.pb.go:3035.55,3037.2 1 0
pinz/backend/trip-service/pkg/proto/trip.pb.go:3039.46,3040.14 1 0
pinz/backend/trip-service/pkg/proto/trip.pb.go:3040.14,3042.3 1 0
pinz/backend/trip-service/pkg/proto/trip.pb.go:3043.2,3043.14 1 0
pinz/backend/trip-service/pkg/proto/trip.pb.go:3053.38,3058.2 4 0
pinz/backend/trip-service/pkg/proto/trip.pb.go:3060.46,3062.2 1 0
pinz/backend/trip-service/pkg/proto/trip.pb.go:3064.44,3064.45 0 0
pinz/backend/trip-service/pkg/proto/trip.pb.go:3066.66,3068.14 2 0
pinz/backend/trip-service/pkg/proto/trip.pb.go:3068.14,3070.34 2 0
pinz/backend/trip-service/pkg/proto/trip.pb.go:3070.34,3072.4 1 0
pinz/backend/trip-service/pkg/proto/trip.pb.go:3073.3,3073.12 1 0
pinz/backend/trip-service/pkg/proto/trip.pb.go:3075.2,3075.24 1 0
pinz/backend/trip-service/pkg/proto/trip.pb.go:3079.57,3081.2 1 0
pinz/backend/trip-service/pkg/proto/trip.pb.go:3083.49,3084.14 1 0
pinz/backend/trip-service/pkg/proto/trip.pb.go:3084.14,3086.3 1 0
pinz/backend/trip-service/pkg/proto/trip.pb.go:3087.2,3087.11 1 0
pinz/backend/trip-service/pkg/proto/trip.pb.go:3097.39,3102.2 4 0
pinz/backend/trip-service/pkg/proto/trip.pb.go:3104.47,3106.2 1 0
pinz/backend/trip-service/pkg/proto/trip.pb.go:3108.45,3108.46 0 0
pinz/backend/trip-service/pkg/proto/trip.pb.go:3110.67,3112.14 2 0
pinz/backend/trip-service/pkg/proto/trip.pb.go:3112.14,3114.34 2 0
pinz/backend/trip-service/pkg/proto/trip.pb.go:3114.34,3116.4 1 0
pinz/backend/trip-service/pkg/proto/trip.pb.go:3117.3,3117.12 1 0
pinz/backend/trip-service/pkg/proto/trip.pb.go:3119.2,3119.24 1 0
pinz/backend/trip-service/pkg/proto/trip.pb.go:3123.58,3125.2 1 0
pinz/backend/trip-service/pkg/proto/trip.pb.go:3127.49,3128.14 1 0
pinz/backend/trip-service/pkg/proto/trip.pb.go:3128.14,3130.3 1 0
pinz/backend/trip-service/pkg/proto/trip.pb.go:3131.2,3131.14 1 0
pinz/backend/trip-service/pkg/proto/trip.pb.go:3141.42,3146.2 4 0
pinz/backend/trip-service/pkg/proto/trip.pb.go:3148.50,3150.2 1 0
pinz/backend/trip-service/pkg/proto/trip.pb.go:3152.48,3152.49 0 0
pinz/backend/trip-service/pkg/proto/trip.pb.go:3154.70,3156.14 2 0
pinz/backend/trip-service/pkg/proto/trip.pb.go:3156.14,3158.34 2 0
pinz/backend/trip-service/pkg/proto/trip.pb.go:3158.34,3160.4 1 0
pinz/backend/trip-service/pkg/proto/trip.pb.go:3161.3,3161.12 1 0
pinz/backend/trip-service/pkg/proto/trip.pb.go:3163.2,3163.24 1 0
pinz/backend/trip-service/pkg/proto/trip.pb.go:3167.61,3169.2 1 0
pinz/backend/trip-service/pkg/proto/trip.pb.go:3171.53,3172.14 1 0
pinz/backend/trip-service/pkg/proto/trip.pb.go:3172.14,3174.3 1 0
pinz/backend/trip-service/pkg/proto/trip.pb.go:3175.2,3175.11 1 0
pinz/backend/trip-service/pkg/proto/trip.pb.go:3185.43,3190.2 4 0
pinz/backend/trip-service/pkg/proto/trip.pb.go:3192.51,3194.2 1 0
pinz/backend/trip-service/pkg/proto/trip.pb.go:3196.49,3196.50 0 0
pinz/backend/trip-service/pkg/proto/trip.pb.go:3198.71,3200.14 2 0
pinz/backend/trip-service/pkg/proto/trip.pb.go:3200.14,3202.34 2 0
pinz/backend/trip-service/pkg/proto/trip.pb.go:3202.34,3204.4 1 0
pinz/backend/trip-service/pkg/proto/trip.pb.go:3205.3,3205.12 1 0
pinz/backend/trip-service/pkg/proto/trip.pb.go:3207.2,3207.24 1 0
pinz/backend/trip-service/pkg/proto/trip.pb.go:3211.62,3213.2 1 0
pinz/backend/trip-service/pkg/proto/trip.pb.go:3215.53,3216.14 1 0
pinz/backend/trip-service/pkg/proto/trip.pb.go:3216.14,3218.3 1 0
pinz/backend/trip-service/pkg/proto/trip.pb.go:3219.2,3219.14 1 0
pinz/backend/trip-service/pkg/proto/trip.pb.go:3229.47,3234.2 4 0
pinz/backend/trip-service/pkg/proto/trip.pb.go:3236.55,3238.2 1 0
pinz/backend/trip-service/pkg/proto/trip.pb.go:3240.53,3240.54 0 0
pinz/backend/trip-service/pkg/proto/trip.pb.go:3242.75,3244.14 2 0
pinz/backend/trip-service/pkg/proto/trip.pb.go:3244.14,3246.34 2 0
pinz/backend/trip-service/pkg/proto/trip.pb.go:3246.34,3248.4 1 0
pinz/backend/trip-service/pkg/proto/trip.pb.go:3249.3,3249.12 1 0
pinz/backend/trip-service/pkg/proto/trip.pb.go:3251.2,3251.24 1 0
pinz/backend/trip-service/pkg/proto/trip.pb.go:3255.66,3257.2 1 0
pinz/backend/trip-service/pkg/proto/trip.pb.go:3259.58,3260.14 1 0
pinz/backend/trip-service/pkg/proto/trip.pb.go:3260.14,3262.3 1 0
pinz/backend/trip-service/pkg/proto/trip.pb.go:3263.2,3263.11 1 0
pinz/backend/trip-service/pkg/proto/trip.pb.go:3273.48,3278.2 4 0
pinz/backend/trip-service/pkg/proto/trip.pb.go:3280.56,3282.2 1 0
pinz/backend/trip-service/pkg/proto/trip.pb.go:3284.54,3284.55 0 0
pinz/backend/trip-service/pkg/proto/trip.pb.go:3286.76,3288.14 2 0
pinz/backend/trip-service/pkg/proto/trip.pb.go:3288.14,3290.34 2 0
pinz/backend/trip-service/pkg/proto/trip.pb.go:3290.34,3292.4 1 0
pinz/backend/trip-service/pkg/proto/trip.pb.go:3293.3,3293.12 1 0
pinz/backend/trip-service/pkg/proto/trip.pb.go:3295.2,3295.24 1 0
pinz/backend/trip-service/pkg/proto/trip.pb.go:3299.67,3301.2 1 0
pinz/backend/trip-service/pkg/proto/trip.pb.go:3303.58,3304.14 1 0
pinz/backend/trip-service/pkg/proto/trip.pb.go:3304.14,3306.3 1 0
pinz/backend/trip-service/pkg/proto/trip.pb.go:3307.2,3307.14 1 0
pinz/backend/trip-service/pkg/proto/trip.pb.go:3606.43,3607.40 1 0
pinz/backend/trip-service/pkg/proto/trip.pb.go:3607.40,3609.3 1 0
pinz/backend/trip-service/pkg/proto/trip.pb.go:3610.2,3610.36 1 0
pinz/backend/trip-service/pkg/proto/trip.pb.go:3738.13,3738.39 1 0
pinz/backend/trip-service/pkg/proto/trip.pb.go:3739.29,3740.28 1 0
pinz/backend/trip-service/pkg/proto/trip.pb.go:3740.28,3742.3 1 0
pinz/backend/trip-service/pkg/proto/trip.pb.go:3743.2,3764.31 10 0
pinz/backend/trip-service/pkg/proto/trip_grpc.pb.go:80.74,82.2 1 0
pinz/backend/trip-service/pkg/proto/trip_grpc.pb.go:84.138,88.16 4 0
pinz/backend/trip-service/pkg/proto/trip_grpc.pb.go:88.16,90.3 1 0
pinz/backend/trip-service/pkg/proto/trip_grpc.pb.go:91.2,91.17 1 0
pinz/backend/trip-service/pkg/proto/trip_grpc.pb.go:94.129,98.16 4 0
pinz/backend/trip-service/pkg/proto/trip_grpc.pb.go:98.16,100.3 1 0
pinz/backend/trip-service/pkg/proto/trip_grpc.pb.go:101.2,101.17 1 0
pinz/backend/trip-service/pkg/proto/trip_grpc.pb.go:104.147,108.16 4 0
pinz/backend/trip-service/pkg/proto/trip_grpc.pb.go:108.16,110.3 1 0
pinz/backend/trip-service/pkg/proto/trip_grpc.pb.go:111.2,111.17 1 0
pinz/backend/trip-service/pkg/proto/trip_grpc.pb.go:114.138,118.16 4 0
pinz/backend/trip-service/pkg/proto/trip_grpc.pb.go:118.16,120.3 1 0
pinz/backend/trip-service/pkg/proto/trip_grpc.pb.go:121.2,121.17 1 0
pinz/backend/trip-service/pkg/proto/trip_grpc.pb.go:124.138,128.16 4 0
pinz/backend/trip-service/pkg/proto/trip_grpc.pb.go:128.16,130.3 1 0
pinz/backend/trip-service/pkg/proto/trip_grpc.pb.go:131.2,131.17 1 0
pinz/backend/trip-service/pkg/proto/trip_grpc.pb.go:134.162,138.16 4 0
pinz/backend/trip-service/pkg/proto/trip_grpc.pb.go:138.16,140.3 1 0
pinz/backend/trip-service/pkg/proto/trip_grpc.pb.go:141.2,141.17 1 0
pinz/backend/trip-service/pkg/proto/trip_grpc.pb.go:144.153,148.16 4 0
pinz/backend/trip-service/pkg/proto/trip_grpc.pb.go:148.16,150.3 1 0
pinz/backend/trip-service/pkg/proto/trip_grpc.pb.go:151.2,151.17 1 0
pinz/backend/trip-service/pkg/proto/trip_grpc.pb.go:154.159,158.16 4 0
pinz/backend/trip-service/pkg/proto/trip_grpc.pb.go:158.16,160.3 1 0
pinz/backend/trip-service/pkg/proto/trip_grpc.pb.go:161.2,161.17 1 0
pinz/backend/trip-service/pkg/proto/trip_grpc.pb.go:164.135,168.16 4 0
pinz/backend/trip-service/pkg/proto/trip_grpc.pb.go:168.16,170.3 1 0
pinz/backend/trip-service/pkg/proto/trip_grpc.pb.go:171.2,171.17 1 0
pinz/backend/trip-service/pkg/proto/trip_grpc.pb.go:174.147,178.16 4 0
pinz/backend/trip-service/pkg/proto/trip_grpc.pb.go:178.16,180.3 1 0
pinz/backend/trip-service/pkg/proto/trip_grpc.pb.go:181.2,181.17 1 0
pinz/backend/trip-service/pkg/proto/trip_grpc.pb.go:184.168,188.16 4 0
pinz/backend/trip-service/pkg/proto/trip_grpc.pb.go:188.16,190.3 1 0
pinz/backend/trip-service/pkg/proto/trip_grpc.pb.go:191.2,191.17 1 0
pinz/backend/trip-service/pkg/proto/trip_grpc.pb.go:194.171,198.16 4 0
pinz/backend/trip-service/pkg/proto/trip_grpc.pb.go:198.16,200.3 1 0
pinz/backend/trip-service/pkg/proto/trip_grpc.pb.go:201.2,201.17 1 0
pinz/backend/trip-service/pkg/proto/trip_grpc.pb.go:204.147,208.16 4 0
pinz/backend/trip-service/pkg/proto/trip_grpc.pb.go:208.16,210.3 1 0
pinz/backend/trip-service/pkg/proto/trip_grpc.pb.go:211.2,211.17 1 0
pinz/backend/trip-service/pkg/proto/trip_grpc.pb.go:214.144,218.16 4 0
pinz/backend/trip-service/pkg/proto/trip_grpc.pb.go:218.16,220.3 1 0
pinz/backend/trip-service/pkg/proto/trip_grpc.pb.go:221.2,221.17 1 0
pinz/backend/trip-service/pkg/proto/trip_grpc.pb.go:224.141,228.16 4 0
pinz/backend/trip-service/pkg/proto/trip_grpc.pb.go:228.16,230.3 1 0
pinz/backend/trip-service/pkg/proto/trip_grpc.pb.go:231.2,231.17 1 0
pinz/backend/trip-service/pkg/proto/trip_grpc.pb.go:234.162,238.16 4 0
pinz/backend/trip-service/pkg/proto/trip_grpc.pb.go:238.16,240.3 1 0
pinz/backend/trip-service/pkg/proto/trip_grpc.pb.go:241.2,241.17 1 0
pinz/backend/trip-service/pkg/proto/trip_grpc.pb.go:244.132,248.16 4 0
pinz/backend/trip-service/pkg/proto/trip_grpc.pb.go:248.16,250.3 1 0
pinz/backend/trip-service/pkg/proto/trip_grpc.pb.go:251.2,251.17 1 0
pinz/backend/trip-service/pkg/proto/trip_grpc.pb.go:254.132,258.16 4 0
pinz/backend/trip-service/pkg/proto/trip_grpc.pb.go:258.16,260.3 1 0
pinz/backend/trip-service/pkg/proto/trip_grpc.pb.go:261.2,261.17 1 0
pinz/backend/trip-service/pkg/proto/trip_grpc.pb.go:264.141,268.16 4 0
pinz/backend/trip-service/pkg/proto/trip_grpc.pb.go:268.16,270.3 1 0
pinz/backend/trip-service/pkg/proto/trip_grpc.pb.go:271.2,271.17 1 0
pinz/backend/trip-service/pkg/proto/trip_grpc.pb.go:274.153,278.16 4 0
pinz/backend/trip-service/pkg/proto/trip_grpc.pb.go:278.16,280.3 1 0
pinz/backend/trip-service/pkg/proto/trip_grpc.pb.go:281.2,281.17 1 0
pinz/backend/trip-service/pkg/proto/trip_grpc.pb.go:284.168,288.16 4 0
pinz/backend/trip-service/pkg/proto/trip_grpc.pb.go:288.16,290.3 1 0
pinz/backend/trip-service/pkg/proto/trip_grpc.pb.go:291.2,291.17 1 0
pinz/backend/trip-service/pkg/proto/trip_grpc.pb.go:333.116,335.2 1 0
pinz/backend/trip-service/pkg/proto/trip_grpc.pb.go:336.107,338.2 1 0
pinz/backend/trip-service/pkg/proto/trip_grpc.pb.go:339.125,341.2 1 0
pinz/backend/trip-service/pkg/proto/trip_grpc.pb.go:342.116,344.2 1 0
pinz/backend/trip-service/pkg/proto/trip_grpc.pb.go:345.116,347.2 1 0
pinz/backend/trip-service/pkg/proto/trip_grpc.pb.go:348.140,350.2 1 0
pinz/backend/trip-service/pkg/proto/trip_grpc.pb.go:351.131,353.2 1 0
pinz/backend/trip-service/pkg/proto/trip_grpc.pb.go:354.137,356.2 1 0
pinz/backend/trip-service/pkg/proto/trip_grpc.pb.go:357.113,359.2 1 0
pinz/backend/trip-service/pkg/proto/trip_grpc.pb.go:360.125,362.2 1 0
pinz/backend/trip-service/pkg/proto/trip_grpc.pb.go:363.146,365.2 1 0
pinz/backend/trip-service/pkg/proto/trip_grpc.pb.go:366.149,368.2 1 0
pinz/backend/trip-service/pkg/proto/trip_grpc.pb.go:369.125,371.2 1 0
pinz/backend/trip-service/pkg/proto/trip_grpc.pb.go:372.122,374.2 1 0
pinz/backend/trip-service/pkg/proto/trip_grpc.pb.go:375.119,377.2 1 0
pinz/backend/trip-service/pkg/proto/trip_grpc.pb.go:378.140,380.2 1 0
pinz/backend/trip-service/pkg/proto/trip_grpc.pb.go:381.110,383.2 1 0
pinz/backend/trip-service/pkg/proto/trip_grpc.pb.go:384.110,386.2 1 0
pinz/backend/trip-service/pkg/proto/trip_grpc.pb.go:387.119,389.2 1 0
pinz/backend/trip-service/pkg/proto/trip_grpc.pb.go:390.131,392.2 1 0
pinz/backend/trip-service/pkg/proto/trip_grpc.pb.go:393.146,395.2 1 0
pinz/backend/trip-service/pkg/proto/trip_grpc.pb.go:396.82,396.83 0 0
pinz/backend/trip-service/pkg/proto/trip_grpc.pb.go:397.82,397.83 0 0
pinz/backend/trip-service/pkg/proto/trip_grpc.pb.go:406.80,411.59 1 0
pinz/backend/trip-service/pkg/proto/trip_grpc.pb.go:411.59,413.3 1 0
pinz/backend/trip-service/pkg/proto/trip_grpc.pb.go:414.2,414.50 1 0
pinz/backend/trip-service/pkg/proto/trip_grpc.pb.go:417.167,419.32 2 0
pinz/backend/trip-service/pkg/proto/trip_grpc.pb.go:419.32,421.3 1 0
pinz/backend/trip-service/pkg/proto/trip_grpc.pb.go:422.2,422.24 1 0
pinz/backend/trip-service/pkg/proto/trip_grpc.pb.go:422.24,424.3 1 0
pinz/backend/trip-service/pkg/proto/trip_grpc.pb.go:425.2,429.77 2 0
pinz/backend/trip-service/pkg/proto/trip_grpc.pb.go:429.77,431.3 1 0
pinz/backend/trip-service/pkg/proto/trip_grpc.pb.go:432.2,432.44 1 0
pinz/backend/trip-service/pkg/proto/trip_grpc.pb.go:435.164,437.32 2 0
pinz/backend/trip-service/pkg/proto/trip_grpc.pb.go:437.32,439.3 1 0
pinz/backend/trip-service/pkg/proto/trip_grpc.pb.go:440.2,440.24 1 0
pinz/backend/trip-service/pkg/proto/trip_grpc.pb.go:440.24,442.3 1 0
pinz/backend/trip-service/pkg/proto/trip_grpc.pb.go:443.2,447.77 2 0
pinz/backend/trip-service/pkg/proto/trip_grpc.pb.go:447.77,449.3 1 0
pinz/backend/trip-service/pkg/proto/trip_grpc.pb.go:450.2,450.44 1 0
pinz/backend/trip-service/pkg/proto/trip_grpc.pb.go:453.170,455.32 2 0
pinz/backend/trip-service/pkg/proto/trip_grpc.pb.go:455.32,457.3 1 0
pinz/backend/trip-service/pkg/proto/trip_grpc.pb.go:458.2,458.24 1 0
pinz/backend/trip-service/pkg/proto/trip_grpc.pb.go:458.24,460.3 1 0
pinz/backend/trip-service/pkg/proto/trip_grpc.pb.go:461.2,465.77 2 0
pinz/backend/trip-service/pkg/proto/trip_grpc.pb.go:465.77,467.3 1 0
pinz/backend/trip-service/pkg/proto/trip_grpc.pb.go:468.2,468.44 1 0
pinz/backend/trip-service/pkg/proto/trip_grpc.pb.go:471.167,473.32 2 0
pinz/backend/trip-service/pkg/proto/trip_grpc.pb.go:473.32,475.3 1 0
pinz/backend/trip-service/pkg/proto/trip_grpc.pb.go:476.2,476.24 1 0
pinz/backend/trip-service/pkg/proto/trip_grpc.pb.go:476.24,478.3 1 0
pinz/backend/trip-service/pkg/proto/trip_grpc.pb.go:479.2,483.77 2 0
pinz/backend/trip-service/pkg/proto/trip_grpc.pb.go:483.77,485.3 1 0
pinz/backend/trip-service/pkg/proto/trip_grpc.pb.go:486.2,486.44 1 0
pinz/backend/trip-service/pkg/proto/trip_grpc.pb.go:489.167,491.32 2 0
pinz/backend/trip-service/pkg/proto/trip_grpc.pb.go:491.32,493.3 1 0
pinz/backend/trip-service/pkg/proto/trip_grpc.pb.go:494.2,494.24 1 0
pinz/backend/trip-service/pkg/proto/trip_grpc.pb.go:494.24,496.3 1 0
pinz/backend/trip-service/pkg/proto/trip_grpc.pb.go:497.2,501.77 2 0
pinz/backend/trip-service/pkg/proto/trip_grpc.pb.go:501.77,503.3 1 0
pinz/backend/trip-service/pkg/proto/trip_grpc.pb.go:504.2,504.44 1 0
pinz/backend/trip-service/pkg/proto/trip_grpc.pb.go:507.175,509.32 2 0
pinz/backend/trip-service/pkg/proto/trip_grpc.pb.go:509.32,511.3 1 0
pinz/backend/trip-service/pkg/proto/trip_grpc.pb.go:512.2,512.24 1 0
pinz/backend/trip-service/pkg/proto/trip_grpc.pb.go:512.24,514.3 1 0
pinz/backend/trip-service/pkg/proto/trip_grpc.pb.go:515.2,519.77 2 0
pinz/backend/trip-service/pkg/proto/trip_grpc.pb.go:519.77,521.3 1 0
pinz/backend/trip-service/pkg/proto/trip_grpc.pb.go:522.2,522.44 1 0
pinz/backend/trip-service/pkg/proto/trip_grpc.pb.go:525.172,527.32 2 0
pinz/backend/trip-service/pkg/proto/trip_grpc.pb.go:527.32,529.3 1 0
pinz/backend/trip-service/pkg/proto/trip_grpc.pb.go:530.2,530.24 1 0
pinz/backend/trip-service/pkg/proto/trip_grpc.pb.go:530.24,532.3 1 0
pinz/backend/trip-service/pkg/proto/trip_grpc.pb.go:533.2,537.77 2 0
pinz/backend/trip-service/pkg/proto/trip_grpc.pb.go:537.77,539.3 1 0
pinz/backend/trip-service/pkg/proto/trip_grpc.pb.go:540.2,540.44 1 0
pinz/backend/trip-service/pkg/proto/trip_grpc.pb.go:543.174,545.32 2 0
pinz/backend/trip-service/pkg/proto/trip_grpc.pb.go:545.32,547.3 1 0
pinz/backend/trip-service/pkg/proto/trip_grpc.pb.go:548.2,548.24 1 0
pinz/backend/trip-service/pkg/proto/trip_grpc.pb.go:548.24,550.3 1 0
pinz/backend/trip-service/pkg/proto/trip_grpc.pb.go:551.2,555.77 2 0
pinz/backend/trip-service/pkg/proto/trip_grpc.pb.go:555.77,557.3 1 0
pinz/backend/trip-service/pkg/proto/trip_grpc.pb.go:558.2,558.44 1 0
pinz/backend/trip-service/pkg/proto/trip_grpc.pb.go:561.166,563.32 2 0
pinz/backend/trip-service/pkg/proto/trip_grpc.pb.go:563.32,565.3 1 0
pinz/backend/trip-service/pkg/proto/trip_grpc.pb.go:566.2,566.24 1 0
pinz/backend/trip-service/pkg/proto/trip_grpc.pb.go:566.24,568.3 1 0
pinz/backend/trip-service/pkg/proto/trip_grpc.pb.go:569.2,573.77 2 0
pinz/backend/trip-service/pkg/proto/trip_grpc.pb.go:573.77,575.3 1 0
pinz/backend/trip-service/pkg/proto/trip_grpc.pb.go:576.2,576.44 1 0
pinz/backend/trip-service/pkg/proto/trip_grpc.pb.go:579.170,581.32 2 0
pinz/backend/trip-service/pkg/proto/trip_grpc.pb.go:581.32,583.3 1 0
pinz/backend/trip-service/pkg/proto/trip_grpc.pb.go:584.2,584.24 1 0
pinz/backend/trip-service/pkg/proto/trip_grpc.pb.go:584.24,586.3 1 0
pinz/backend/trip-service/pkg/proto/trip_grpc.pb.go:587.2,591.77 2 0
pinz/backend/trip-service/pkg/proto/trip_grpc.pb.go:591.77,593.3 1 0
pinz/backend/trip-service/pkg/proto/trip_grpc.pb.go:594.2,594.44 1 0
pinz/backend/trip-service/pkg/proto/trip_grpc.pb.go:597.177,599.32 2 0
pinz/backend/trip-service/pkg/proto/trip_grpc.pb.go:599.32,601.3 1 0
pinz/backend/trip-service/pkg/proto/trip_grpc.pb.go:602.2,602.24 1 0
pinz/backend/trip-service/pkg/proto/trip_grpc.pb.go:602.24,604.3 1 0
pinz/backend/trip-service/pkg/proto/trip_grpc.pb.go:605.2,609.77 2 0
pinz/backend/trip-service/pkg/proto/trip_grpc.pb.go:609.77,611.3 1 0
pinz/backend/trip-service/pkg/proto/trip_grpc.pb.go:612.2,612.44 1 0
pinz/backend/trip-service/pkg/proto/trip_grpc.pb.go:615.178,617.32 2 0
pinz/backend/trip-service/pkg/proto/trip_grpc.pb.go:617.32,619.3 1 0
pinz/backend/trip-service/pkg/proto/trip_grpc.pb.go:620.2,620.24 1 0
pinz/backend/trip-service/pkg/proto/trip_grpc.pb.go:620.24,622.3 1 0
pinz/backend/trip-service/pkg/proto/trip_grpc.pb.go:623.2,627.77 2 0
pinz/backend/trip-service/pkg/proto/trip_grpc.pb.go:627.77,629.3 1 0
pinz/backend/trip-service/pkg/proto/trip_grpc.pb.go:630.2,630.44 1 0
pinz/backend/trip-service/pkg/proto/trip_grpc.pb.go:633.170,635.32 2 0
pinz/backend/trip-service/pkg/proto/trip_grpc.pb.go:635.32,637.3 1 0
pinz/backend/trip-service/pkg/proto/trip_grpc.pb.go:638.2,638.24 1 0
pinz/backend/trip-service/pkg/proto/trip_grpc.pb.go:638.24,640.3 1 0
pinz/backend/trip-service/pkg/proto/trip_grpc.pb.go:641.2,645.77 2 0
pinz/backend/trip-service/pkg/proto/trip_grpc.pb.go:645.77,647.3 1 0
pinz/backend/trip-service/pkg/proto/trip_grpc.pb.go:648.2,648.44 1 0
pinz/backend/trip-service/pkg/proto/trip_grpc.pb.go:651.169,653.32 2 0
pinz/backend/trip-service/pkg/proto/trip_grpc.pb.go:653.32,655.3 1 0
pinz/backend/trip-service/pkg/proto/trip_grpc.pb.go:656.2,656.24 1 0
pinz/backend/trip-service/pkg/proto/trip_grpc.pb.go:656.24,658.3 1 0
pinz/backend/trip-service/pkg/proto/trip_grpc.pb.go:659.2,663.77 2 0
pinz/backend/trip-service/pkg/proto/trip_grpc.pb.go:663.77,665.3 1 0
pinz/backend/trip-service/pkg/proto/trip_grpc.pb.go:666.2,666.44 1 0
pinz/backend/trip-service/pkg/proto/trip_grpc.pb.go:669.168,671.32 2 0
pinz/backend/trip-service/pkg/proto/trip_grpc.pb.go:671.32,673.3 1 0
pinz/backend/trip-service/pkg/proto/trip_grpc.pb.go:674.2,674.24 1 0
pinz/backend/trip-service/pkg/proto/trip_grpc.pb.go:674.24,676.3 1 0
pinz/backend/trip-service/pkg/proto/trip_grpc.pb.go:677.2,681.77 2 0
pinz/backend/trip-service/pkg/proto/trip_grpc.pb.go:681.77,683.3 1 0
pinz/backend/trip-service/pkg/proto/trip_grpc.pb.go:684.2,684.44 1 0
pinz/backend/trip-service/pkg/proto/trip_grpc.pb.go:687.175,689.32 2 0
pinz/backend/trip-service/pkg/proto/trip_grpc.pb.go:689.32,691.3 1 0
pinz/backend/trip-service/pkg/proto/trip_grpc.pb.go:692.2,692.24 1 0
pinz/backend/trip-service/pkg/proto/trip_grpc.pb.go:692.24,694.3 1 0
pinz/backend/trip-service/pkg/proto/trip_grpc.pb.go:695.2,699.77 2 0
pinz/backend/trip-service/pkg/proto/trip_grpc.pb.go:699.77,701.3 1 0
pinz/backend/trip-service/pkg/proto/trip_grpc.pb.go:702.2,702.44 1 0
pinz/backend/trip-service/pkg/proto/trip_grpc.pb.go:705.165,707.32 2 0
pinz/backend/trip-service/pkg/proto/trip_grpc.pb.go:707.32,709.3 1 0
pinz/backend/trip-service/pkg/proto/trip_grpc.pb.go:710.2,710.24 1 0
pinz/backend/trip-service/pkg/proto/trip_grpc.pb.go:710.24,712.3 1 0
pinz/backend/trip-service/pkg/proto/trip_grpc.pb.go:713.2,717.77 2 0
pinz/backend/trip-service/pkg/proto/trip_grpc.pb.go:717.77,719.3 1 0
pinz/backend/trip-service/pkg/proto/trip_grpc.pb.go:720.2,720.44 1 0
pinz/backend/trip-service/pkg/proto/trip_grpc.pb.go:723.165,725.32 2 0
pinz/backend/trip-service/pkg/proto/trip_grpc.pb.go:725.32,727.3 1 0
pinz/backend/trip-service/pkg/proto/trip_grpc.pb.go:728.2,728.24 1 0
pinz/backend/trip-service/pkg/proto/trip_grpc.pb.go:728.24,730.3 1 0
pinz/backend/trip-service/pkg/proto/trip_grpc.pb.go:731.2,735.77 2 0
pinz/backend/trip-service/pkg/proto/trip_grpc.pb.go:735.77,737.3 1 0
pinz/backend/trip-service/pkg/proto/trip_grpc.pb.go:738.2,738.44 1 0
pinz/backend/trip-service/pkg/proto/trip_grpc.pb.go:741.168,743.32 2 0
pinz/backend/trip-service/pkg/proto/trip_grpc.pb.go:743.32,745.3 1 0
pinz/backend/trip-service/pkg/proto/trip_grpc.pb.go:746.2,746.24 1 0
pinz/backend/trip-service/pkg/proto/trip_grpc.pb.go:746.24,748.3 1 0
pinz/backend/trip-service/pkg/proto/trip_grpc.pb.go:749.2,753.77 2 0
pinz/backend/trip-service/pkg/proto/trip_grpc.pb.go:753.77,755.3 1 0
pinz/backend/trip-service/pkg/proto/trip_grpc.pb.go:756.2,756.44 1 0
pinz/backend/trip-service/pkg/proto/trip_grpc.pb.go:759.172,761.32 2 0
pinz/backend/trip-service/pkg/proto/trip_grpc.pb.go:761.32,763.3 1 0
pinz/backend/trip-service/pkg/proto/trip_grpc.pb.go:764.2,764.24 1 0
pinz/backend/trip-service/pkg/proto/trip_grpc.pb.go:764.24,766.3 1 0
pinz/backend/trip-service/pkg/proto/trip_grpc.pb.go:767.2,771.77 2 0
pinz/backend/trip-service/pkg/proto/trip_grpc.pb.go:771.77,773.3 1 0
pinz/backend/trip-service/pkg/proto/trip_grpc.pb.go:774.2,774.44 1 0
pinz/backend/trip-service/pkg/proto/trip_grpc.pb.go:777.177,779.32 2 0
pinz/backend/trip-service/pkg/proto/trip_grpc.pb.go:779.32,781.3 1 0
pinz/backend/trip-service/pkg/proto/trip_grpc.pb.go:782.2,782.24 1 0
pinz/backend/trip-service/pkg/proto/trip_grpc.pb.go:782.24,784.3 1 0
pinz/backend/trip-service/pkg/proto/trip_grpc.pb.go:785.2,789.77 2 0
pinz/backend/trip-service/pkg/proto/trip_grpc.pb.go:789.77,791.3 1 0
pinz/backend/trip-service/pkg/proto/trip_grpc.pb.go:792.2,792.44 1 0
pinz/backend/trip-service/internal/worker/worker.go:29.201,30.44 1 0
pinz/backend/trip-service/internal/worker/worker.go:30.44,34.3 3 0
pinz/backend/trip-service/internal/worker/worker.go:36.2,36.62 1 0
pinz/backend/trip-service/internal/worker/worker.go:36.62,38.3 1 0
pinz/backend/trip-service/internal/worker/worker.go:40.2,42.6 2 0
pinz/backend/trip-service/internal/worker/worker.go:42.6,43.10 1 0
pinz/backend/trip-service/internal/worker/worker.go:44.21,46.14 2 0
pinz/backend/trip-service/internal/worker/worker.go:47.11,47.11 0 0
pinz/backend/trip-service/internal/worker/worker.go:50.3,57.17 2 0
pinz/backend/trip-service/internal/worker/worker.go:57.17,58.24 1 0
pinz/backend/trip-service/internal/worker/worker.go:58.24,59.13 1 0
pinz/backend/trip-service/internal/worker/worker.go:61.4,63.12 3 0
pinz/backend/trip-service/internal/worker/worker.go:66.3,66.34 1 0
pinz/backend/trip-service/internal/worker/worker.go:66.34,67.40 1 0
pinz/backend/trip-service/internal/worker/worker.go:67.40,69.12 2 0
pinz/backend/trip-service/internal/worker/worker.go:69.12,71.14 2 0
pinz/backend/trip-service/internal/worker/worker.go:73.5,74.28 2 0
pinz/backend/trip-service/internal/worker/worker.go:74.28,76.14 2 0
pinz/backend/trip-service/internal/worker/worker.go:79.5,79.90 1 0
pinz/backend/trip-service/internal/worker/worker.go:79.90,81.6 1 0
pinz/backend/trip-service/internal/worker/worker.go:83.5,83.75 1 0
pinz/backend/trip-service/internal/worker/worker.go:89.75,90.19 1 0
pinz/backend/trip-service/internal/worker/worker.go:90.19,92.3 1 0
pinz/backend/trip-service/internal/worker/worker.go:95.2,95.136 1 0
pinz/backend/trip-service/internal/worker/worker.go:95.136,98.3 2 0
pinz/backend/trip-service/internal/worker/worker.go:99.2,99.12 1 0
pinz/backend/trip-service/internal/worker/worker.go:102.37,105.2 1 1
pinz/backend/trip-service/internal/worker/worker.go:107.197,109.16 2 0
pinz/backend/trip-service/internal/worker/worker.go:109.16,111.3 1 0
pinz/backend/trip-service/internal/worker/worker.go:115.2,115.41 1 0
pinz/backend/trip-service/internal/worker/worker.go:115.41,116.74 1 0
pinz/backend/trip-service/internal/worker/worker.go:116.74,118.4 1 0
pinz/backend/trip-service/internal/worker/worker.go:121.2,122.16 2 0
pinz/backend/trip-service/internal/worker/worker.go:122.16,124.3 1 0
pinz/backend/trip-service/internal/worker/worker.go:126.2,126.33 1 0
pinz/backend/trip-service/internal/worker/worker.go:126.33,132.3 2 0
pinz/backend/trip-service/internal/worker/worker.go:134.2,134.12 1 0
pinz/backend/trip-service/internal/services/grouping.go:12.105,14.39 2 0
pinz/backend/trip-service/internal/services/grouping.go:14.39,16.3 1 0
pinz/backend/trip-service/internal/services/grouping.go:18.2,21.30 4 0
pinz/backend/trip-service/internal/services/grouping.go:21.30,22.46 1 0
pinz/backend/trip-service/internal/services/grouping.go:22.46,24.4 1 0
pinz/backend/trip-service/internal/services/grouping.go:24.9,24.33 1 0
pinz/backend/trip-service/internal/services/grouping.go:24.33,26.4 1 0
pinz/backend/trip-service/internal/services/grouping.go:26.9,28.4 1 0
pinz/backend/trip-service/internal/services/grouping.go:31.2,32.16 2 0
pinz/backend/trip-service/internal/services/grouping.go:32.16,35.29 2 0
pinz/backend/trip-service/internal/services/grouping.go:35.29,37.4 1 0
pinz/backend/trip-service/internal/services/grouping.go:40.2,41.28 2 0
pinz/backend/trip-service/internal/services/grouping.go:41.28,44.3 2 0
pinz/backend/trip-service/internal/services/grouping.go:46.2,47.31 2 0
pinz/backend/trip-service/internal/services/grouping.go:47.31,48.20 1 0
pinz/backend/trip-service/internal/services/grouping.go:48.20,49.12 1 0
pinz/backend/trip-service/internal/services/grouping.go:51.3,51.29 1 0
pinz/backend/trip-service/internal/services/grouping.go:51.29,52.45 1 0
pinz/backend/trip-service/internal/services/grouping.go:52.45,54.10 2 0
pinz/backend/trip-service/internal/services/grouping.go:58.2,58.34 1 0
pinz/backend/trip-service/internal/services/grouping.go:58.34,61.37 3 0
pinz/backend/trip-service/internal/services/grouping.go:61.37,63.16 2 0
pinz/backend/trip-service/internal/services/grouping.go:63.16,65.5 1 0
pinz/backend/trip-service/internal/services/grouping.go:66.4,66.45 1 0
pinz/backend/trip-service/internal/services/grouping.go:66.45,69.10 3 0
pinz/backend/trip-service/internal/services/grouping.go:72.3,72.16 1 0
pinz/backend/trip-service/internal/services/grouping.go:72.16,74.4 1 0
pinz/backend/trip-service/internal/services/grouping.go:77.2,78.32 2 0
pinz/backend/trip-service/internal/services/grouping.go:78.32,80.3 1 0
pinz/backend/trip-service/internal/services/grouping.go:82.2,84.28 3 0
pinz/backend/trip-service/internal/services/grouping.go:84.28,86.17 2 0
pinz/backend/trip-service/internal/services/grouping.go:86.17,89.4 2 0
pinz/backend/trip-service/internal/services/grouping.go:91.2,91.25 1 0
pinz/backend/trip-service/internal/services/grouping.go:91.25,93.3 1 0
pinz/backend/trip-service/internal/services/grouping.go:94.2,94.15 1 0
pinz/backend/trip-service/internal/services/grouping.go:97.140,99.38 2 0
pinz/backend/trip-service/internal/services/grouping.go:99.38,101.3 1 0
pinz/backend/trip-service/internal/services/grouping.go:102.2,104.29 3 0
pinz/backend/trip-service/internal/services/grouping.go:104.29,105.26 1 0
pinz/backend/trip-service/internal/services/grouping.go:105.26,106.59 1 0
pinz/backend/trip-service/internal/services/grouping.go:106.59,108.5 1 0
pinz/backend/trip-service/internal/services/grouping.go:109.4,109.54 1 0
pinz/backend/trip-service/internal/services/grouping.go:109.54,111.5 1 0
pinz/backend/trip-service/internal/services/grouping.go:113.3,113.60 1 0
pinz/backend/trip-service/internal/services/grouping.go:113.60,116.4 2 0
pinz/backend/trip-service/internal/services/grouping.go:118.2,119.16 2 0
pinz/backend/trip-service/internal/services/grouping.go:119.16,121.3 1 0
pinz/backend/trip-service/internal/services/grouping.go:122.2,126.25 5 0
pinz/backend/trip-service/internal/services/grouping.go:129.41,130.12 1 1
pinz/backend/trip-service/internal/services/grouping.go:131.33,132.16 1 1
pinz/backend/trip-service/internal/services/grouping.go:133.19,134.16 1 1
pinz/backend/trip-service/internal/services/grouping.go:135.20,136.17 1 1
pinz/backend/trip-service/internal/services/grouping.go:137.19,138.16 1 1
pinz/backend/trip-service/internal/services/grouping.go:139.25,140.16 1 1
pinz/backend/trip-service/internal/services/grouping.go:141.10,142.16 1 1
pinz/backend/trip-service/internal/services/trip_service.go:46.16,59.2 1 1
pinz/backend/trip-service/internal/services/trip_service.go:61.114,63.9 2 1
pinz/backend/trip-service/internal/services/trip_service.go:63.9,65.3 1 1
pinz/backend/trip-service/internal/services/trip_service.go:67.2,68.20 2 1
pinz/backend/trip-service/internal/services/trip_service.go:68.20,70.3 1 1
pinz/backend/trip-service/internal/services/trip_service.go:71.2,71.31 1 1
pinz/backend/trip-service/internal/services/trip_service.go:71.31,73.3 1 1
pinz/backend/trip-service/internal/services/trip_service.go:74.2,74.54 1 1
pinz/backend/trip-service/internal/services/trip_service.go:74.54,76.3 1 1
pinz/backend/trip-service/internal/services/trip_service.go:77.2,78.51 2 1
pinz/backend/trip-service/internal/services/trip_service.go:78.51,80.3 1 1
pinz/backend/trip-service/internal/services/trip_service.go:81.2,82.45 2 1
pinz/backend/trip-service/internal/services/trip_service.go:82.45,84.3 1 1
pinz/backend/trip-service/internal/services/trip_service.go:85.2,86.24 2 1
pinz/backend/trip-service/internal/services/trip_service.go:86.24,88.3 1 0
pinz/backend/trip-service/internal/services/trip_service.go:89.2,89.41 1 1
pinz/backend/trip-service/internal/services/trip_service.go:89.41,91.3 1 1
pinz/backend/trip-service/internal/services/trip_service.go:93.2,94.37 2 1
pinz/backend/trip-service/internal/services/trip_service.go:94.37,96.3 1 0
pinz/backend/trip-service/internal/services/trip_service.go:97.2,110.48 2 1
pinz/backend/trip-service/internal/services/trip_service.go:110.48,112.3 1 1
pinz/backend/trip-service/internal/services/trip_service.go:113.2,114.59 2 1
pinz/backend/trip-service/internal/services/trip_service.go:114.59,116.3 1 0
pinz/backend/trip-service/internal/services/trip_service.go:117.2,118.43 2 1
pinz/backend/trip-service/internal/services/trip_service.go:118.43,126.3 3 0
pinz/backend/trip-service/internal/services/trip_service.go:127.2,131.8 1 1
pinz/backend/trip-service/internal/services/trip_service.go:134.105,136.9 2 1
pinz/backend/trip-service/internal/services/trip_service.go:136.9,138.3 1 1
pinz/backend/trip-service/internal/services/trip_service.go:139.2,140.18 2 1
pinz/backend/trip-service/internal/services/trip_service.go:140.18,142.3 1 1
pinz/backend/trip-service/internal/services/trip_service.go:143.2,144.16 2 1
pinz/backend/trip-service/internal/services/trip_service.go:144.16,145.27 1 0
pinz/backend/trip-service/internal/services/trip_service.go:145.27,147.4 1 0
pinz/backend/trip-service/internal/services/trip_service.go:148.3,148.65 1 0
pinz/backend/trip-service/internal/services/trip_service.go:150.2,151.16 2 1
pinz/backend/trip-service/internal/services/trip_service.go:151.16,153.3 1 0
pinz/backend/trip-service/internal/services/trip_service.go:154.2,154.8 1 1
pinz/backend/trip-service/internal/services/trip_service.go:154.8,156.17 2 1
pinz/backend/trip-service/internal/services/trip_service.go:156.17,158.4 1 0
pinz/backend/trip-service/internal/services/trip_service.go:159.3,159.19 1 1
pinz/backend/trip-service/internal/services/trip_service.go:162.2,163.16 2 1
pinz/backend/trip-service/internal/services/trip_service.go:163.16,165.3 1 0
pinz/backend/trip-service/internal/services/trip_service.go:166.2,166.12 1 1
pinz/backend/trip-service/internal/services/trip_service.go:166.12,168.17 2 0
pinz/backend/trip-service/internal/services/trip_service.go:168.17,170.4 1 0
pinz/backend/trip-service/internal/services/trip_service.go:171.3,171.19 1 0
pinz/backend/trip-service/internal/services/trip_service.go:173.2,173.71 1 1
pinz/backend/trip-service/internal/services/trip_service.go:177.95,179.16 2 1
pinz/backend/trip-service/internal/services/trip_service.go:179.16,181.3 1 0
pinz/backend/trip-service/internal/services/trip_service.go:182.2,183.22 2 1
pinz/backend/trip-service/internal/services/trip_service.go:183.22,185.3 1 0
pinz/backend/trip-service/internal/services/trip_service.go:186.2,187.27 2 1
pinz/backend/trip-service/internal/services/trip_service.go:187.27,189.17 2 0
pinz/backend/trip-service/internal/services/trip_service.go:189.17,191.4 1 0
pinz/backend/trip-service/internal/services/trip_service.go:192.3,193.18 2 0
pinz/backend/trip-service/internal/services/trip_service.go:193.18,195.4 1 0
pinz/backend/trip-service/internal/services/trip_service.go:196.3,196.71 1 0
pinz/backend/trip-service/internal/services/trip_service.go:198.2,201.8 1 1
pinz/backend/trip-service/internal/services/trip_service.go:204.97,213.25 2 0
pinz/backend/trip-service/internal/services/trip_service.go:213.25,215.3 1 0
pinz/backend/trip-service/internal/services/trip_service.go:216.2,216.26 1 0
pinz/backend/trip-service/internal/services/trip_service.go:216.26,218.3 1 0
pinz/backend/trip-service/internal/services/trip_service.go:219.2,219.26 1 0
pinz/backend/trip-service/internal/services/trip_service.go:219.26,221.3 1 0
pinz/backend/trip-service/internal/services/trip_service.go:222.2,222.24 1 0
pinz/backend/trip-service/internal/services/trip_service.go:222.24,224.3 1 0
pinz/backend/trip-service/internal/services/trip_service.go:225.2,225.30 1 0
pinz/backend/trip-service/internal/services/trip_service.go:225.30,232.26 2 0
pinz/backend/trip-service/internal/services/trip_service.go:232.26,234.4 1 0
pinz/backend/trip-service/internal/services/trip_service.go:235.3,235.36 1 0
pinz/backend/trip-service/internal/services/trip_service.go:237.2,237.12 1 0
pinz/backend/trip-service/internal/services/trip_service.go:240.123,242.9 2 1
pinz/backend/trip-service/internal/services/trip_service.go:242.9,244.3 1 1
pinz/backend/trip-service/internal/services/trip_service.go:245.2,246.31 2 0
pinz/backend/trip-service/internal/services/trip_service.go:246.31,248.3 1 0
pinz/backend/trip-service/internal/services/trip_service.go:249.2,250.16 2 0
pinz/backend/trip-service/internal/services/trip_service.go:250.16,252.3 1 0
pinz/backend/trip-service/internal/services/trip_service.go:253.2,254.16 2 0
pinz/backend/trip-service/internal/services/trip_service.go:254.16,256.3 1 0
pinz/backend/trip-service/internal/services/trip_service.go:257.2,258.26 2 0
pinz/backend/trip-service/internal/services/trip_service.go:258.26,260.3 1 0
pinz/backend/trip-service/internal/services/trip_service.go:261.2,261.51 1 0
pinz/backend/trip-service/internal/services/trip_service.go:264.114,266.9 2 1
pinz/backend/trip-service/internal/services/trip_service.go:266.9,268.3 1 1
pinz/backend/trip-service/internal/services/trip_service.go:269.2,270.18 2 1
pinz/backend/trip-service/internal/services/trip_service.go:270.18,272.3 1 1
pinz/backend/trip-service/internal/services/trip_service.go:273.2,274.16 2 1
pinz/backend/trip-service/internal/services/trip_service.go:274.16,275.27 1 0
pinz/backend/trip-service/internal/services/trip_service.go:275.27,277.4 1 0
pinz/backend/trip-service/internal/services/trip_service.go:278.3,278.65 1 0
pinz/backend/trip-service/internal/services/trip_service.go:281.2,282.16 2 1
pinz/backend/trip-service/internal/services/trip_service.go:282.16,284.3 1 0
pinz/backend/trip-service/internal/services/trip_service.go:285.2,285.18 1 1
pinz/backend/trip-service/internal/services/trip_service.go:285.18,287.3 1 1
pinz/backend/trip-service/internal/services/trip_service.go:289.2,289.21 1 0
pinz/backend/trip-service/internal/services/trip_service.go:289.21,291.32 2 0
pinz/backend/trip-service/internal/services/trip_service.go:291.32,293.4 1 0
pinz/backend/trip-service/internal/services/trip_service.go:294.3,294.19 1 0
pinz/backend/trip-service/internal/services/trip_service.go:296.2,296.28 1 0
pinz/backend/trip-service/internal/services/trip_service.go:296.28,297.51 1 0
pinz/backend/trip-service/internal/services/trip_service.go:297.51,299.4 1 0
pinz/backend/trip-service/internal/services/trip_service.go:300.3,300.38 1 0
pinz/backend/trip-service/internal/services/trip_service.go:302.2,302.25 1 0
pinz/backend/trip-service/internal/services/trip_service.go:302.25,303.39 1 0
pinz/backend/trip-service/internal/services/trip_service.go:303.39,305.4 1 0
pinz/backend/trip-service/internal/services/trip_service.go:306.3,306.32 1 0
pinz/backend/trip-service/internal/services/trip_service.go:308.2,308.23 1 0
pinz/backend/trip-service/internal/services/trip_service.go:308.23,309.35 1 0
pinz/backend/trip-service/internal/services/trip_service.go:309.35,311.4 1 0
pinz/backend/trip-service/internal/services/trip_service.go:312.3,312.28 1 0
pinz/backend/trip-service/internal/services/trip_service.go:314.2,314.29 1 0
pinz/backend/trip-service/internal/services/trip_service.go:314.29,315.47 1 0
pinz/backend/trip-service/internal/services/trip_service.go:315.47,317.4 1 0
pinz/backend/trip-service/internal/services/trip_service.go:318.3,318.40 1 0
pinz/backend/trip-service/internal/services/trip_service.go:320.2,320.30 1 0
pinz/backend/trip-service/internal/services/trip_service.go:320.30,323.3 2 0
pinz/backend/trip-service/internal/services/trip_service.go:324.2,324.28 1 0
pinz/backend/trip-service/internal/services/trip_service.go:324.28,327.3 2 0
pinz/backend/trip-service/internal/services/trip_service.go:328.2,328.25 1 0
pinz/backend/trip-service/internal/services/trip_service.go:328.25,330.3 1 0
pinz/backend/trip-service/internal/services/trip_service.go:331.2,331.48 1 0
pinz/backend/trip-service/internal/services/trip_service.go:331.48,332.27 1 0
pinz/backend/trip-service/internal/services/trip_service.go:332.27,334.4 1 0
pinz/backend/trip-service/internal/services/trip_service.go:335.3,335.68 1 0
pinz/backend/trip-service/internal/services/trip_service.go:337.2,338.64 2 0
pinz/backend/trip-service/internal/services/trip_service.go:342.114,344.9 2 1
pinz/backend/trip-service/internal/services/trip_service.go:344.9,346.3 1 1
pinz/backend/trip-service/internal/services/trip_service.go:347.2,348.18 2 1
pinz/backend/trip-service/internal/services/trip_service.go:348.18,350.3 1 1
pinz/backend/trip-service/internal/services/trip_service.go:351.2,352.16 2 1
pinz/backend/trip-service/internal/services/trip_service.go:352.16,354.3 1 0
pinz/backend/trip-service/internal/services/trip_service.go:355.2,355.14 1 1
pinz/backend/trip-service/internal/services/trip_service.go:355.14,357.3 1 1
pinz/backend/trip-service/internal/services/trip_service.go:359.2,360.16 2 0
pinz/backend/trip-service/internal/services/trip_service.go:360.16,362.3 1 0
pinz/backend/trip-service/internal/services/trip_service.go:363.2,363.17 1 0
pinz/backend/trip-service/internal/services/trip_service.go:363.17,364.69 1 0
pinz/backend/trip-service/internal/services/trip_service.go:364.69,366.4 1 0
pinz/backend/trip-service/internal/services/trip_service.go:367.3,367.59 1 0
pinz/backend/trip-service/internal/services/trip_service.go:367.59,369.4 1 0
pinz/backend/trip-service/internal/services/trip_service.go:370.3,370.52 1 0
pinz/backend/trip-service/internal/services/trip_service.go:373.2,373.65 1 0
pinz/backend/trip-service/internal/services/trip_service.go:373.65,374.27 1 0
pinz/backend/trip-service/internal/services/trip_service.go:374.27,376.4 1 0
pinz/backend/trip-service/internal/services/trip_service.go:377.3,377.67 1 0
pinz/backend/trip-service/internal/services/trip_service.go:379.2,380.16 2 0
pinz/backend/trip-service/internal/services/trip_service.go:380.16,382.3 1 0
pinz/backend/trip-service/internal/services/trip_service.go:383.2,383.28 1 0
pinz/backend/trip-service/internal/services/trip_service.go:383.28,384.51 1 0
pinz/backend/trip-service/internal/services/trip_service.go:384.51,386.4 1 0
pinz/backend/trip-service/internal/services/trip_service.go:387.3,387.52 1 0
pinz/backend/trip-service/internal/services/trip_service.go:389.2,389.83 1 0
pinz/backend/trip-service/internal/services/trip_service.go:389.83,391.3 1 0
pinz/backend/trip-service/internal/services/trip_service.go:392.2,392.51 1 0
pinz/backend/trip-service/internal/services/trip_service.go:396.138,398.9 2 0
pinz/backend/trip-service/internal/services/trip_service.go:398.9,400.3 1 0
pinz/backend/trip-service/internal/services/trip_service.go:401.2,402.18 2 0
pinz/backend/trip-service/internal/services/trip_service.go:402.18,404.3 1 0
pinz/backend/trip-service/internal/services/trip_service.go:405.2,406.16 2 0
pinz/backend/trip-service/internal/services/trip_service.go:406.16,408.3 1 0
pinz/backend/trip-service/internal/services/trip_service.go:409.2,409.18 1 0
pinz/backend/trip-service/internal/services/trip_service.go:409.18,411.3 1 0
pinz/backend/trip-service/internal/services/trip_service.go:412.2,413.20 2 0
pinz/backend/trip-service/internal/services/trip_service.go:413.20,415.3 1 0
pinz/backend/trip-service/internal/services/trip_service.go:416.2,416.28 1 0
pinz/backend/trip-service/internal/services/trip_service.go:416.28,418.3 1 0
pinz/backend/trip-service/internal/services/trip_service.go:419.2,427.50 4 0
pinz/backend/trip-service/internal/services/trip_service.go:427.50,429.3 1 0
pinz/backend/trip-service/internal/services/trip_service.go:430.2,435.8 1 0
pinz/backend/trip-service/internal/services/trip_service.go:439.129,441.9 2 1
pinz/backend/trip-service/internal/services/trip_service.go:441.9,443.3 1 0
pinz/backend/trip-service/internal/services/trip_service.go:444.2,445.17 2 1
pinz/backend/trip-service/internal/services/trip_service.go:445.17,447.3 1 0
pinz/backend/trip-service/internal/services/trip_service.go:448.2,449.16 2 1
pinz/backend/trip-service/internal/services/trip_service.go:449.16,450.27 1 1
pinz/backend/trip-service/internal/services/trip_service.go:450.27,452.4 1 1
pinz/backend/trip-service/internal/services/trip_service.go:453.3,453.72 1 0
pinz/backend/trip-service/internal/services/trip_service.go:455.2,455.38 1 1
pinz/backend/trip-service/internal/services/trip_service.go:455.38,457.3 1 1
pinz/backend/trip-service/internal/services/trip_service.go:458.2,459.16 2 0
pinz/backend/trip-service/internal/services/trip_service.go:459.16,461.3 1 0
pinz/backend/trip-service/internal/services/trip_service.go:462.2,462.13 1 0
pinz/backend/trip-service/internal/services/trip_service.go:462.13,464.3 1 0
pinz/backend/trip-service/internal/services/trip_service.go:465.2,465.59 1 0
pinz/backend/trip-service/internal/services/trip_service.go:465.59,466.27 1 0
pinz/backend/trip-service/internal/services/trip_service.go:466.27,468.4 1 0
pinz/backend/trip-service/internal/services/trip_service.go:469.3,469.65 1 0
pinz/backend/trip-service/internal/services/trip_service.go:471.2,472.59 2 0
pinz/backend/trip-service/internal/services/trip_service.go:472.59,474.3 1 0
pinz/backend/trip-service/internal/services/trip_service.go:475.2,476.24 2 0
pinz/backend/trip-service/internal/services/trip_service.go:476.24,478.3 1 0
pinz/backend/trip-service/internal/services/trip_service.go:479.2,479.84 1 0
pinz/backend/trip-service/internal/services/trip_service.go:483.135,485.9 2 1
pinz/backend/trip-service/internal/services/trip_service.go:485.9,487.3 1 1
pinz/backend/trip-service/internal/services/trip_service.go:488.2,490.40 3 1
pinz/backend/trip-service/internal/services/trip_service.go:490.40,492.3 1 1
pinz/backend/trip-service/internal/services/trip_service.go:493.2,494.16 2 0
pinz/backend/trip-service/internal/services/trip_service.go:494.16,496.3 1 0
pinz/backend/trip-service/internal/services/trip_service.go:497.2,497.14 1 0
pinz/backend/trip-service/internal/services/trip_service.go:497.14,499.3 1 0
pinz/backend/trip-service/internal/services/trip_service.go:500.2,500.30 1 0
pinz/backend/trip-service/internal/services/trip_service.go:500.30,502.3 1 0
pinz/backend/trip-service/internal/services/trip_service.go:503.2,504.16 2 0
pinz/backend/trip-service/internal/services/trip_service.go:504.16,506.3 1 0
pinz/backend/trip-service/internal/services/trip_service.go:507.2,507.20 1 0
pinz/backend/trip-service/internal/services/trip_service.go:507.20,509.3 1 0
pinz/backend/trip-service/internal/services/trip_service.go:510.2,510.71 1 0
pinz/backend/trip-service/internal/services/trip_service.go:510.71,512.3 1 0
pinz/backend/trip-service/internal/services/trip_service.go:513.2,513.24 1 0
pinz/backend/trip-service/internal/services/trip_service.go:513.24,515.3 1 0
pinz/backend/trip-service/internal/services/trip_service.go:516.2,516.58 1 0
pinz/backend/trip-service/internal/services/trip_service.go:521.111,523.9 2 0
pinz/backend/trip-service/internal/services/trip_service.go:523.9,525.3 1 0
pinz/backend/trip-service/internal/services/trip_service.go:526.2,527.18 2 0
pinz/backend/trip-service/internal/services/trip_service.go:527.18,529.3 1 0
pinz/backend/trip-service/internal/services/trip_service.go:530.2,531.16 2 0
pinz/backend/trip-service/internal/services/trip_service.go:531.16,533.3 1 0
pinz/backend/trip-service/internal/services/trip_service.go:534.2,535.16 2 0
pinz/backend/trip-service/internal/services/trip_service.go:535.16,537.3 1 0
pinz/backend/trip-service/internal/services/trip_service.go:538.2,538.18 1 0
pinz/backend/trip-service/internal/services/trip_service.go:538.18,540.3 1 0
pinz/backend/trip-service/internal/services/trip_service.go:541.2,541.65 1 0
pinz/backend/trip-service/internal/services/trip_service.go:541.65,543.3 1 0
pinz/backend/trip-service/internal/services/trip_service.go:544.2,544.24 1 0
pinz/backend/trip-service/internal/services/trip_service.go:544.24,546.3 1 0
pinz/backend/trip-service/internal/services/trip_service.go:547.2,548.16 2 0
pinz/backend/trip-service/internal/services/trip_service.go:548.16,550.3 1 0
pinz/backend/trip-service/internal/services/trip_service.go:551.2,551.28 1 0
pinz/backend/trip-service/internal/services/trip_service.go:551.28,554.3 2 0
pinz/backend/trip-service/internal/services/trip_service.go:555.2,555.14 1 0
pinz/backend/trip-service/internal/services/trip_service.go:555.14,556.84 1 0
pinz/backend/trip-service/internal/services/trip_service.go:556.84,558.4 1 0
pinz/backend/trip-service/internal/services/trip_service.go:559.3,559.25 1 0
pinz/backend/trip-service/internal/services/trip_service.go:559.25,561.4 1 0
pinz/backend/trip-service/internal/services/trip_service.go:563.2,563.70 1 0
pinz/backend/trip-service/internal/services/trip_service.go:567.123,569.9 2 0
pinz/backend/trip-service/internal/services/trip_service.go:569.9,571.3 1 0
pinz/backend/trip-service/internal/services/trip_service.go:572.2,574.38 3 0
pinz/backend/trip-service/internal/services/trip_service.go:574.38,576.3 1 0
pinz/backend/trip-service/internal/services/trip_service.go:577.2,578.16 2 0
pinz/backend/trip-service/internal/services/trip_service.go:578.16,580.3 1 0
pinz/backend/trip-service/internal/services/trip_service.go:581.2,581.14 1 0
pinz/backend/trip-service/internal/services/trip_service.go:581.14,583.3 1 0
pinz/backend/trip-service/internal/services/trip_service.go:584.2,585.16 2 0
pinz/backend/trip-service/internal/services/trip_service.go:585.16,587.3 1 0
pinz/backend/trip-service/internal/services/trip_service.go:588.2,588.18 1 0
pinz/backend/trip-service/internal/services/trip_service.go:588.18,590.3 1 0
pinz/backend/trip-service/internal/services/trip_service.go:591.2,591.28 1 0
pinz/backend/trip-service/internal/services/trip_service.go:591.28,593.3 1 0
pinz/backend/trip-service/internal/services/trip_service.go:594.2,594.71 1 0
pinz/backend/trip-service/internal/services/trip_service.go:594.71,596.3 1 0
pinz/backend/trip-service/internal/services/trip_service.go:597.2,597.24 1 0
pinz/backend/trip-service/internal/services/trip_service.go:597.24,599.3 1 0
pinz/backend/trip-service/internal/services/trip_service.go:600.2,600.54 1 0
pinz/backend/trip-service/internal/services/trip_service.go:603.144,605.9 2 0
pinz/backend/trip-service/internal/services/trip_service.go:605.9,607.3 1 0
pinz/backend/trip-service/internal/services/trip_service.go:608.2,609.18 2 0
pinz/backend/trip-service/internal/services/trip_service.go:609.18,611.3 1 0
pinz/backend/trip-service/internal/services/trip_service.go:612.2,613.16 2 0
pinz/backend/trip-service/internal/services/trip_service.go:613.16,614.27 1 0
pinz/backend/trip-service/internal/services/trip_service.go:614.27,616.4 1 0
pinz/backend/trip-service/internal/services/trip_service.go:617.3,617.65 1 0
pinz/backend/trip-service/internal/services/trip_service.go:619.2,620.32 2 0
pinz/backend/trip-service/internal/services/trip_service.go:620.32,622.3 1 0
pinz/backend/trip-service/internal/services/trip_service.go:623.2,623.60 1 0
pinz/backend/trip-service/internal/services/trip_service.go:623.60,625.3 1 0
pinz/backend/trip-service/internal/services/trip_service.go:626.2,628.35 3 0
pinz/backend/trip-service/internal/services/trip_service.go:628.35,629.34 1 0
pinz/backend/trip-service/internal/services/trip_service.go:629.34,631.4 1 0
pinz/backend/trip-service/internal/services/trip_service.go:633.2,633.49 1 0
pinz/backend/trip-service/internal/services/trip_service.go:633.49,635.3 1 0
pinz/backend/trip-service/internal/services/trip_service.go:636.2,636.41 1 0
pinz/backend/trip-service/internal/services/trip_service.go:636.41,638.3 1 0
pinz/backend/trip-service/internal/services/trip_service.go:640.2,640.38 1 0
pinz/backend/trip-service/internal/services/trip_service.go:640.38,648.31 2 0
pinz/backend/trip-service/internal/services/trip_service.go:648.31,651.4 2 0
pinz/backend/trip-service/internal/services/trip_service.go:652.3,652.52 1 0
pinz/backend/trip-service/internal/services/trip_service.go:652.52,656.4 3 0
pinz/backend/trip-service/internal/services/trip_service.go:657.3,657.51 1 0
pinz/backend/trip-service/internal/services/trip_service.go:657.51,659.4 1 0
pinz/backend/trip-service/internal/services/trip_service.go:662.2,663.78 2 0
pinz/backend/trip-service/internal/services/trip_service.go:663.78,665.3 1 0
pinz/backend/trip-service/internal/services/trip_service.go:667.2,669.30 3 0
pinz/backend/trip-service/internal/services/trip_service.go:669.30,671.3 1 0
pinz/backend/trip-service/internal/services/trip_service.go:672.2,673.34 2 0
pinz/backend/trip-service/internal/services/trip_service.go:673.34,675.46 2 0
pinz/backend/trip-service/internal/services/trip_service.go:675.46,676.86 1 0
pinz/backend/trip-service/internal/services/trip_service.go:676.86,678.5 1 0
pinz/backend/trip-service/internal/services/trip_service.go:680.3,681.33 2 0
pinz/backend/trip-service/internal/services/trip_service.go:681.33,683.16 2 0
pinz/backend/trip-service/internal/services/trip_service.go:683.16,684.13 1 0
pinz/backend/trip-service/internal/services/trip_service.go:686.4,690.6 1 0
pinz/backend/trip-service/internal/services/trip_service.go:692.3,692.34 1 0
pinz/backend/trip-service/internal/services/trip_service.go:694.2,698.8 1 0
pinz/backend/trip-service/internal/services/trip_service.go:701.147,703.9 2 0
pinz/backend/trip-service/internal/services/trip_service.go:703.9,705.3 1 0
pinz/backend/trip-service/internal/services/trip_service.go:706.2,707.18 2 0
pinz/backend/trip-service/internal/services/trip_service.go:707.18,709.3 1 0
pinz/backend/trip-service/internal/services/trip_service.go:710.2,711.32 2 0
pinz/backend/trip-service/internal/services/trip_service.go:711.32,713.3 1 0
pinz/backend/trip-service/internal/services/trip_service.go:714.2,715.16 2 0
pinz/backend/trip-service/internal/services/trip_service.go:715.16,716.27 1 0
pinz/backend/trip-service/internal/services/trip_service.go:716.27,718.4 1 0
pinz/backend/trip-service/internal/services/trip_service.go:719.3,719.65 1 0
pinz/backend/trip-service/internal/services/trip_service.go:721.2,721.44 1 0
pinz/backend/trip-service/internal/services/trip_service.go:721.44,723.3 1 0
pinz/backend/trip-service/internal/services/trip_service.go:725.2,725.39 1 0
pinz/backend/trip-service/internal/services/trip_service.go:725.39,726.75 1 0
pinz/backend/trip-service/internal/services/trip_service.go:726.75,728.4 1 0
pinz/backend/trip-service/internal/services/trip_service.go:731.2,731.40 1 0
pinz/backend/trip-service/internal/services/trip_service.go:731.40,732.33 1 0
pinz/backend/trip-service/internal/services/trip_service.go:732.33,733.12 1 0
pinz/backend/trip-service/internal/services/trip_service.go:735.3,743.47 2 0
pinz/backend/trip-service/internal/services/trip_service.go:743.47,745.4 1 0
pinz/backend/trip-service/internal/services/trip_service.go:746.3,746.80 1 0
pinz/backend/trip-service/internal/services/trip_service.go:746.80,748.4 1 0
pinz/backend/trip-service/internal/services/trip_service.go:750.3,750.60 1 0
pinz/backend/trip-service/internal/services/trip_service.go:753.2,753.67 1 0
pinz/backend/trip-service/internal/services/trip_service.go:753.67,755.3 1 0
pinz/backend/trip-service/internal/services/trip_service.go:756.2,756.24 1 0
pinz/backend/trip-service/internal/services/trip_service.go:756.24,758.3 1 0
pinz/backend/trip-service/internal/services/trip_service.go:759.2,762.8 1 0
pinz/backend/trip-service/internal/services/trip_service.go:765.123,767.9 2 0
pinz/backend/trip-service/internal/services/trip_service.go:767.9,769.3 1 0
pinz/backend/trip-service/internal/services/trip_service.go:770.2,771.18 2 0
pinz/backend/trip-service/internal/services/trip_service.go:771.18,773.3 1 0
pinz/backend/trip-service/internal/services/trip_service.go:774.2,775.32 2 0
pinz/backend/trip-service/internal/services/trip_service.go:775.32,777.3 1 0
pinz/backend/trip-service/internal/services/trip_service.go:778.2,779.16 2 0
pinz/backend/trip-service/internal/services/trip_service.go:779.16,780.27 1 0
pinz/backend/trip-service/internal/services/trip_service.go:780.27,782.4 1 0
pinz/backend/trip-service/internal/services/trip_service.go:783.3,783.65 1 0
pinz/backend/trip-service/internal/services/trip_service.go:785.2,785.72 1 0
pinz/backend/trip-service/internal/services/trip_service.go:785.72,787.3 1 0
pinz/backend/trip-service/internal/services/trip_service.go:788.2,789.16 2 0
pinz/backend/trip-service/internal/services/trip_service.go:789.16,791.3 1 0
pinz/backend/trip-service/internal/services/trip_service.go:792.2,796.30 4 0
pinz/backend/trip-service/internal/services/trip_service.go:796.30,797.30 1 0
pinz/backend/trip-service/internal/services/trip_service.go:797.30,799.4 1 0
pinz/backend/trip-service/internal/services/trip_service.go:801.2,802.35 2 0
pinz/backend/trip-service/internal/services/trip_service.go:802.35,803.20 1 0
pinz/backend/trip-service/internal/services/trip_service.go:803.20,805.4 1 0
pinz/backend/trip-service/internal/services/trip_service.go:807.2,808.27 2 0
pinz/backend/trip-service/internal/services/trip_service.go:808.27,810.31 2 0
pinz/backend/trip-service/internal/services/trip_service.go:810.31,811.44 1 0
pinz/backend/trip-service/internal/services/trip_service.go:811.44,813.5 1 0
pinz/backend/trip-service/internal/services/trip_service.go:815.3,816.50 2 0
pinz/backend/trip-service/internal/services/trip_service.go:816.50,818.4 1 0
pinz/backend/trip-service/internal/services/trip_service.go:819.3,819.49 1 0
pinz/backend/trip-service/internal/services/trip_service.go:819.49,821.4 1 0
pinz/backend/trip-service/internal/services/trip_service.go:822.3,823.18 2 0
pinz/backend/trip-service/internal/services/trip_service.go:823.18,825.4 1 0
pinz/backend/trip-service/internal/services/trip_service.go:826.3,827.30 2 0
pinz/backend/trip-service/internal/services/trip_service.go:827.30,833.4 1 0
pinz/backend/trip-service/internal/services/trip_service.go:834.3,835.27 2 0
pinz/backend/trip-service/internal/services/trip_service.go:835.27,837.4 1 0
pinz/backend/trip-service/internal/services/trip_service.go:838.3,838.25 1 0
pinz/backend/trip-service/internal/services/trip_service.go:838.25,840.4 1 0
pinz/backend/trip-service/internal/services/trip_service.go:841.3,852.26 2 0
pinz/backend/trip-service/internal/services/trip_service.go:852.26,854.4 1 0
pinz/backend/trip-service/internal/services/trip_service.go:855.3,855.27 1 0
pinz/backend/trip-service/internal/services/trip_service.go:855.27,857.4 1 0
pinz/backend/trip-service/internal/services/trip_service.go:858.3,858.34 1 0
pinz/backend/trip-service/internal/services/trip_service.go:860.2,865.8 1 0
pinz/backend/trip-service/internal/services/trip_service.go:868.120,870.9 2 0
pinz/backend/trip-service/internal/services/trip_service.go:870.9,872.3 1 0
pinz/backend/trip-service/internal/services/trip_service.go:873.2,874.18 2 0
pinz/backend/trip-service/internal/services/trip_service.go:874.18,876.3 1 0
pinz/backend/trip-service/internal/services/trip_service.go:877.2,878.32 2 0
pinz/backend/trip-service/internal/services/trip_service.go:878.32,880.3 1 0
pinz/backend/trip-service/internal/services/trip_service.go:881.2,882.16 2 0
pinz/backend/trip-service/internal/services/trip_service.go:882.16,883.27 1 0
pinz/backend/trip-service/internal/services/trip_service.go:883.27,885.4 1 0
pinz/backend/trip-service/internal/services/trip_service.go:886.3,886.65 1 0
pinz/backend/trip-service/internal/services/trip_service.go:888.2,888.72 1 0
pinz/backend/trip-service/internal/services/trip_service.go:888.72,890.3 1 0
pinz/backend/trip-service/internal/services/trip_service.go:892.2,892.41 1 0
pinz/backend/trip-service/internal/services/trip_service.go:892.41,894.17 2 0
pinz/backend/trip-service/internal/services/trip_service.go:894.17,895.12 1 0
pinz/backend/trip-service/internal/services/trip_service.go:897.3,897.21 1 0
pinz/backend/trip-service/internal/services/trip_service.go:897.21,899.33 2 0
pinz/backend/trip-service/internal/services/trip_service.go:899.33,901.5 1 0
pinz/backend/trip-service/internal/services/trip_service.go:902.4,902.19 1 0
pinz/backend/trip-service/internal/services/trip_service.go:904.3,904.48 1 0
pinz/backend/trip-service/internal/services/trip_service.go:904.48,907.4 2 0
pinz/backend/trip-service/internal/services/trip_service.go:908.3,908.28 1 0
pinz/backend/trip-service/internal/services/trip_service.go:911.2,911.37 1 0
pinz/backend/trip-service/internal/services/trip_service.go:911.37,913.3 1 0
pinz/backend/trip-service/internal/services/trip_service.go:915.2,919.30 5 0
pinz/backend/trip-service/internal/services/trip_service.go:919.30,920.21 1 0
pinz/backend/trip-service/internal/services/trip_service.go:920.21,921.12 1 0
pinz/backend/trip-service/internal/services/trip_service.go:923.3,923.47 1 0
pinz/backend/trip-service/internal/services/trip_service.go:923.47,925.4 1 0
pinz/backend/trip-service/internal/services/trip_service.go:926.3,926.8 1 0
pinz/backend/trip-service/internal/services/trip_service.go:928.2,928.25 1 0
pinz/backend/trip-service/internal/services/trip_service.go:928.25,929.25 1 0
pinz/backend/trip-service/internal/services/trip_service.go:929.25,930.56 1 0
pinz/backend/trip-service/internal/services/trip_service.go:930.56,932.5 1 0
pinz/backend/trip-service/internal/services/trip_service.go:934.3,934.23 1 0
pinz/backend/trip-service/internal/services/trip_service.go:934.23,935.49 1 0
pinz/backend/trip-service/internal/services/trip_service.go:935.49,937.5 1 0
pinz/backend/trip-service/internal/services/trip_service.go:940.2,944.62 5 0
pinz/backend/trip-service/internal/services/trip_service.go:944.62,946.3 1 0
pinz/backend/trip-service/internal/services/trip_service.go:947.2,951.8 1 0
pinz/backend/trip-service/internal/services/trip_service.go:958.117,960.9 2 0
pinz/backend/trip-service/internal/services/trip_service.go:960.9,962.3 1 0
pinz/backend/trip-service/internal/services/trip_service.go:963.2,964.18 2 0
pinz/backend/trip-service/internal/services/trip_service.go:964.18,966.3 1 0
pinz/backend/trip-service/internal/services/trip_service.go:968.2,969.16 2 0
pinz/backend/trip-service/internal/services/trip_service.go:969.16,970.27 1 0
pinz/backend/trip-service/internal/services/trip_service.go:970.27,972.4 1 0
pinz/backend/trip-service/internal/services/trip_service.go:973.3,973.65 1 0
pinz/backend/trip-service/internal/services/trip_service.go:976.2,977.16 2 0
pinz/backend/trip-service/internal/services/trip_service.go:977.16,979.3 1 0
pinz/backend/trip-service/internal/services/trip_service.go:980.2,980.18 1 0
pinz/backend/trip-service/internal/services/trip_service.go:980.18,982.3 1 0
pinz/backend/trip-service/internal/services/trip_service.go:984.2,984.28 1 0
pinz/backend/trip-service/internal/services/trip_service.go:984.28,986.3 1 0
pinz/backend/trip-service/internal/services/trip_service.go:988.2,991.37 3 0
pinz/backend/trip-service/internal/services/trip_service.go:991.37,993.3 1 0
pinz/backend/trip-service/internal/services/trip_service.go:994.2,994.39 1 0
pinz/backend/trip-service/internal/services/trip_service.go:994.39,996.3 1 0
pinz/backend/trip-service/internal/services/trip_service.go:999.2,1000.16 2 0
pinz/backend/trip-service/internal/services/trip_service.go:1000.16,1002.3 1 0
pinz/backend/trip-service/internal/services/trip_service.go:1003.2,1004.25 2 0
pinz/backend/trip-service/internal/services/trip_service.go:1004.25,1006.3 1 0
pinz/backend/trip-service/internal/services/trip_service.go:1009.2,1009.25 1 0
pinz/backend/trip-service/internal/services/trip_service.go:1009.25,1012.3 2 0
pinz/backend/trip-service/internal/services/trip_service.go:1014.2,1014.18 1 0
pinz/backend/trip-service/internal/services/trip_service.go:1014.18,1015.26 1 0
pinz/backend/trip-service/internal/services/trip_service.go:1015.26,1018.4 2 0
pinz/backend/trip-service/internal/services/trip_service.go:1019.8,1020.29 1 0
pinz/backend/trip-service/internal/services/trip_service.go:1020.29,1022.11 2 0
pinz/backend/trip-service/internal/services/trip_service.go:1022.11,1024.5 1 0
pinz/backend/trip-service/internal/services/trip_service.go:1025.4,1026.27 2 0
pinz/backend/trip-service/internal/services/trip_service.go:1030.2,1031.23 2 0
pinz/backend/trip-service/internal/services/trip_service.go:1031.23,1033.49 2 0
pinz/backend/trip-service/internal/services/trip_service.go:1033.49,1035.4 1 0
pinz/backend/trip-service/internal/services/trip_service.go:1038.2,1038.41 1 0
pinz/backend/trip-service/internal/services/trip_service.go:1038.41,1040.3 1 0
pinz/backend/trip-service/internal/services/trip_service.go:1042.2,1043.16 2 0
pinz/backend/trip-service/internal/services/trip_service.go:1043.16,1045.3 1 0
pinz/backend/trip-service/internal/services/trip_service.go:1046.2,1046.65 1 0
pinz/backend/trip-service/internal/services/trip_service.go:1050.138,1052.9 2 0
pinz/backend/trip-service/internal/services/trip_service.go:1052.9,1054.3 1 0
pinz/backend/trip-service/internal/services/trip_service.go:1055.2,1056.18 2 0
pinz/backend/trip-service/internal/services/trip_service.go:1056.18,1058.3 1 0
pinz/backend/trip-service/internal/services/trip_service.go:1059.2,1060.32 2 0
pinz/backend/trip-service/internal/services/trip_service.go:1060.32,1062.3 1 0
pinz/backend/trip-service/internal/services/trip_service.go:1063.2,1064.106 2 0
pinz/backend/trip-service/internal/services/trip_service.go:1064.106,1066.3 1 0
pinz/backend/trip-service/internal/services/trip_service.go:1067.2,1067.59 1 0
pinz/backend/trip-service/internal/services/trip_service.go:1071.108,1073.9 2 0
pinz/backend/trip-service/internal/services/trip_service.go:1073.9,1075.3 1 0
pinz/backend/trip-service/internal/services/trip_service.go:1076.2,1077.31 2 0
pinz/backend/trip-service/internal/services/trip_service.go:1077.31,1079.3 1 0
pinz/backend/trip-service/internal/services/trip_service.go:1080.2,1081.16 2 0
pinz/backend/trip-service/internal/services/trip_service.go:1081.16,1083.3 1 0
pinz/backend/trip-service/internal/services/trip_service.go:1084.2,1085.44 2 0
pinz/backend/trip-service/internal/services/trip_service.go:1085.44,1087.3 1 0
pinz/backend/trip-service/internal/services/trip_service.go:1088.2,1089.30 2 0
pinz/backend/trip-service/internal/services/trip_service.go:1089.30,1092.3 2 0
pinz/backend/trip-service/internal/services/trip_service.go:1093.2,1094.16 2 0
pinz/backend/trip-service/internal/services/trip_service.go:1094.16,1096.3 1 0
pinz/backend/trip-service/internal/services/trip_service.go:1097.2,1098.26 2 0
pinz/backend/trip-service/internal/services/trip_service.go:1098.26,1100.3 1 0
pinz/backend/trip-service/internal/services/trip_service.go:1101.2,1101.46 1 0
pinz/backend/trip-service/internal/services/trip_service.go:1105.108,1107.9 2 0
pinz/backend/trip-service/internal/services/trip_service.go:1107.9,1109.3 1 0
pinz/backend/trip-service/internal/services/trip_service.go:1110.2,1111.18 2 0
pinz/backend/trip-service/internal/services/trip_service.go:1111.18,1113.3 1 0
pinz/backend/trip-service/internal/services/trip_service.go:1114.2,1115.31 2 0
pinz/backend/trip-service/internal/services/trip_service.go:1115.31,1117.3 1 0
pinz/backend/trip-service/internal/services/trip_service.go:1118.2,1118.23 1 0
pinz/backend/trip-service/internal/services/trip_service.go:1118.23,1120.3 1 0
pinz/backend/trip-service/internal/services/trip_service.go:1121.2,1121.73 1 0
pinz/backend/trip-service/internal/services/trip_service.go:1121.73,1123.3 1 0
pinz/backend/trip-service/internal/services/trip_service.go:1124.2,1124.49 1 0
pinz/backend/trip-service/internal/services/trip_service.go:1128.117,1130.9 2 0
pinz/backend/trip-service/internal/services/trip_service.go:1130.9,1132.3 1 0
pinz/backend/trip-service/internal/services/trip_service.go:1133.2,1134.18 2 0
pinz/backend/trip-service/internal/services/trip_service.go:1134.18,1136.3 1 0
pinz/backend/trip-service/internal/services/trip_service.go:1137.2,1138.31 2 0
pinz/backend/trip-service/internal/services/trip_service.go:1138.31,1140.3 1 0
pinz/backend/trip-service/internal/services/trip_service.go:1141.2,1141.23 1 0
pinz/backend/trip-service/internal/services/trip_service.go:1141.23,1143.3 1 0
pinz/backend/trip-service/internal/services/trip_service.go:1144.2,1144.76 1 0
pinz/backend/trip-service/internal/services/trip_service.go:1144.76,1146.3 1 0
pinz/backend/trip-service/internal/services/trip_service.go:1147.2,1147.52 1 0
pinz/backend/trip-service/internal/services/trip_service.go:1151.129,1153.9 2 0
pinz/backend/trip-service/internal/services/trip_service.go:1153.9,1155.3 1 0
pinz/backend/trip-service/internal/services/trip_service.go:1156.2,1157.18 2 0
pinz/backend/trip-service/internal/services/trip_service.go:1157.18,1159.3 1 0
pinz/backend/trip-service/internal/services/trip_service.go:1160.2,1161.31 2 0
pinz/backend/trip-service/internal/services/trip_service.go:1161.31,1163.3 1 0
pinz/backend/trip-service/internal/services/trip_service.go:1164.2,1164.23 1 0
pinz/backend/trip-service/internal/services/trip_service.go:1164.23,1166.3 1 0
pinz/backend/trip-service/internal/services/trip_service.go:1167.2,1167.60 1 0
pinz/backend/trip-service/internal/services/trip_service.go:1167.60,1169.3 1 0
pinz/backend/trip-service/internal/services/trip_service.go:1170.2,1170.56 1 0
pinz/backend/trip-service/internal/services/trip_service.go:1174.144,1176.9 2 0
pinz/backend/trip-service/internal/services/trip_service.go:1176.9,1178.3 1 0
pinz/backend/trip-service/internal/services/trip_service.go:1179.2,1180.18 2 0
pinz/backend/trip-service/internal/services/trip_service.go:1180.18,1182.3 1 0
pinz/backend/trip-service/internal/services/trip_service.go:1183.2,1183.63 1 0
pinz/backend/trip-service/internal/services/trip_service.go:1183.63,1184.27 1 0
pinz/backend/trip-service/internal/services/trip_service.go:1184.27,1186.4 1 0
pinz/backend/trip-service/internal/services/trip_service.go:1187.3,1187.79 1 0
pinz/backend/trip-service/internal/services/trip_service.go:1189.2,1189.61 1 0
pinz/backend/trip-service/internal/services/trip_service.go:1192.43,1210.24 2 1
pinz/backend/trip-service/internal/services/trip_service.go:1210.24,1212.3 1 1
pinz/backend/trip-service/internal/services/trip_service.go:1213.2,1213.22 1 1
pinz/backend/trip-service/internal/services/trip_service.go:1213.22,1215.3 1 1
pinz/backend/trip-service/internal/services/trip_service.go:1216.2,1216.12 1 1
pinz/backend/trip-service/internal/services/validation.go:32.42,32.66 1 1
pinz/backend/trip-service/internal/services/validation.go:33.42,33.63 1 1
pinz/backend/trip-service/internal/services/validation.go:34.42,34.69 1 1
