mode: set
pinz/backend/api-gateway-service/internal/di/di.go:18.49,20.16 2 0
pinz/backend/api-gateway-service/internal/di/di.go:20.16,22.3 1 0
pinz/backend/api-gateway-service/internal/di/di.go:23.2,27.16 4 0
pinz/backend/api-gateway-service/internal/di/di.go:27.16,30.3 2 0
pinz/backend/api-gateway-service/internal/di/di.go:32.2,33.16 2 0
pinz/backend/api-gateway-service/internal/di/di.go:33.16,35.25 2 0
pinz/backend/api-gateway-service/internal/di/di.go:35.25,37.4 1 0
pinz/backend/api-gateway-service/internal/di/di.go:38.3,38.18 1 0
pinz/backend/api-gateway-service/internal/di/di.go:40.2,49.8 3 0
pinz/backend/api-gateway-service/internal/di/di.go:52.32,53.25 1 0
pinz/backend/api-gateway-service/internal/di/di.go:53.25,55.3 1 0
pinz/backend/api-gateway-service/internal/di/di.go:56.2,56.25 1 0
pinz/backend/api-gateway-service/internal/di/di.go:56.25,58.3 1 0
pinz/backend/api-gateway-service/cmd/main.go:29.13,32.51 2 0
pinz/backend/api-gateway-service/cmd/main.go:32.51,34.3 1 0
pinz/backend/api-gateway-service/cmd/main.go:36.2,39.16 3 0
pinz/backend/api-gateway-service/cmd/main.go:39.16,41.3 1 0
pinz/backend/api-gateway-service/cmd/main.go:41.8,42.16 1 0
pinz/backend/api-gateway-service/cmd/main.go:42.16,46.4 3 0
pinz/backend/api-gateway-service/cmd/main.go:47.3,50.17 2 0
pinz/backend/api-gateway-service/cmd/main.go:50.17,52.4 1 0
pinz/backend/api-gateway-service/cmd/main.go:55.2,56.16 2 0
pinz/backend/api-gateway-service/cmd/main.go:56.16,59.3 2 0
pinz/backend/api-gateway-service/cmd/main.go:60.2,63.34 3 0
pinz/backend/api-gateway-service/cmd/main.go:63.34,66.3 2 0
pinz/backend/api-gateway-service/internal/clients/auth/auth_client.go:21.35,23.16 2 0
pinz/backend/api-gateway-service/internal/clients/auth/auth_client.go:23.16,26.3 2 0
pinz/backend/api-gateway-service/internal/clients/auth/auth_client.go:27.2,31.16 2 0
pinz/backend/api-gateway-service/internal/clients/auth/auth_client.go:31.16,33.3 1 0
pinz/backend/api-gateway-service/internal/clients/auth/auth_client.go:34.2,37.8 1 0
pinz/backend/api-gateway-service/internal/clients/auth/auth_client.go:40.112,42.2 1 0
pinz/backend/api-gateway-service/internal/clients/auth/auth_client.go:44.124,46.2 1 0
pinz/backend/api-gateway-service/internal/clients/auth/auth_client.go:48.139,50.2 1 0
pinz/backend/api-gateway-service/internal/clients/auth/auth_client.go:52.142,54.2 1 0
pinz/backend/api-gateway-service/internal/clients/auth/auth_client.go:56.130,58.2 1 0
pinz/backend/api-gateway-service/internal/clients/auth/auth_client.go:60.133,62.2 1 0
pinz/backend/api-gateway-service/internal/clients/auth/auth_client.go:64.115,66.2 1 0
pinz/backend/api-gateway-service/internal/clients/auth/auth_client.go:68.97,70.2 1 0
pinz/backend/api-gateway-service/internal/clients/auth/auth_client.go:72.103,74.2 1 0
pinz/backend/api-gateway-service/internal/clients/auth/auth_client.go:76.32,78.2 1 0
pinz/backend/api-gateway-service/internal/clients/trip/trip_client.go:25.35,27.16 2 0
pinz/backend/api-gateway-service/internal/clients/trip/trip_client.go:27.16,30.3 2 0
pinz/backend/api-gateway-service/internal/clients/trip/trip_client.go:31.2,35.16 2 0
pinz/backend/api-gateway-service/internal/clients/trip/trip_client.go:35.16,37.3 1 0
pinz/backend/api-gateway-service/internal/clients/trip/trip_client.go:38.2,41.8 1 0
pinz/backend/api-gateway-service/internal/clients/trip/trip_client.go:45.62,47.18 2 0
pinz/backend/api-gateway-service/internal/clients/trip/trip_client.go:47.18,49.3 1 0
pinz/backend/api-gateway-service/internal/clients/trip/trip_client.go:50.2,50.73 1 0
pinz/backend/api-gateway-service/internal/clients/trip/trip_client.go:53.109,55.2 1 0
pinz/backend/api-gateway-service/internal/clients/trip/trip_client.go:57.100,59.2 1 0
pinz/backend/api-gateway-service/internal/clients/trip/trip_client.go:61.118,63.2 1 0
pinz/backend/api-gateway-service/internal/clients/trip/trip_client.go:65.109,67.2 1 0
pinz/backend/api-gateway-service/internal/clients/trip/trip_client.go:69.109,71.2 1 0
pinz/backend/api-gateway-service/internal/clients/trip/trip_client.go:73.133,75.2 1 0
pinz/backend/api-gateway-service/internal/clients/trip/trip_client.go:77.124,79.2 1 0
pinz/backend/api-gateway-service/internal/clients/trip/trip_client.go:81.130,83.2 1 0
pinz/backend/api-gateway-service/internal/clients/trip/trip_client.go:85.106,87.2 1 0
pinz/backend/api-gateway-service/internal/clients/trip/trip_client.go:89.118,91.2 1 0
pinz/backend/api-gateway-service/internal/clients/trip/trip_client.go:93.139,95.2 1 0
pinz/backend/api-gateway-service/internal/clients/trip/trip_client.go:97.142,99.2 1 0
pinz/backend/api-gateway-service/internal/clients/trip/trip_client.go:101.118,103.2 1 0
pinz/backend/api-gateway-service/internal/clients/trip/trip_client.go:105.115,107.2 1 0
pinz/backend/api-gateway-service/internal/clients/trip/trip_client.go:109.112,111.2 1 0
pinz/backend/api-gateway-service/internal/clients/trip/trip_client.go:113.133,115.2 1 0
pinz/backend/api-gateway-service/internal/clients/trip/trip_client.go:117.103,119.2 1 0
pinz/backend/api-gateway-service/internal/clients/trip/trip_client.go:121.103,123.2 1 0
pinz/backend/api-gateway-service/internal/clients/trip/trip_client.go:125.112,127.2 1 0
pinz/backend/api-gateway-service/internal/clients/trip/trip_client.go:129.124,131.2 1 0
pinz/backend/api-gateway-service/internal/clients/trip/trip_client.go:133.139,135.2 1 0
pinz/backend/api-gateway-service/internal/clients/trip/trip_client.go:137.32,139.2 1 0
pinz/backend/api-gateway-service/docs/docs.go:2360.13,2362.2 1 0
pinz/backend/api-gateway-service/internal/services/auth_service.go:37.57,39.2 1 0
pinz/backend/api-gateway-service/internal/services/auth_service.go:41.103,43.2 1 0
pinz/backend/api-gateway-service/internal/services/auth_service.go:45.138,50.2 1 0
pinz/backend/api-gateway-service/internal/services/auth_service.go:52.140,57.2 1 0
pinz/backend/api-gateway-service/internal/services/auth_service.go:59.155,64.2 1 0
pinz/backend/api-gateway-service/internal/services/auth_service.go:66.115,68.2 1 0
pinz/backend/api-gateway-service/internal/services/auth_service.go:70.140,75.2 1 0
pinz/backend/api-gateway-service/internal/services/auth_service.go:77.112,79.2 1 0
pinz/backend/api-gateway-service/internal/services/auth_service.go:81.100,83.2 1 0
pinz/backend/api-gateway-service/internal/services/auth_service.go:85.97,87.2 1 0
pinz/backend/api-gateway-service/internal/services/redis.go:15.47,17.16 2 0
pinz/backend/api-gateway-service/internal/services/redis.go:17.16,18.43 1 0
pinz/backend/api-gateway-service/internal/services/redis.go:18.43,20.18 2 0
pinz/backend/api-gateway-service/internal/services/redis.go:20.18,22.5 1 0
pinz/backend/api-gateway-service/internal/services/redis.go:23.4,24.66 2 0
pinz/backend/api-gateway-service/internal/services/redis.go:24.66,26.5 1 0
pinz/backend/api-gateway-service/internal/services/redis.go:27.4,28.22 2 0
pinz/backend/api-gateway-service/internal/services/redis.go:30.3,30.18 1 0
pinz/backend/api-gateway-service/internal/services/redis.go:32.2,33.64 2 0
pinz/backend/api-gateway-service/internal/services/redis.go:33.64,35.3 1 0
pinz/backend/api-gateway-service/internal/services/redis.go:36.2,37.20 2 0
pinz/backend/api-gateway-service/internal/services/redis.go:40.44,41.60 1 0
pinz/backend/api-gateway-service/internal/services/redis.go:41.60,43.3 1 0
pinz/backend/api-gateway-service/internal/services/redis.go:44.2,44.60 1 0
pinz/backend/api-gateway-service/internal/services/redis.go:44.60,46.3 1 0
pinz/backend/api-gateway-service/pkg/proto/auth.pb.go:35.24,40.2 4 0
pinz/backend/api-gateway-service/pkg/proto/auth.pb.go:42.32,44.2 1 0
pinz/backend/api-gateway-service/pkg/proto/auth.pb.go:46.30,46.31 0 0
pinz/backend/api-gateway-service/pkg/proto/auth.pb.go:48.52,50.14 2 0
pinz/backend/api-gateway-service/pkg/proto/auth.pb.go:50.14,52.34 2 0
pinz/backend/api-gateway-service/pkg/proto/auth.pb.go:52.34,54.4 1 0
pinz/backend/api-gateway-service/pkg/proto/auth.pb.go:55.3,55.12 1 0
pinz/backend/api-gateway-service/pkg/proto/auth.pb.go:57.2,57.24 1 0
pinz/backend/api-gateway-service/pkg/proto/auth.pb.go:61.43,63.2 1 0
pinz/backend/api-gateway-service/pkg/proto/auth.pb.go:65.31,66.14 1 0
pinz/backend/api-gateway-service/pkg/proto/auth.pb.go:66.14,68.3 1 0
pinz/backend/api-gateway-service/pkg/proto/auth.pb.go:69.2,69.11 1 0
pinz/backend/api-gateway-service/pkg/proto/auth.pb.go:72.37,73.14 1 0
pinz/backend/api-gateway-service/pkg/proto/auth.pb.go:73.14,75.3 1 0
pinz/backend/api-gateway-service/pkg/proto/auth.pb.go:76.2,76.11 1 0
pinz/backend/api-gateway-service/pkg/proto/auth.pb.go:79.34,80.14 1 0
pinz/backend/api-gateway-service/pkg/proto/auth.pb.go:80.14,82.3 1 0
pinz/backend/api-gateway-service/pkg/proto/auth.pb.go:83.2,83.11 1 0
pinz/backend/api-gateway-service/pkg/proto/auth.pb.go:86.38,87.14 1 0
pinz/backend/api-gateway-service/pkg/proto/auth.pb.go:87.14,89.3 1 0
pinz/backend/api-gateway-service/pkg/proto/auth.pb.go:90.2,90.11 1 0
pinz/backend/api-gateway-service/pkg/proto/auth.pb.go:93.41,94.14 1 0
pinz/backend/api-gateway-service/pkg/proto/auth.pb.go:94.14,96.3 1 0
pinz/backend/api-gateway-service/pkg/proto/auth.pb.go:97.2,97.10 1 0
pinz/backend/api-gateway-service/pkg/proto/auth.pb.go:107.38,112.2 4 0
pinz/backend/api-gateway-service/pkg/proto/auth.pb.go:114.46,116.2 1 0
pinz/backend/api-gateway-service/pkg/proto/auth.pb.go:118.44,118.45 0 0
pinz/backend/api-gateway-service/pkg/proto/auth.pb.go:120.66,122.14 2 0
pinz/backend/api-gateway-service/pkg/proto/auth.pb.go:122.14,124.34 2 0
pinz/backend/api-gateway-service/pkg/proto/auth.pb.go:124.34,126.4 1 0
pinz/backend/api-gateway-service/pkg/proto/auth.pb.go:127.3,127.12 1 0
pinz/backend/api-gateway-service/pkg/proto/auth.pb.go:129.2,129.24 1 0
pinz/backend/api-gateway-service/pkg/proto/auth.pb.go:133.57,135.2 1 0
pinz/backend/api-gateway-service/pkg/proto/auth.pb.go:137.48,138.14 1 0
pinz/backend/api-gateway-service/pkg/proto/auth.pb.go:138.14,140.3 1 0
pinz/backend/api-gateway-service/pkg/proto/auth.pb.go:141.2,141.11 1 0
pinz/backend/api-gateway-service/pkg/proto/auth.pb.go:153.39,158.2 4 0
pinz/backend/api-gateway-service/pkg/proto/auth.pb.go:160.47,162.2 1 0
pinz/backend/api-gateway-service/pkg/proto/auth.pb.go:164.45,164.46 0 0
pinz/backend/api-gateway-service/pkg/proto/auth.pb.go:166.67,168.14 2 0
pinz/backend/api-gateway-service/pkg/proto/auth.pb.go:168.14,170.34 2 0
pinz/backend/api-gateway-service/pkg/proto/auth.pb.go:170.34,172.4 1 0
pinz/backend/api-gateway-service/pkg/proto/auth.pb.go:173.3,173.12 1 0
pinz/backend/api-gateway-service/pkg/proto/auth.pb.go:175.2,175.24 1 0
pinz/backend/api-gateway-service/pkg/proto/auth.pb.go:179.58,181.2 1 0
pinz/backend/api-gateway-service/pkg/proto/auth.pb.go:183.54,184.14 1 0
pinz/backend/api-gateway-service/pkg/proto/auth.pb.go:184.14,186.3 1 0
pinz/backend/api-gateway-service/pkg/proto/auth.pb.go:187.2,187.14 1 0
pinz/backend/api-gateway-service/pkg/proto/auth.pb.go:190.59,191.14 1 0
pinz/backend/api-gateway-service/pkg/proto/auth.pb.go:191.14,193.3 1 0
pinz/backend/api-gateway-service/pkg/proto/auth.pb.go:194.2,194.11 1 0
pinz/backend/api-gateway-service/pkg/proto/auth.pb.go:197.60,198.14 1 0
pinz/backend/api-gateway-service/pkg/proto/auth.pb.go:198.14,200.3 1 0
pinz/backend/api-gateway-service/pkg/proto/auth.pb.go:201.2,201.11 1 0
pinz/backend/api-gateway-service/pkg/proto/auth.pb.go:212.42,217.2 4 0
pinz/backend/api-gateway-service/pkg/proto/auth.pb.go:219.50,221.2 1 0
pinz/backend/api-gateway-service/pkg/proto/auth.pb.go:223.48,223.49 0 0
pinz/backend/api-gateway-service/pkg/proto/auth.pb.go:225.70,227.14 2 0
pinz/backend/api-gateway-service/pkg/proto/auth.pb.go:227.14,229.34 2 0
pinz/backend/api-gateway-service/pkg/proto/auth.pb.go:229.34,231.4 1 0
pinz/backend/api-gateway-service/pkg/proto/auth.pb.go:232.3,232.12 1 0
pinz/backend/api-gateway-service/pkg/proto/auth.pb.go:234.2,234.24 1 0
pinz/backend/api-gateway-service/pkg/proto/auth.pb.go:238.61,240.2 1 0
pinz/backend/api-gateway-service/pkg/proto/auth.pb.go:242.61,243.14 1 0
pinz/backend/api-gateway-service/pkg/proto/auth.pb.go:243.14,245.3 1 0
pinz/backend/api-gateway-service/pkg/proto/auth.pb.go:246.2,246.11 1 0
pinz/backend/api-gateway-service/pkg/proto/auth.pb.go:249.63,250.14 1 0
pinz/backend/api-gateway-service/pkg/proto/auth.pb.go:250.14,252.3 1 0
pinz/backend/api-gateway-service/pkg/proto/auth.pb.go:253.2,253.11 1 0
pinz/backend/api-gateway-service/pkg/proto/auth.pb.go:263.43,268.2 4 0
pinz/backend/api-gateway-service/pkg/proto/auth.pb.go:270.51,272.2 1 0
pinz/backend/api-gateway-service/pkg/proto/auth.pb.go:274.49,274.50 0 0
pinz/backend/api-gateway-service/pkg/proto/auth.pb.go:276.71,278.14 2 0
pinz/backend/api-gateway-service/pkg/proto/auth.pb.go:278.14,280.34 2 0
pinz/backend/api-gateway-service/pkg/proto/auth.pb.go:280.34,282.4 1 0
pinz/backend/api-gateway-service/pkg/proto/auth.pb.go:283.3,283.12 1 0
pinz/backend/api-gateway-service/pkg/proto/auth.pb.go:285.2,285.24 1 0
pinz/backend/api-gateway-service/pkg/proto/auth.pb.go:289.62,291.2 1 0
pinz/backend/api-gateway-service/pkg/proto/auth.pb.go:293.53,294.14 1 0
pinz/backend/api-gateway-service/pkg/proto/auth.pb.go:294.14,296.3 1 0
pinz/backend/api-gateway-service/pkg/proto/auth.pb.go:297.2,297.14 1 0
pinz/backend/api-gateway-service/pkg/proto/auth.pb.go:308.47,313.2 4 0
pinz/backend/api-gateway-service/pkg/proto/auth.pb.go:315.55,317.2 1 0
pinz/backend/api-gateway-service/pkg/proto/auth.pb.go:319.53,319.54 0 0
pinz/backend/api-gateway-service/pkg/proto/auth.pb.go:321.75,323.14 2 0
pinz/backend/api-gateway-service/pkg/proto/auth.pb.go:323.14,325.34 2 0
pinz/backend/api-gateway-service/pkg/proto/auth.pb.go:325.34,327.4 1 0
pinz/backend/api-gateway-service/pkg/proto/auth.pb.go:328.3,328.12 1 0
pinz/backend/api-gateway-service/pkg/proto/auth.pb.go:330.2,330.24 1 0
pinz/backend/api-gateway-service/pkg/proto/auth.pb.go:334.66,336.2 1 0
pinz/backend/api-gateway-service/pkg/proto/auth.pb.go:338.66,339.14 1 0
pinz/backend/api-gateway-service/pkg/proto/auth.pb.go:339.14,341.3 1 0
pinz/backend/api-gateway-service/pkg/proto/auth.pb.go:342.2,342.11 1 0
pinz/backend/api-gateway-service/pkg/proto/auth.pb.go:345.60,346.14 1 0
pinz/backend/api-gateway-service/pkg/proto/auth.pb.go:346.14,348.3 1 0
pinz/backend/api-gateway-service/pkg/proto/auth.pb.go:349.2,349.11 1 0
pinz/backend/api-gateway-service/pkg/proto/auth.pb.go:359.48,364.2 4 0
pinz/backend/api-gateway-service/pkg/proto/auth.pb.go:366.56,368.2 1 0
pinz/backend/api-gateway-service/pkg/proto/auth.pb.go:370.54,370.55 0 0
pinz/backend/api-gateway-service/pkg/proto/auth.pb.go:372.76,374.14 2 0
pinz/backend/api-gateway-service/pkg/proto/auth.pb.go:374.14,376.34 2 0
pinz/backend/api-gateway-service/pkg/proto/auth.pb.go:376.34,378.4 1 0
pinz/backend/api-gateway-service/pkg/proto/auth.pb.go:379.3,379.12 1 0
pinz/backend/api-gateway-service/pkg/proto/auth.pb.go:381.2,381.24 1 0
pinz/backend/api-gateway-service/pkg/proto/auth.pb.go:385.67,387.2 1 0
pinz/backend/api-gateway-service/pkg/proto/auth.pb.go:389.64,390.14 1 0
pinz/backend/api-gateway-service/pkg/proto/auth.pb.go:390.14,392.3 1 0
pinz/backend/api-gateway-service/pkg/proto/auth.pb.go:393.2,393.12 1 0
pinz/backend/api-gateway-service/pkg/proto/auth.pb.go:404.48,409.2 4 0
pinz/backend/api-gateway-service/pkg/proto/auth.pb.go:411.56,413.2 1 0
pinz/backend/api-gateway-service/pkg/proto/auth.pb.go:415.54,415.55 0 0
pinz/backend/api-gateway-service/pkg/proto/auth.pb.go:417.76,419.14 2 0
pinz/backend/api-gateway-service/pkg/proto/auth.pb.go:419.14,421.34 2 0
pinz/backend/api-gateway-service/pkg/proto/auth.pb.go:421.34,423.4 1 0
pinz/backend/api-gateway-service/pkg/proto/auth.pb.go:424.3,424.12 1 0
pinz/backend/api-gateway-service/pkg/proto/auth.pb.go:426.2,426.24 1 0
pinz/backend/api-gateway-service/pkg/proto/auth.pb.go:430.67,432.2 1 0
pinz/backend/api-gateway-service/pkg/proto/auth.pb.go:434.67,435.14 1 0
pinz/backend/api-gateway-service/pkg/proto/auth.pb.go:435.14,437.3 1 0
pinz/backend/api-gateway-service/pkg/proto/auth.pb.go:438.2,438.11 1 0
pinz/backend/api-gateway-service/pkg/proto/auth.pb.go:441.67,442.14 1 0
pinz/backend/api-gateway-service/pkg/proto/auth.pb.go:442.14,444.3 1 0
pinz/backend/api-gateway-service/pkg/proto/auth.pb.go:445.2,445.12 1 0
pinz/backend/api-gateway-service/pkg/proto/auth.pb.go:456.49,461.2 4 0
pinz/backend/api-gateway-service/pkg/proto/auth.pb.go:463.57,465.2 1 0
pinz/backend/api-gateway-service/pkg/proto/auth.pb.go:467.55,467.56 0 0
pinz/backend/api-gateway-service/pkg/proto/auth.pb.go:469.77,471.14 2 0
pinz/backend/api-gateway-service/pkg/proto/auth.pb.go:471.14,473.34 2 0
pinz/backend/api-gateway-service/pkg/proto/auth.pb.go:473.34,475.4 1 0
pinz/backend/api-gateway-service/pkg/proto/auth.pb.go:476.3,476.12 1 0
pinz/backend/api-gateway-service/pkg/proto/auth.pb.go:478.2,478.24 1 0
pinz/backend/api-gateway-service/pkg/proto/auth.pb.go:482.68,484.2 1 0
pinz/backend/api-gateway-service/pkg/proto/auth.pb.go:486.65,487.14 1 0
pinz/backend/api-gateway-service/pkg/proto/auth.pb.go:487.14,489.3 1 0
pinz/backend/api-gateway-service/pkg/proto/auth.pb.go:490.2,490.11 1 0
pinz/backend/api-gateway-service/pkg/proto/auth.pb.go:493.66,494.14 1 0
pinz/backend/api-gateway-service/pkg/proto/auth.pb.go:494.14,496.3 1 0
pinz/backend/api-gateway-service/pkg/proto/auth.pb.go:497.2,497.11 1 0
pinz/backend/api-gateway-service/pkg/proto/auth.pb.go:507.44,512.2 4 0
pinz/backend/api-gateway-service/pkg/proto/auth.pb.go:514.52,516.2 1 0
pinz/backend/api-gateway-service/pkg/proto/auth.pb.go:518.50,518.51 0 0
pinz/backend/api-gateway-service/pkg/proto/auth.pb.go:520.72,522.14 2 0
pinz/backend/api-gateway-service/pkg/proto/auth.pb.go:522.14,524.34 2 0
pinz/backend/api-gateway-service/pkg/proto/auth.pb.go:524.34,526.4 1 0
pinz/backend/api-gateway-service/pkg/proto/auth.pb.go:527.3,527.12 1 0
pinz/backend/api-gateway-service/pkg/proto/auth.pb.go:529.2,529.24 1 0
pinz/backend/api-gateway-service/pkg/proto/auth.pb.go:533.63,535.2 1 0
pinz/backend/api-gateway-service/pkg/proto/auth.pb.go:537.54,538.14 1 0
pinz/backend/api-gateway-service/pkg/proto/auth.pb.go:538.14,540.3 1 0
pinz/backend/api-gateway-service/pkg/proto/auth.pb.go:541.2,541.11 1 0
pinz/backend/api-gateway-service/pkg/proto/auth.pb.go:551.45,556.2 4 0
pinz/backend/api-gateway-service/pkg/proto/auth.pb.go:558.53,560.2 1 0
pinz/backend/api-gateway-service/pkg/proto/auth.pb.go:562.51,562.52 0 0
pinz/backend/api-gateway-service/pkg/proto/auth.pb.go:564.73,566.14 2 0
pinz/backend/api-gateway-service/pkg/proto/auth.pb.go:566.14,568.34 2 0
pinz/backend/api-gateway-service/pkg/proto/auth.pb.go:568.34,570.4 1 0
pinz/backend/api-gateway-service/pkg/proto/auth.pb.go:571.3,571.12 1 0
pinz/backend/api-gateway-service/pkg/proto/auth.pb.go:573.2,573.24 1 0
pinz/backend/api-gateway-service/pkg/proto/auth.pb.go:577.64,579.2 1 0
pinz/backend/api-gateway-service/pkg/proto/auth.pb.go:581.61,582.14 1 0
pinz/backend/api-gateway-service/pkg/proto/auth.pb.go:582.14,584.3 1 0
pinz/backend/api-gateway-service/pkg/proto/auth.pb.go:585.2,585.12 1 0
pinz/backend/api-gateway-service/pkg/proto/auth.pb.go:596.45,601.2 4 0
pinz/backend/api-gateway-service/pkg/proto/auth.pb.go:603.53,605.2 1 0
pinz/backend/api-gateway-service/pkg/proto/auth.pb.go:607.51,607.52 0 0
pinz/backend/api-gateway-service/pkg/proto/auth.pb.go:609.73,611.14 2 0
pinz/backend/api-gateway-service/pkg/proto/auth.pb.go:611.14,613.34 2 0
pinz/backend/api-gateway-service/pkg/proto/auth.pb.go:613.34,615.4 1 0
pinz/backend/api-gateway-service/pkg/proto/auth.pb.go:616.3,616.12 1 0
pinz/backend/api-gateway-service/pkg/proto/auth.pb.go:618.2,618.24 1 0
pinz/backend/api-gateway-service/pkg/proto/auth.pb.go:622.64,624.2 1 0
pinz/backend/api-gateway-service/pkg/proto/auth.pb.go:626.55,627.14 1 0
pinz/backend/api-gateway-service/pkg/proto/auth.pb.go:627.14,629.3 1 0
pinz/backend/api-gateway-service/pkg/proto/auth.pb.go:630.2,630.11 1 0
pinz/backend/api-gateway-service/pkg/proto/auth.pb.go:633.64,634.14 1 0
pinz/backend/api-gateway-service/pkg/proto/auth.pb.go:634.14,636.3 1 0
pinz/backend/api-gateway-service/pkg/proto/auth.pb.go:637.2,637.12 1 0
pinz/backend/api-gateway-service/pkg/proto/auth.pb.go:648.46,653.2 4 0
pinz/backend/api-gateway-service/pkg/proto/auth.pb.go:655.54,657.2 1 0
pinz/backend/api-gateway-service/pkg/proto/auth.pb.go:659.52,659.53 0 0
pinz/backend/api-gateway-service/pkg/proto/auth.pb.go:661.74,663.14 2 0
pinz/backend/api-gateway-service/pkg/proto/auth.pb.go:663.14,665.34 2 0
pinz/backend/api-gateway-service/pkg/proto/auth.pb.go:665.34,667.4 1 0
pinz/backend/api-gateway-service/pkg/proto/auth.pb.go:668.3,668.12 1 0
pinz/backend/api-gateway-service/pkg/proto/auth.pb.go:670.2,670.24 1 0
pinz/backend/api-gateway-service/pkg/proto/auth.pb.go:674.65,676.2 1 0
pinz/backend/api-gateway-service/pkg/proto/auth.pb.go:678.62,679.14 1 0
pinz/backend/api-gateway-service/pkg/proto/auth.pb.go:679.14,681.3 1 0
pinz/backend/api-gateway-service/pkg/proto/auth.pb.go:682.2,682.11 1 0
pinz/backend/api-gateway-service/pkg/proto/auth.pb.go:685.63,686.14 1 0
pinz/backend/api-gateway-service/pkg/proto/auth.pb.go:686.14,688.3 1 0
pinz/backend/api-gateway-service/pkg/proto/auth.pb.go:689.2,689.11 1 0
pinz/backend/api-gateway-service/pkg/proto/auth.pb.go:699.39,704.2 4 0
pinz/backend/api-gateway-service/pkg/proto/auth.pb.go:706.47,708.2 1 0
pinz/backend/api-gateway-service/pkg/proto/auth.pb.go:710.45,710.46 0 0
pinz/backend/api-gateway-service/pkg/proto/auth.pb.go:712.67,714.14 2 0
pinz/backend/api-gateway-service/pkg/proto/auth.pb.go:714.14,716.34 2 0
pinz/backend/api-gateway-service/pkg/proto/auth.pb.go:716.34,718.4 1 0
pinz/backend/api-gateway-service/pkg/proto/auth.pb.go:719.3,719.12 1 0
pinz/backend/api-gateway-service/pkg/proto/auth.pb.go:721.2,721.24 1 0
pinz/backend/api-gateway-service/pkg/proto/auth.pb.go:725.58,727.2 1 0
pinz/backend/api-gateway-service/pkg/proto/auth.pb.go:729.56,730.14 1 0
pinz/backend/api-gateway-service/pkg/proto/auth.pb.go:730.14,732.3 1 0
pinz/backend/api-gateway-service/pkg/proto/auth.pb.go:733.2,733.11 1 0
pinz/backend/api-gateway-service/pkg/proto/auth.pb.go:743.40,748.2 4 0
pinz/backend/api-gateway-service/pkg/proto/auth.pb.go:750.48,752.2 1 0
pinz/backend/api-gateway-service/pkg/proto/auth.pb.go:754.46,754.47 0 0
pinz/backend/api-gateway-service/pkg/proto/auth.pb.go:756.68,758.14 2 0
pinz/backend/api-gateway-service/pkg/proto/auth.pb.go:758.14,760.34 2 0
pinz/backend/api-gateway-service/pkg/proto/auth.pb.go:760.34,762.4 1 0
pinz/backend/api-gateway-service/pkg/proto/auth.pb.go:763.3,763.12 1 0
pinz/backend/api-gateway-service/pkg/proto/auth.pb.go:765.2,765.24 1 0
pinz/backend/api-gateway-service/pkg/proto/auth.pb.go:769.59,771.2 1 0
pinz/backend/api-gateway-service/pkg/proto/auth.pb.go:773.56,774.14 1 0
pinz/backend/api-gateway-service/pkg/proto/auth.pb.go:774.14,776.3 1 0
pinz/backend/api-gateway-service/pkg/proto/auth.pb.go:777.2,777.11 1 0
pinz/backend/api-gateway-service/pkg/proto/auth.pb.go:787.33,792.2 4 0
pinz/backend/api-gateway-service/pkg/proto/auth.pb.go:794.41,796.2 1 0
pinz/backend/api-gateway-service/pkg/proto/auth.pb.go:798.39,798.40 0 0
pinz/backend/api-gateway-service/pkg/proto/auth.pb.go:800.61,802.14 2 0
pinz/backend/api-gateway-service/pkg/proto/auth.pb.go:802.14,804.34 2 0
pinz/backend/api-gateway-service/pkg/proto/auth.pb.go:804.34,806.4 1 0
pinz/backend/api-gateway-service/pkg/proto/auth.pb.go:807.3,807.12 1 0
pinz/backend/api-gateway-service/pkg/proto/auth.pb.go:809.2,809.24 1 0
pinz/backend/api-gateway-service/pkg/proto/auth.pb.go:813.52,815.2 1 0
pinz/backend/api-gateway-service/pkg/proto/auth.pb.go:817.50,818.14 1 0
pinz/backend/api-gateway-service/pkg/proto/auth.pb.go:818.14,820.3 1 0
pinz/backend/api-gateway-service/pkg/proto/auth.pb.go:821.2,821.11 1 0
pinz/backend/api-gateway-service/pkg/proto/auth.pb.go:831.34,836.2 4 0
pinz/backend/api-gateway-service/pkg/proto/auth.pb.go:838.42,840.2 1 0
pinz/backend/api-gateway-service/pkg/proto/auth.pb.go:842.40,842.41 0 0
pinz/backend/api-gateway-service/pkg/proto/auth.pb.go:844.62,846.14 2 0
pinz/backend/api-gateway-service/pkg/proto/auth.pb.go:846.14,848.34 2 0
pinz/backend/api-gateway-service/pkg/proto/auth.pb.go:848.34,850.4 1 0
pinz/backend/api-gateway-service/pkg/proto/auth.pb.go:851.3,851.12 1 0
pinz/backend/api-gateway-service/pkg/proto/auth.pb.go:853.2,853.24 1 0
pinz/backend/api-gateway-service/pkg/proto/auth.pb.go:857.53,859.2 1 0
pinz/backend/api-gateway-service/pkg/proto/auth.pb.go:861.44,862.14 1 0
pinz/backend/api-gateway-service/pkg/proto/auth.pb.go:862.14,864.3 1 0
pinz/backend/api-gateway-service/pkg/proto/auth.pb.go:865.2,865.14 1 0
pinz/backend/api-gateway-service/pkg/proto/auth.pb.go:875.35,880.2 4 0
pinz/backend/api-gateway-service/pkg/proto/auth.pb.go:882.43,884.2 1 0
pinz/backend/api-gateway-service/pkg/proto/auth.pb.go:886.41,886.42 0 0
pinz/backend/api-gateway-service/pkg/proto/auth.pb.go:888.63,890.14 2 0
pinz/backend/api-gateway-service/pkg/proto/auth.pb.go:890.14,892.34 2 0
pinz/backend/api-gateway-service/pkg/proto/auth.pb.go:892.34,894.4 1 0
pinz/backend/api-gateway-service/pkg/proto/auth.pb.go:895.3,895.12 1 0
pinz/backend/api-gateway-service/pkg/proto/auth.pb.go:897.2,897.24 1 0
pinz/backend/api-gateway-service/pkg/proto/auth.pb.go:901.54,903.2 1 0
pinz/backend/api-gateway-service/pkg/proto/auth.pb.go:905.45,906.14 1 0
pinz/backend/api-gateway-service/pkg/proto/auth.pb.go:906.14,908.3 1 0
pinz/backend/api-gateway-service/pkg/proto/auth.pb.go:909.2,909.11 1 0
pinz/backend/api-gateway-service/pkg/proto/auth.pb.go:920.36,925.2 4 0
pinz/backend/api-gateway-service/pkg/proto/auth.pb.go:927.44,929.2 1 0
pinz/backend/api-gateway-service/pkg/proto/auth.pb.go:931.42,931.43 0 0
pinz/backend/api-gateway-service/pkg/proto/auth.pb.go:933.64,935.14 2 0
pinz/backend/api-gateway-service/pkg/proto/auth.pb.go:935.14,937.34 2 0
pinz/backend/api-gateway-service/pkg/proto/auth.pb.go:937.34,939.4 1 0
pinz/backend/api-gateway-service/pkg/proto/auth.pb.go:940.3,940.12 1 0
pinz/backend/api-gateway-service/pkg/proto/auth.pb.go:942.2,942.24 1 0
pinz/backend/api-gateway-service/pkg/proto/auth.pb.go:946.55,948.2 1 0
pinz/backend/api-gateway-service/pkg/proto/auth.pb.go:950.52,951.14 1 0
pinz/backend/api-gateway-service/pkg/proto/auth.pb.go:951.14,953.3 1 0
pinz/backend/api-gateway-service/pkg/proto/auth.pb.go:954.2,954.11 1 0
pinz/backend/api-gateway-service/pkg/proto/auth.pb.go:957.53,958.14 1 0
pinz/backend/api-gateway-service/pkg/proto/auth.pb.go:958.14,960.3 1 0
pinz/backend/api-gateway-service/pkg/proto/auth.pb.go:961.2,961.11 1 0
pinz/backend/api-gateway-service/pkg/proto/auth.pb.go:1038.43,1039.40 1 0
pinz/backend/api-gateway-service/pkg/proto/auth.pb.go:1039.40,1041.3 1 0
pinz/backend/api-gateway-service/pkg/proto/auth.pb.go:1042.2,1042.36 1 0
pinz/backend/api-gateway-service/pkg/proto/auth.pb.go:1093.13,1093.39 1 0
pinz/backend/api-gateway-service/pkg/proto/auth.pb.go:1094.29,1095.28 1 0
pinz/backend/api-gateway-service/pkg/proto/auth.pb.go:1095.28,1097.3 1 0
pinz/backend/api-gateway-service/pkg/proto/auth.pb.go:1098.2,1114.31 5 0
pinz/backend/api-gateway-service/pkg/proto/auth_grpc.pb.go:52.74,54.2 1 0
pinz/backend/api-gateway-service/pkg/proto/auth_grpc.pb.go:56.141,60.16 4 0
pinz/backend/api-gateway-service/pkg/proto/auth_grpc.pb.go:60.16,62.3 1 0
pinz/backend/api-gateway-service/pkg/proto/auth_grpc.pb.go:63.2,63.17 1 0
pinz/backend/api-gateway-service/pkg/proto/auth_grpc.pb.go:66.153,70.16 4 0
pinz/backend/api-gateway-service/pkg/proto/auth_grpc.pb.go:70.16,72.3 1 0
pinz/backend/api-gateway-service/pkg/proto/auth_grpc.pb.go:73.2,73.17 1 0
pinz/backend/api-gateway-service/pkg/proto/auth_grpc.pb.go:76.168,80.16 4 0
pinz/backend/api-gateway-service/pkg/proto/auth_grpc.pb.go:80.16,82.3 1 0
pinz/backend/api-gateway-service/pkg/proto/auth_grpc.pb.go:83.2,83.17 1 0
pinz/backend/api-gateway-service/pkg/proto/auth_grpc.pb.go:86.171,90.16 4 0
pinz/backend/api-gateway-service/pkg/proto/auth_grpc.pb.go:90.16,92.3 1 0
pinz/backend/api-gateway-service/pkg/proto/auth_grpc.pb.go:93.2,93.17 1 0
pinz/backend/api-gateway-service/pkg/proto/auth_grpc.pb.go:96.159,100.16 4 0
pinz/backend/api-gateway-service/pkg/proto/auth_grpc.pb.go:100.16,102.3 1 0
pinz/backend/api-gateway-service/pkg/proto/auth_grpc.pb.go:103.2,103.17 1 0
pinz/backend/api-gateway-service/pkg/proto/auth_grpc.pb.go:106.162,110.16 4 0
pinz/backend/api-gateway-service/pkg/proto/auth_grpc.pb.go:110.16,112.3 1 0
pinz/backend/api-gateway-service/pkg/proto/auth_grpc.pb.go:113.2,113.17 1 0
pinz/backend/api-gateway-service/pkg/proto/auth_grpc.pb.go:116.144,120.16 4 0
pinz/backend/api-gateway-service/pkg/proto/auth_grpc.pb.go:120.16,122.3 1 0
pinz/backend/api-gateway-service/pkg/proto/auth_grpc.pb.go:123.2,123.17 1 0
pinz/backend/api-gateway-service/pkg/proto/auth_grpc.pb.go:126.126,130.16 4 0
pinz/backend/api-gateway-service/pkg/proto/auth_grpc.pb.go:130.16,132.3 1 0
pinz/backend/api-gateway-service/pkg/proto/auth_grpc.pb.go:133.2,133.17 1 0
pinz/backend/api-gateway-service/pkg/proto/auth_grpc.pb.go:136.132,140.16 4 0
pinz/backend/api-gateway-service/pkg/proto/auth_grpc.pb.go:140.16,142.3 1 0
pinz/backend/api-gateway-service/pkg/proto/auth_grpc.pb.go:143.2,143.17 1 0
pinz/backend/api-gateway-service/pkg/proto/auth_grpc.pb.go:169.119,171.2 1 0
pinz/backend/api-gateway-service/pkg/proto/auth_grpc.pb.go:172.131,174.2 1 0
pinz/backend/api-gateway-service/pkg/proto/auth_grpc.pb.go:175.146,177.2 1 0
pinz/backend/api-gateway-service/pkg/proto/auth_grpc.pb.go:178.149,180.2 1 0
pinz/backend/api-gateway-service/pkg/proto/auth_grpc.pb.go:181.137,183.2 1 0
pinz/backend/api-gateway-service/pkg/proto/auth_grpc.pb.go:184.140,186.2 1 0
pinz/backend/api-gateway-service/pkg/proto/auth_grpc.pb.go:187.122,189.2 1 0
pinz/backend/api-gateway-service/pkg/proto/auth_grpc.pb.go:190.104,192.2 1 0
pinz/backend/api-gateway-service/pkg/proto/auth_grpc.pb.go:193.110,195.2 1 0
pinz/backend/api-gateway-service/pkg/proto/auth_grpc.pb.go:196.82,196.83 0 0
pinz/backend/api-gateway-service/pkg/proto/auth_grpc.pb.go:197.82,197.83 0 0
pinz/backend/api-gateway-service/pkg/proto/auth_grpc.pb.go:206.80,211.59 1 0
pinz/backend/api-gateway-service/pkg/proto/auth_grpc.pb.go:211.59,213.3 1 0
pinz/backend/api-gateway-service/pkg/proto/auth_grpc.pb.go:214.2,214.50 1 0
pinz/backend/api-gateway-service/pkg/proto/auth_grpc.pb.go:217.168,219.32 2 0
pinz/backend/api-gateway-service/pkg/proto/auth_grpc.pb.go:219.32,221.3 1 0
pinz/backend/api-gateway-service/pkg/proto/auth_grpc.pb.go:222.2,222.24 1 0
pinz/backend/api-gateway-service/pkg/proto/auth_grpc.pb.go:222.24,224.3 1 0
pinz/backend/api-gateway-service/pkg/proto/auth_grpc.pb.go:225.2,229.77 2 0
pinz/backend/api-gateway-service/pkg/proto/auth_grpc.pb.go:229.77,231.3 1 0
pinz/backend/api-gateway-service/pkg/proto/auth_grpc.pb.go:232.2,232.44 1 0
pinz/backend/api-gateway-service/pkg/proto/auth_grpc.pb.go:235.172,237.32 2 0
pinz/backend/api-gateway-service/pkg/proto/auth_grpc.pb.go:237.32,239.3 1 0
pinz/backend/api-gateway-service/pkg/proto/auth_grpc.pb.go:240.2,240.24 1 0
pinz/backend/api-gateway-service/pkg/proto/auth_grpc.pb.go:240.24,242.3 1 0
pinz/backend/api-gateway-service/pkg/proto/auth_grpc.pb.go:243.2,247.77 2 0
pinz/backend/api-gateway-service/pkg/proto/auth_grpc.pb.go:247.77,249.3 1 0
pinz/backend/api-gateway-service/pkg/proto/auth_grpc.pb.go:250.2,250.44 1 0
pinz/backend/api-gateway-service/pkg/proto/auth_grpc.pb.go:253.177,255.32 2 0
pinz/backend/api-gateway-service/pkg/proto/auth_grpc.pb.go:255.32,257.3 1 0
pinz/backend/api-gateway-service/pkg/proto/auth_grpc.pb.go:258.2,258.24 1 0
pinz/backend/api-gateway-service/pkg/proto/auth_grpc.pb.go:258.24,260.3 1 0
pinz/backend/api-gateway-service/pkg/proto/auth_grpc.pb.go:261.2,265.77 2 0
pinz/backend/api-gateway-service/pkg/proto/auth_grpc.pb.go:265.77,267.3 1 0
pinz/backend/api-gateway-service/pkg/proto/auth_grpc.pb.go:268.2,268.44 1 0
pinz/backend/api-gateway-service/pkg/proto/auth_grpc.pb.go:271.178,273.32 2 0
pinz/backend/api-gateway-service/pkg/proto/auth_grpc.pb.go:273.32,275.3 1 0
pinz/backend/api-gateway-service/pkg/proto/auth_grpc.pb.go:276.2,276.24 1 0
pinz/backend/api-gateway-service/pkg/proto/auth_grpc.pb.go:276.24,278.3 1 0
pinz/backend/api-gateway-service/pkg/proto/auth_grpc.pb.go:279.2,283.77 2 0
pinz/backend/api-gateway-service/pkg/proto/auth_grpc.pb.go:283.77,285.3 1 0
pinz/backend/api-gateway-service/pkg/proto/auth_grpc.pb.go:286.2,286.44 1 0
pinz/backend/api-gateway-service/pkg/proto/auth_grpc.pb.go:289.174,291.32 2 0
pinz/backend/api-gateway-service/pkg/proto/auth_grpc.pb.go:291.32,293.3 1 0
pinz/backend/api-gateway-service/pkg/proto/auth_grpc.pb.go:294.2,294.24 1 0
pinz/backend/api-gateway-service/pkg/proto/auth_grpc.pb.go:294.24,296.3 1 0
pinz/backend/api-gateway-service/pkg/proto/auth_grpc.pb.go:297.2,301.77 2 0
pinz/backend/api-gateway-service/pkg/proto/auth_grpc.pb.go:301.77,303.3 1 0
pinz/backend/api-gateway-service/pkg/proto/auth_grpc.pb.go:304.2,304.44 1 0
pinz/backend/api-gateway-service/pkg/proto/auth_grpc.pb.go:307.175,309.32 2 0
pinz/backend/api-gateway-service/pkg/proto/auth_grpc.pb.go:309.32,311.3 1 0
pinz/backend/api-gateway-service/pkg/proto/auth_grpc.pb.go:312.2,312.24 1 0
pinz/backend/api-gateway-service/pkg/proto/auth_grpc.pb.go:312.24,314.3 1 0
pinz/backend/api-gateway-service/pkg/proto/auth_grpc.pb.go:315.2,319.77 2 0
pinz/backend/api-gateway-service/pkg/proto/auth_grpc.pb.go:319.77,321.3 1 0
pinz/backend/api-gateway-service/pkg/proto/auth_grpc.pb.go:322.2,322.44 1 0
pinz/backend/api-gateway-service/pkg/proto/auth_grpc.pb.go:325.169,327.32 2 0
pinz/backend/api-gateway-service/pkg/proto/auth_grpc.pb.go:327.32,329.3 1 0
pinz/backend/api-gateway-service/pkg/proto/auth_grpc.pb.go:330.2,330.24 1 0
pinz/backend/api-gateway-service/pkg/proto/auth_grpc.pb.go:330.24,332.3 1 0
pinz/backend/api-gateway-service/pkg/proto/auth_grpc.pb.go:333.2,337.77 2 0
pinz/backend/api-gateway-service/pkg/proto/auth_grpc.pb.go:337.77,339.3 1 0
pinz/backend/api-gateway-service/pkg/proto/auth_grpc.pb.go:340.2,340.44 1 0
pinz/backend/api-gateway-service/pkg/proto/auth_grpc.pb.go:343.163,345.32 2 0
pinz/backend/api-gateway-service/pkg/proto/auth_grpc.pb.go:345.32,347.3 1 0
pinz/backend/api-gateway-service/pkg/proto/auth_grpc.pb.go:348.2,348.24 1 0
pinz/backend/api-gateway-service/pkg/proto/auth_grpc.pb.go:348.24,350.3 1 0
pinz/backend/api-gateway-service/pkg/proto/auth_grpc.pb.go:351.2,355.77 2 0
pinz/backend/api-gateway-service/pkg/proto/auth_grpc.pb.go:355.77,357.3 1 0
pinz/backend/api-gateway-service/pkg/proto/auth_grpc.pb.go:358.2,358.44 1 0
pinz/backend/api-gateway-service/pkg/proto/auth_grpc.pb.go:361.165,363.32 2 0
pinz/backend/api-gateway-service/pkg/proto/auth_grpc.pb.go:363.32,365.3 1 0
pinz/backend/api-gateway-service/pkg/proto/auth_grpc.pb.go:366.2,366.24 1 0
pinz/backend/api-gateway-service/pkg/proto/auth_grpc.pb.go:366.24,368.3 1 0
pinz/backend/api-gateway-service/pkg/proto/auth_grpc.pb.go:369.2,373.77 2 0
pinz/backend/api-gateway-service/pkg/proto/auth_grpc.pb.go:373.77,375.3 1 0
pinz/backend/api-gateway-service/pkg/proto/auth_grpc.pb.go:376.2,376.44 1 0
pinz/backend/api-gateway-service/pkg/proto/trip.pb.go:47.24,52.2 4 0
pinz/backend/api-gateway-service/pkg/proto/trip.pb.go:54.32,56.2 1 0
pinz/backend/api-gateway-service/pkg/proto/trip.pb.go:58.30,58.31 0 0
pinz/backend/api-gateway-service/pkg/proto/trip.pb.go:60.52,62.14 2 0
pinz/backend/api-gateway-service/pkg/proto/trip.pb.go:62.14,64.34 2 0
pinz/backend/api-gateway-service/pkg/proto/trip.pb.go:64.34,66.4 1 0
pinz/backend/api-gateway-service/pkg/proto/trip.pb.go:67.3,67.12 1 0
pinz/backend/api-gateway-service/pkg/proto/trip.pb.go:69.2,69.24 1 0
pinz/backend/api-gateway-service/pkg/proto/trip.pb.go:73.43,75.2 1 0
pinz/backend/api-gateway-service/pkg/proto/trip.pb.go:77.31,78.14 1 0
pinz/backend/api-gateway-service/pkg/proto/trip.pb.go:78.14,80.3 1 0
pinz/backend/api-gateway-service/pkg/proto/trip.pb.go:81.2,81.11 1 0
pinz/backend/api-gateway-service/pkg/proto/trip.pb.go:84.40,85.14 1 0
pinz/backend/api-gateway-service/pkg/proto/trip.pb.go:85.14,87.3 1 0
pinz/backend/api-gateway-service/pkg/proto/trip.pb.go:88.2,88.11 1 0
pinz/backend/api-gateway-service/pkg/proto/trip.pb.go:91.33,92.14 1 0
pinz/backend/api-gateway-service/pkg/proto/trip.pb.go:92.14,94.3 1 0
pinz/backend/api-gateway-service/pkg/proto/trip.pb.go:95.2,95.11 1 0
pinz/backend/api-gateway-service/pkg/proto/trip.pb.go:98.40,99.14 1 0
pinz/backend/api-gateway-service/pkg/proto/trip.pb.go:99.14,101.3 1 0
pinz/backend/api-gateway-service/pkg/proto/trip.pb.go:102.2,102.11 1 0
pinz/backend/api-gateway-service/pkg/proto/trip.pb.go:105.37,106.14 1 0
pinz/backend/api-gateway-service/pkg/proto/trip.pb.go:106.14,108.3 1 0
pinz/backend/api-gateway-service/pkg/proto/trip.pb.go:109.2,109.11 1 0
pinz/backend/api-gateway-service/pkg/proto/trip.pb.go:112.35,113.14 1 0
pinz/backend/api-gateway-service/pkg/proto/trip.pb.go:113.14,115.3 1 0
pinz/backend/api-gateway-service/pkg/proto/trip.pb.go:116.2,116.11 1 0
pinz/backend/api-gateway-service/pkg/proto/trip.pb.go:119.35,120.14 1 0
pinz/backend/api-gateway-service/pkg/proto/trip.pb.go:120.14,122.3 1 0
pinz/backend/api-gateway-service/pkg/proto/trip.pb.go:123.2,123.11 1 0
pinz/backend/api-gateway-service/pkg/proto/trip.pb.go:126.41,127.14 1 0
pinz/backend/api-gateway-service/pkg/proto/trip.pb.go:127.14,129.3 1 0
pinz/backend/api-gateway-service/pkg/proto/trip.pb.go:130.2,130.11 1 0
pinz/backend/api-gateway-service/pkg/proto/trip.pb.go:133.41,134.14 1 0
pinz/backend/api-gateway-service/pkg/proto/trip.pb.go:134.14,136.3 1 0
pinz/backend/api-gateway-service/pkg/proto/trip.pb.go:137.2,137.10 1 0
pinz/backend/api-gateway-service/pkg/proto/trip.pb.go:140.39,141.14 1 0
pinz/backend/api-gateway-service/pkg/proto/trip.pb.go:141.14,143.3 1 0
pinz/backend/api-gateway-service/pkg/proto/trip.pb.go:144.2,144.10 1 0
pinz/backend/api-gateway-service/pkg/proto/trip.pb.go:147.38,148.14 1 0
pinz/backend/api-gateway-service/pkg/proto/trip.pb.go:148.14,150.3 1 0
pinz/backend/api-gateway-service/pkg/proto/trip.pb.go:151.2,151.10 1 0
pinz/backend/api-gateway-service/pkg/proto/trip.pb.go:154.41,155.14 1 0
pinz/backend/api-gateway-service/pkg/proto/trip.pb.go:155.14,157.3 1 0
pinz/backend/api-gateway-service/pkg/proto/trip.pb.go:158.2,158.10 1 0
pinz/backend/api-gateway-service/pkg/proto/trip.pb.go:161.37,162.14 1 0
pinz/backend/api-gateway-service/pkg/proto/trip.pb.go:162.14,164.3 1 0
pinz/backend/api-gateway-service/pkg/proto/trip.pb.go:165.2,165.11 1 0
pinz/backend/api-gateway-service/pkg/proto/trip.pb.go:168.38,169.14 1 0
pinz/backend/api-gateway-service/pkg/proto/trip.pb.go:169.14,171.3 1 0
pinz/backend/api-gateway-service/pkg/proto/trip.pb.go:172.2,172.14 1 0
pinz/backend/api-gateway-service/pkg/proto/trip.pb.go:175.38,176.14 1 0
pinz/backend/api-gateway-service/pkg/proto/trip.pb.go:176.14,178.3 1 0
pinz/backend/api-gateway-service/pkg/proto/trip.pb.go:179.2,179.14 1 0
pinz/backend/api-gateway-service/pkg/proto/trip.pb.go:182.41,183.14 1 0
pinz/backend/api-gateway-service/pkg/proto/trip.pb.go:183.14,185.3 1 0
pinz/backend/api-gateway-service/pkg/proto/trip.pb.go:186.2,186.10 1 0
pinz/backend/api-gateway-service/pkg/proto/trip.pb.go:189.41,190.14 1 0
pinz/backend/api-gateway-service/pkg/proto/trip.pb.go:190.14,192.3 1 0
pinz/backend/api-gateway-service/pkg/proto/trip.pb.go:193.2,193.10 1 0
pinz/backend/api-gateway-service/pkg/proto/trip.pb.go:209.37,214.2 4 0
pinz/backend/api-gateway-service/pkg/proto/trip.pb.go:216.45,218.2 1 0
pinz/backend/api-gateway-service/pkg/proto/trip.pb.go:220.43,220.44 0 0
pinz/backend/api-gateway-service/pkg/proto/trip.pb.go:222.65,224.14 2 0
pinz/backend/api-gateway-service/pkg/proto/trip.pb.go:224.14,226.34 2 0
pinz/backend/api-gateway-service/pkg/proto/trip.pb.go:226.34,228.4 1 0
pinz/backend/api-gateway-service/pkg/proto/trip.pb.go:229.3,229.12 1 0
pinz/backend/api-gateway-service/pkg/proto/trip.pb.go:231.2,231.24 1 0
pinz/backend/api-gateway-service/pkg/proto/trip.pb.go:235.56,237.2 1 0
pinz/backend/api-gateway-service/pkg/proto/trip.pb.go:239.53,240.14 1 0
pinz/backend/api-gateway-service/pkg/proto/trip.pb.go:240.14,242.3 1 0
pinz/backend/api-gateway-service/pkg/proto/trip.pb.go:243.2,243.11 1 0
pinz/backend/api-gateway-service/pkg/proto/trip.pb.go:246.46,247.14 1 0
pinz/backend/api-gateway-service/pkg/proto/trip.pb.go:247.14,249.3 1 0
pinz/backend/api-gateway-service/pkg/proto/trip.pb.go:250.2,250.11 1 0
pinz/backend/api-gateway-service/pkg/proto/trip.pb.go:253.53,254.14 1 0
pinz/backend/api-gateway-service/pkg/proto/trip.pb.go:254.14,256.3 1 0
pinz/backend/api-gateway-service/pkg/proto/trip.pb.go:257.2,257.11 1 0
pinz/backend/api-gateway-service/pkg/proto/trip.pb.go:260.50,261.14 1 0
pinz/backend/api-gateway-service/pkg/proto/trip.pb.go:261.14,263.3 1 0
pinz/backend/api-gateway-service/pkg/proto/trip.pb.go:264.2,264.11 1 0
pinz/backend/api-gateway-service/pkg/proto/trip.pb.go:267.48,268.14 1 0
pinz/backend/api-gateway-service/pkg/proto/trip.pb.go:268.14,270.3 1 0
pinz/backend/api-gateway-service/pkg/proto/trip.pb.go:271.2,271.11 1 0
pinz/backend/api-gateway-service/pkg/proto/trip.pb.go:274.54,275.14 1 0
pinz/backend/api-gateway-service/pkg/proto/trip.pb.go:275.14,277.3 1 0
pinz/backend/api-gateway-service/pkg/proto/trip.pb.go:278.2,278.11 1 0
pinz/backend/api-gateway-service/pkg/proto/trip.pb.go:281.64,282.14 1 0
pinz/backend/api-gateway-service/pkg/proto/trip.pb.go:282.14,284.3 1 0
pinz/backend/api-gateway-service/pkg/proto/trip.pb.go:285.2,285.12 1 0
pinz/backend/api-gateway-service/pkg/proto/trip.pb.go:296.32,301.2 4 0
pinz/backend/api-gateway-service/pkg/proto/trip.pb.go:303.40,305.2 1 0
pinz/backend/api-gateway-service/pkg/proto/trip.pb.go:307.38,307.39 0 0
pinz/backend/api-gateway-service/pkg/proto/trip.pb.go:309.60,311.14 2 0
pinz/backend/api-gateway-service/pkg/proto/trip.pb.go:311.14,313.34 2 0
pinz/backend/api-gateway-service/pkg/proto/trip.pb.go:313.34,315.4 1 0
pinz/backend/api-gateway-service/pkg/proto/trip.pb.go:316.3,316.12 1 0
pinz/backend/api-gateway-service/pkg/proto/trip.pb.go:318.2,318.24 1 0
pinz/backend/api-gateway-service/pkg/proto/trip.pb.go:322.51,324.2 1 0
pinz/backend/api-gateway-service/pkg/proto/trip.pb.go:326.45,327.14 1 0
pinz/backend/api-gateway-service/pkg/proto/trip.pb.go:327.14,329.3 1 0
pinz/backend/api-gateway-service/pkg/proto/trip.pb.go:330.2,330.11 1 0
pinz/backend/api-gateway-service/pkg/proto/trip.pb.go:333.48,334.14 1 0
pinz/backend/api-gateway-service/pkg/proto/trip.pb.go:334.14,336.3 1 0
pinz/backend/api-gateway-service/pkg/proto/trip.pb.go:337.2,337.11 1 0
pinz/backend/api-gateway-service/pkg/proto/trip.pb.go:349.38,354.2 4 0
pinz/backend/api-gateway-service/pkg/proto/trip.pb.go:356.46,358.2 1 0
pinz/backend/api-gateway-service/pkg/proto/trip.pb.go:360.44,360.45 0 0
pinz/backend/api-gateway-service/pkg/proto/trip.pb.go:362.66,364.14 2 0
pinz/backend/api-gateway-service/pkg/proto/trip.pb.go:364.14,366.34 2 0
pinz/backend/api-gateway-service/pkg/proto/trip.pb.go:366.34,368.4 1 0
pinz/backend/api-gateway-service/pkg/proto/trip.pb.go:369.3,369.12 1 0
pinz/backend/api-gateway-service/pkg/proto/trip.pb.go:371.2,371.24 1 0
pinz/backend/api-gateway-service/pkg/proto/trip.pb.go:375.57,377.2 1 0
pinz/backend/api-gateway-service/pkg/proto/trip.pb.go:379.49,380.14 1 0
pinz/backend/api-gateway-service/pkg/proto/trip.pb.go:380.14,382.3 1 0
pinz/backend/api-gateway-service/pkg/proto/trip.pb.go:383.2,383.11 1 0
pinz/backend/api-gateway-service/pkg/proto/trip.pb.go:386.49,387.14 1 0
pinz/backend/api-gateway-service/pkg/proto/trip.pb.go:387.14,389.3 1 0
pinz/backend/api-gateway-service/pkg/proto/trip.pb.go:390.2,390.11 1 0
pinz/backend/api-gateway-service/pkg/proto/trip.pb.go:393.59,394.14 1 0
pinz/backend/api-gateway-service/pkg/proto/trip.pb.go:394.14,396.3 1 0
pinz/backend/api-gateway-service/pkg/proto/trip.pb.go:397.2,397.12 1 0
pinz/backend/api-gateway-service/pkg/proto/trip.pb.go:409.29,414.2 4 0
pinz/backend/api-gateway-service/pkg/proto/trip.pb.go:416.37,418.2 1 0
pinz/backend/api-gateway-service/pkg/proto/trip.pb.go:420.35,420.36 0 0
pinz/backend/api-gateway-service/pkg/proto/trip.pb.go:422.57,424.14 2 0
pinz/backend/api-gateway-service/pkg/proto/trip.pb.go:424.14,426.34 2 0
pinz/backend/api-gateway-service/pkg/proto/trip.pb.go:426.34,428.4 1 0
pinz/backend/api-gateway-service/pkg/proto/trip.pb.go:429.3,429.12 1 0
pinz/backend/api-gateway-service/pkg/proto/trip.pb.go:431.2,431.24 1 0
pinz/backend/api-gateway-service/pkg/proto/trip.pb.go:435.48,437.2 1 0
pinz/backend/api-gateway-service/pkg/proto/trip.pb.go:439.42,440.14 1 0
pinz/backend/api-gateway-service/pkg/proto/trip.pb.go:440.14,442.3 1 0
pinz/backend/api-gateway-service/pkg/proto/trip.pb.go:443.2,443.11 1 0
pinz/backend/api-gateway-service/pkg/proto/trip.pb.go:446.39,447.14 1 0
pinz/backend/api-gateway-service/pkg/proto/trip.pb.go:447.14,449.3 1 0
pinz/backend/api-gateway-service/pkg/proto/trip.pb.go:450.2,450.11 1 0
pinz/backend/api-gateway-service/pkg/proto/trip.pb.go:453.37,454.14 1 0
pinz/backend/api-gateway-service/pkg/proto/trip.pb.go:454.14,456.3 1 0
pinz/backend/api-gateway-service/pkg/proto/trip.pb.go:457.2,457.11 1 0
pinz/backend/api-gateway-service/pkg/proto/trip.pb.go:468.34,473.2 4 0
pinz/backend/api-gateway-service/pkg/proto/trip.pb.go:475.42,477.2 1 0
pinz/backend/api-gateway-service/pkg/proto/trip.pb.go:479.40,479.41 0 0
pinz/backend/api-gateway-service/pkg/proto/trip.pb.go:481.62,483.14 2 0
pinz/backend/api-gateway-service/pkg/proto/trip.pb.go:483.14,485.34 2 0
pinz/backend/api-gateway-service/pkg/proto/trip.pb.go:485.34,487.4 1 0
pinz/backend/api-gateway-service/pkg/proto/trip.pb.go:488.3,488.12 1 0
pinz/backend/api-gateway-service/pkg/proto/trip.pb.go:490.2,490.24 1 0
pinz/backend/api-gateway-service/pkg/proto/trip.pb.go:494.53,496.2 1 0
pinz/backend/api-gateway-service/pkg/proto/trip.pb.go:498.45,499.14 1 0
pinz/backend/api-gateway-service/pkg/proto/trip.pb.go:499.14,501.3 1 0
pinz/backend/api-gateway-service/pkg/proto/trip.pb.go:502.2,502.11 1 0
pinz/backend/api-gateway-service/pkg/proto/trip.pb.go:505.45,506.14 1 0
pinz/backend/api-gateway-service/pkg/proto/trip.pb.go:506.14,508.3 1 0
pinz/backend/api-gateway-service/pkg/proto/trip.pb.go:509.2,509.11 1 0
pinz/backend/api-gateway-service/pkg/proto/trip.pb.go:530.27,535.2 4 0
pinz/backend/api-gateway-service/pkg/proto/trip.pb.go:537.35,539.2 1 0
pinz/backend/api-gateway-service/pkg/proto/trip.pb.go:541.33,541.34 0 0
pinz/backend/api-gateway-service/pkg/proto/trip.pb.go:543.55,545.14 2 0
pinz/backend/api-gateway-service/pkg/proto/trip.pb.go:545.14,547.34 2 0
pinz/backend/api-gateway-service/pkg/proto/trip.pb.go:547.34,549.4 1 0
pinz/backend/api-gateway-service/pkg/proto/trip.pb.go:550.3,550.12 1 0
pinz/backend/api-gateway-service/pkg/proto/trip.pb.go:552.2,552.24 1 0
pinz/backend/api-gateway-service/pkg/proto/trip.pb.go:556.46,558.2 1 0
pinz/backend/api-gateway-service/pkg/proto/trip.pb.go:560.34,561.14 1 0
pinz/backend/api-gateway-service/pkg/proto/trip.pb.go:561.14,563.3 1 0
pinz/backend/api-gateway-service/pkg/proto/trip.pb.go:564.2,564.11 1 0
pinz/backend/api-gateway-service/pkg/proto/trip.pb.go:567.36,568.14 1 0
pinz/backend/api-gateway-service/pkg/proto/trip.pb.go:568.14,570.3 1 0
pinz/backend/api-gateway-service/pkg/proto/trip.pb.go:571.2,571.11 1 0
pinz/backend/api-gateway-service/pkg/proto/trip.pb.go:574.43,575.14 1 0
pinz/backend/api-gateway-service/pkg/proto/trip.pb.go:575.14,577.3 1 0
pinz/backend/api-gateway-service/pkg/proto/trip.pb.go:578.2,578.11 1 0
pinz/backend/api-gateway-service/pkg/proto/trip.pb.go:581.40,582.14 1 0
pinz/backend/api-gateway-service/pkg/proto/trip.pb.go:582.14,584.3 1 0
pinz/backend/api-gateway-service/pkg/proto/trip.pb.go:585.2,585.11 1 0
pinz/backend/api-gateway-service/pkg/proto/trip.pb.go:588.41,589.35 1 0
pinz/backend/api-gateway-service/pkg/proto/trip.pb.go:589.35,591.3 1 0
pinz/backend/api-gateway-service/pkg/proto/trip.pb.go:592.2,592.10 1 0
pinz/backend/api-gateway-service/pkg/proto/trip.pb.go:595.42,596.36 1 0
pinz/backend/api-gateway-service/pkg/proto/trip.pb.go:596.36,598.3 1 0
pinz/backend/api-gateway-service/pkg/proto/trip.pb.go:599.2,599.10 1 0
pinz/backend/api-gateway-service/pkg/proto/trip.pb.go:602.44,603.14 1 0
pinz/backend/api-gateway-service/pkg/proto/trip.pb.go:603.14,605.3 1 0
pinz/backend/api-gateway-service/pkg/proto/trip.pb.go:606.2,606.10 1 0
pinz/backend/api-gateway-service/pkg/proto/trip.pb.go:609.42,610.14 1 0
pinz/backend/api-gateway-service/pkg/proto/trip.pb.go:610.14,612.3 1 0
pinz/backend/api-gateway-service/pkg/proto/trip.pb.go:613.2,613.10 1 0
pinz/backend/api-gateway-service/pkg/proto/trip.pb.go:616.44,617.14 1 0
pinz/backend/api-gateway-service/pkg/proto/trip.pb.go:617.14,619.3 1 0
pinz/backend/api-gateway-service/pkg/proto/trip.pb.go:620.2,620.11 1 0
pinz/backend/api-gateway-service/pkg/proto/trip.pb.go:623.38,624.14 1 0
pinz/backend/api-gateway-service/pkg/proto/trip.pb.go:624.14,626.3 1 0
pinz/backend/api-gateway-service/pkg/proto/trip.pb.go:627.2,627.12 1 0
pinz/backend/api-gateway-service/pkg/proto/trip.pb.go:630.46,631.14 1 0
pinz/backend/api-gateway-service/pkg/proto/trip.pb.go:631.14,633.3 1 0
pinz/backend/api-gateway-service/pkg/proto/trip.pb.go:634.2,634.12 1 0
pinz/backend/api-gateway-service/pkg/proto/trip.pb.go:648.32,653.2 4 0
pinz/backend/api-gateway-service/pkg/proto/trip.pb.go:655.40,657.2 1 0
pinz/backend/api-gateway-service/pkg/proto/trip.pb.go:659.38,659.39 0 0
pinz/backend/api-gateway-service/pkg/proto/trip.pb.go:661.60,663.14 2 0
pinz/backend/api-gateway-service/pkg/proto/trip.pb.go:663.14,665.34 2 0
pinz/backend/api-gateway-service/pkg/proto/trip.pb.go:665.34,667.4 1 0
pinz/backend/api-gateway-service/pkg/proto/trip.pb.go:668.3,668.12 1 0
pinz/backend/api-gateway-service/pkg/proto/trip.pb.go:670.2,670.24 1 0
pinz/backend/api-gateway-service/pkg/proto/trip.pb.go:674.51,676.2 1 0
pinz/backend/api-gateway-service/pkg/proto/trip.pb.go:678.44,679.14 1 0
pinz/backend/api-gateway-service/pkg/proto/trip.pb.go:679.14,681.3 1 0
pinz/backend/api-gateway-service/pkg/proto/trip.pb.go:682.2,682.11 1 0
pinz/backend/api-gateway-service/pkg/proto/trip.pb.go:685.40,686.14 1 0
pinz/backend/api-gateway-service/pkg/proto/trip.pb.go:686.14,688.3 1 0
pinz/backend/api-gateway-service/pkg/proto/trip.pb.go:689.2,689.11 1 0
pinz/backend/api-gateway-service/pkg/proto/trip.pb.go:692.46,693.14 1 0
pinz/backend/api-gateway-service/pkg/proto/trip.pb.go:693.14,695.3 1 0
pinz/backend/api-gateway-service/pkg/proto/trip.pb.go:696.2,696.11 1 0
pinz/backend/api-gateway-service/pkg/proto/trip.pb.go:699.50,700.14 1 0
pinz/backend/api-gateway-service/pkg/proto/trip.pb.go:700.14,702.3 1 0
pinz/backend/api-gateway-service/pkg/proto/trip.pb.go:703.2,703.10 1 0
pinz/backend/api-gateway-service/pkg/proto/trip.pb.go:706.49,707.14 1 0
pinz/backend/api-gateway-service/pkg/proto/trip.pb.go:707.14,709.3 1 0
pinz/backend/api-gateway-service/pkg/proto/trip.pb.go:710.2,710.11 1 0
pinz/backend/api-gateway-service/pkg/proto/trip.pb.go:721.35,726.2 4 0
pinz/backend/api-gateway-service/pkg/proto/trip.pb.go:728.43,730.2 1 0
pinz/backend/api-gateway-service/pkg/proto/trip.pb.go:732.41,732.42 0 0
pinz/backend/api-gateway-service/pkg/proto/trip.pb.go:734.63,736.14 2 0
pinz/backend/api-gateway-service/pkg/proto/trip.pb.go:736.14,738.34 2 0
pinz/backend/api-gateway-service/pkg/proto/trip.pb.go:738.34,740.4 1 0
pinz/backend/api-gateway-service/pkg/proto/trip.pb.go:741.3,741.12 1 0
pinz/backend/api-gateway-service/pkg/proto/trip.pb.go:743.2,743.24 1 0
pinz/backend/api-gateway-service/pkg/proto/trip.pb.go:747.54,749.2 1 0
pinz/backend/api-gateway-service/pkg/proto/trip.pb.go:751.43,752.14 1 0
pinz/backend/api-gateway-service/pkg/proto/trip.pb.go:752.14,754.3 1 0
pinz/backend/api-gateway-service/pkg/proto/trip.pb.go:755.2,755.12 1 0
pinz/backend/api-gateway-service/pkg/proto/trip.pb.go:758.48,759.14 1 0
pinz/backend/api-gateway-service/pkg/proto/trip.pb.go:759.14,761.3 1 0
pinz/backend/api-gateway-service/pkg/proto/trip.pb.go:762.2,762.12 1 0
pinz/backend/api-gateway-service/pkg/proto/trip.pb.go:774.40,779.2 4 0
pinz/backend/api-gateway-service/pkg/proto/trip.pb.go:781.48,783.2 1 0
pinz/backend/api-gateway-service/pkg/proto/trip.pb.go:785.46,785.47 0 0
pinz/backend/api-gateway-service/pkg/proto/trip.pb.go:787.68,789.14 2 0
pinz/backend/api-gateway-service/pkg/proto/trip.pb.go:789.14,791.34 2 0
pinz/backend/api-gateway-service/pkg/proto/trip.pb.go:791.34,793.4 1 0
pinz/backend/api-gateway-service/pkg/proto/trip.pb.go:794.3,794.12 1 0
pinz/backend/api-gateway-service/pkg/proto/trip.pb.go:796.2,796.24 1 0
pinz/backend/api-gateway-service/pkg/proto/trip.pb.go:800.59,802.2 1 0
pinz/backend/api-gateway-service/pkg/proto/trip.pb.go:804.51,805.14 1 0
pinz/backend/api-gateway-service/pkg/proto/trip.pb.go:805.14,807.3 1 0
pinz/backend/api-gateway-service/pkg/proto/trip.pb.go:808.2,808.11 1 0
pinz/backend/api-gateway-service/pkg/proto/trip.pb.go:811.49,812.14 1 0
pinz/backend/api-gateway-service/pkg/proto/trip.pb.go:812.14,814.3 1 0
pinz/backend/api-gateway-service/pkg/proto/trip.pb.go:815.2,815.10 1 0
pinz/backend/api-gateway-service/pkg/proto/trip.pb.go:818.50,819.14 1 0
pinz/backend/api-gateway-service/pkg/proto/trip.pb.go:819.14,821.3 1 0
pinz/backend/api-gateway-service/pkg/proto/trip.pb.go:822.2,822.10 1 0
pinz/backend/api-gateway-service/pkg/proto/trip.pb.go:832.41,837.2 4 0
pinz/backend/api-gateway-service/pkg/proto/trip.pb.go:839.49,841.2 1 0
pinz/backend/api-gateway-service/pkg/proto/trip.pb.go:843.47,843.48 0 0
pinz/backend/api-gateway-service/pkg/proto/trip.pb.go:845.69,847.14 2 0
pinz/backend/api-gateway-service/pkg/proto/trip.pb.go:847.14,849.34 2 0
pinz/backend/api-gateway-service/pkg/proto/trip.pb.go:849.34,851.4 1 0
pinz/backend/api-gateway-service/pkg/proto/trip.pb.go:852.3,852.12 1 0
pinz/backend/api-gateway-service/pkg/proto/trip.pb.go:854.2,854.24 1 0
pinz/backend/api-gateway-service/pkg/proto/trip.pb.go:858.60,860.2 1 0
pinz/backend/api-gateway-service/pkg/proto/trip.pb.go:862.52,863.14 1 0
pinz/backend/api-gateway-service/pkg/proto/trip.pb.go:863.14,865.3 1 0
pinz/backend/api-gateway-service/pkg/proto/trip.pb.go:866.2,866.12 1 0
pinz/backend/api-gateway-service/pkg/proto/trip.pb.go:885.37,890.2 4 0
pinz/backend/api-gateway-service/pkg/proto/trip.pb.go:892.45,894.2 1 0
pinz/backend/api-gateway-service/pkg/proto/trip.pb.go:896.43,896.44 0 0
pinz/backend/api-gateway-service/pkg/proto/trip.pb.go:898.65,900.14 2 0
pinz/backend/api-gateway-service/pkg/proto/trip.pb.go:900.14,902.34 2 0
pinz/backend/api-gateway-service/pkg/proto/trip.pb.go:902.34,904.4 1 0
pinz/backend/api-gateway-service/pkg/proto/trip.pb.go:905.3,905.12 1 0
pinz/backend/api-gateway-service/pkg/proto/trip.pb.go:907.2,907.24 1 0
pinz/backend/api-gateway-service/pkg/proto/trip.pb.go:911.56,913.2 1 0
pinz/backend/api-gateway-service/pkg/proto/trip.pb.go:915.48,916.14 1 0
pinz/backend/api-gateway-service/pkg/proto/trip.pb.go:916.14,918.3 1 0
pinz/backend/api-gateway-service/pkg/proto/trip.pb.go:919.2,919.11 1 0
pinz/backend/api-gateway-service/pkg/proto/trip.pb.go:922.48,923.14 1 0
pinz/backend/api-gateway-service/pkg/proto/trip.pb.go:923.14,925.3 1 0
pinz/backend/api-gateway-service/pkg/proto/trip.pb.go:926.2,926.11 1 0
pinz/backend/api-gateway-service/pkg/proto/trip.pb.go:929.46,930.31 1 0
pinz/backend/api-gateway-service/pkg/proto/trip.pb.go:930.31,932.3 1 0
pinz/backend/api-gateway-service/pkg/proto/trip.pb.go:933.2,933.11 1 0
pinz/backend/api-gateway-service/pkg/proto/trip.pb.go:936.53,937.38 1 0
pinz/backend/api-gateway-service/pkg/proto/trip.pb.go:937.38,939.3 1 0
pinz/backend/api-gateway-service/pkg/proto/trip.pb.go:940.2,940.11 1 0
pinz/backend/api-gateway-service/pkg/proto/trip.pb.go:943.50,944.35 1 0
pinz/backend/api-gateway-service/pkg/proto/trip.pb.go:944.35,946.3 1 0
pinz/backend/api-gateway-service/pkg/proto/trip.pb.go:947.2,947.11 1 0
pinz/backend/api-gateway-service/pkg/proto/trip.pb.go:950.48,951.33 1 0
pinz/backend/api-gateway-service/pkg/proto/trip.pb.go:951.33,953.3 1 0
pinz/backend/api-gateway-service/pkg/proto/trip.pb.go:954.2,954.11 1 0
pinz/backend/api-gateway-service/pkg/proto/trip.pb.go:957.54,958.39 1 0
pinz/backend/api-gateway-service/pkg/proto/trip.pb.go:958.39,960.3 1 0
pinz/backend/api-gateway-service/pkg/proto/trip.pb.go:961.2,961.11 1 0
pinz/backend/api-gateway-service/pkg/proto/trip.pb.go:964.54,965.40 1 0
pinz/backend/api-gateway-service/pkg/proto/trip.pb.go:965.40,967.3 1 0
pinz/backend/api-gateway-service/pkg/proto/trip.pb.go:968.2,968.10 1 0
pinz/backend/api-gateway-service/pkg/proto/trip.pb.go:971.52,972.38 1 0
pinz/backend/api-gateway-service/pkg/proto/trip.pb.go:972.38,974.3 1 0
pinz/backend/api-gateway-service/pkg/proto/trip.pb.go:975.2,975.10 1 0
pinz/backend/api-gateway-service/pkg/proto/trip.pb.go:978.50,979.35 1 0
pinz/backend/api-gateway-service/pkg/proto/trip.pb.go:979.35,981.3 1 0
pinz/backend/api-gateway-service/pkg/proto/trip.pb.go:982.2,982.11 1 0
pinz/backend/api-gateway-service/pkg/proto/trip.pb.go:992.38,997.2 4 0
pinz/backend/api-gateway-service/pkg/proto/trip.pb.go:999.46,1001.2 1 0
pinz/backend/api-gateway-service/pkg/proto/trip.pb.go:1003.44,1003.45 0 0
pinz/backend/api-gateway-service/pkg/proto/trip.pb.go:1005.66,1007.14 2 0
pinz/backend/api-gateway-service/pkg/proto/trip.pb.go:1007.14,1009.34 2 0
pinz/backend/api-gateway-service/pkg/proto/trip.pb.go:1009.34,1011.4 1 0
pinz/backend/api-gateway-service/pkg/proto/trip.pb.go:1012.3,1012.12 1 0
pinz/backend/api-gateway-service/pkg/proto/trip.pb.go:1014.2,1014.24 1 0
pinz/backend/api-gateway-service/pkg/proto/trip.pb.go:1018.57,1020.2 1 0
pinz/backend/api-gateway-service/pkg/proto/trip.pb.go:1022.46,1023.14 1 0
pinz/backend/api-gateway-service/pkg/proto/trip.pb.go:1023.14,1025.3 1 0
pinz/backend/api-gateway-service/pkg/proto/trip.pb.go:1026.2,1026.12 1 0
pinz/backend/api-gateway-service/pkg/proto/trip.pb.go:1037.37,1042.2 4 0
pinz/backend/api-gateway-service/pkg/proto/trip.pb.go:1044.45,1046.2 1 0
pinz/backend/api-gateway-service/pkg/proto/trip.pb.go:1048.43,1048.44 0 0
pinz/backend/api-gateway-service/pkg/proto/trip.pb.go:1050.65,1052.14 2 0
pinz/backend/api-gateway-service/pkg/proto/trip.pb.go:1052.14,1054.34 2 0
pinz/backend/api-gateway-service/pkg/proto/trip.pb.go:1054.34,1056.4 1 0
pinz/backend/api-gateway-service/pkg/proto/trip.pb.go:1057.3,1057.12 1 0
pinz/backend/api-gateway-service/pkg/proto/trip.pb.go:1059.2,1059.24 1 0
pinz/backend/api-gateway-service/pkg/proto/trip.pb.go:1063.56,1065.2 1 0
pinz/backend/api-gateway-service/pkg/proto/trip.pb.go:1067.48,1068.14 1 0
pinz/backend/api-gateway-service/pkg/proto/trip.pb.go:1068.14,1070.3 1 0
pinz/backend/api-gateway-service/pkg/proto/trip.pb.go:1071.2,1071.11 1 0
pinz/backend/api-gateway-service/pkg/proto/trip.pb.go:1074.48,1075.14 1 0
pinz/backend/api-gateway-service/pkg/proto/trip.pb.go:1075.14,1077.3 1 0
pinz/backend/api-gateway-service/pkg/proto/trip.pb.go:1078.2,1078.11 1 0
pinz/backend/api-gateway-service/pkg/proto/trip.pb.go:1088.38,1093.2 4 0
pinz/backend/api-gateway-service/pkg/proto/trip.pb.go:1095.46,1097.2 1 0
pinz/backend/api-gateway-service/pkg/proto/trip.pb.go:1099.44,1099.45 0 0
pinz/backend/api-gateway-service/pkg/proto/trip.pb.go:1101.66,1103.14 2 0
pinz/backend/api-gateway-service/pkg/proto/trip.pb.go:1103.14,1105.34 2 0
pinz/backend/api-gateway-service/pkg/proto/trip.pb.go:1105.34,1107.4 1 0
pinz/backend/api-gateway-service/pkg/proto/trip.pb.go:1108.3,1108.12 1 0
pinz/backend/api-gateway-service/pkg/proto/trip.pb.go:1110.2,1110.24 1 0
pinz/backend/api-gateway-service/pkg/proto/trip.pb.go:1114.57,1116.2 1 0
pinz/backend/api-gateway-service/pkg/proto/trip.pb.go:1118.48,1119.14 1 0
pinz/backend/api-gateway-service/pkg/proto/trip.pb.go:1119.14,1121.3 1 0
pinz/backend/api-gateway-service/pkg/proto/trip.pb.go:1122.2,1122.14 1 0
pinz/backend/api-gateway-service/pkg/proto/trip.pb.go:1136.38,1141.2 4 0
pinz/backend/api-gateway-service/pkg/proto/trip.pb.go:1143.46,1145.2 1 0
pinz/backend/api-gateway-service/pkg/proto/trip.pb.go:1147.44,1147.45 0 0
pinz/backend/api-gateway-service/pkg/proto/trip.pb.go:1149.66,1151.14 2 0
pinz/backend/api-gateway-service/pkg/proto/trip.pb.go:1151.14,1153.34 2 0
pinz/backend/api-gateway-service/pkg/proto/trip.pb.go:1153.34,1155.4 1 0
pinz/backend/api-gateway-service/pkg/proto/trip.pb.go:1156.3,1156.12 1 0
pinz/backend/api-gateway-service/pkg/proto/trip.pb.go:1158.2,1158.24 1 0
pinz/backend/api-gateway-service/pkg/proto/trip.pb.go:1162.57,1164.2 1 0
pinz/backend/api-gateway-service/pkg/proto/trip.pb.go:1166.49,1167.14 1 0
pinz/backend/api-gateway-service/pkg/proto/trip.pb.go:1167.14,1169.3 1 0
pinz/backend/api-gateway-service/pkg/proto/trip.pb.go:1170.2,1170.11 1 0
pinz/backend/api-gateway-service/pkg/proto/trip.pb.go:1173.53,1174.14 1 0
pinz/backend/api-gateway-service/pkg/proto/trip.pb.go:1174.14,1176.3 1 0
pinz/backend/api-gateway-service/pkg/proto/trip.pb.go:1177.2,1177.14 1 0
pinz/backend/api-gateway-service/pkg/proto/trip.pb.go:1180.51,1181.14 1 0
pinz/backend/api-gateway-service/pkg/proto/trip.pb.go:1181.14,1183.3 1 0
pinz/backend/api-gateway-service/pkg/proto/trip.pb.go:1184.2,1184.12 1 0
pinz/backend/api-gateway-service/pkg/proto/trip.pb.go:1194.39,1199.2 4 0
pinz/backend/api-gateway-service/pkg/proto/trip.pb.go:1201.47,1203.2 1 0
pinz/backend/api-gateway-service/pkg/proto/trip.pb.go:1205.45,1205.46 0 0
pinz/backend/api-gateway-service/pkg/proto/trip.pb.go:1207.67,1209.14 2 0
pinz/backend/api-gateway-service/pkg/proto/trip.pb.go:1209.14,1211.34 2 0
pinz/backend/api-gateway-service/pkg/proto/trip.pb.go:1211.34,1213.4 1 0
pinz/backend/api-gateway-service/pkg/proto/trip.pb.go:1214.3,1214.12 1 0
pinz/backend/api-gateway-service/pkg/proto/trip.pb.go:1216.2,1216.24 1 0
pinz/backend/api-gateway-service/pkg/proto/trip.pb.go:1220.58,1222.2 1 0
pinz/backend/api-gateway-service/pkg/proto/trip.pb.go:1224.47,1225.14 1 0
pinz/backend/api-gateway-service/pkg/proto/trip.pb.go:1225.14,1227.3 1 0
pinz/backend/api-gateway-service/pkg/proto/trip.pb.go:1228.2,1228.12 1 0
pinz/backend/api-gateway-service/pkg/proto/trip.pb.go:1240.47,1245.2 4 0
pinz/backend/api-gateway-service/pkg/proto/trip.pb.go:1247.55,1249.2 1 0
pinz/backend/api-gateway-service/pkg/proto/trip.pb.go:1251.53,1251.54 0 0
pinz/backend/api-gateway-service/pkg/proto/trip.pb.go:1253.75,1255.14 2 0
pinz/backend/api-gateway-service/pkg/proto/trip.pb.go:1255.14,1257.34 2 0
pinz/backend/api-gateway-service/pkg/proto/trip.pb.go:1257.34,1259.4 1 0
pinz/backend/api-gateway-service/pkg/proto/trip.pb.go:1260.3,1260.12 1 0
pinz/backend/api-gateway-service/pkg/proto/trip.pb.go:1262.2,1262.24 1 0
pinz/backend/api-gateway-service/pkg/proto/trip.pb.go:1266.66,1268.2 1 0
pinz/backend/api-gateway-service/pkg/proto/trip.pb.go:1270.58,1271.14 1 0
pinz/backend/api-gateway-service/pkg/proto/trip.pb.go:1271.14,1273.3 1 0
pinz/backend/api-gateway-service/pkg/proto/trip.pb.go:1274.2,1274.11 1 0
pinz/backend/api-gateway-service/pkg/proto/trip.pb.go:1277.63,1278.14 1 0
pinz/backend/api-gateway-service/pkg/proto/trip.pb.go:1278.14,1280.3 1 0
pinz/backend/api-gateway-service/pkg/proto/trip.pb.go:1281.2,1281.12 1 0
pinz/backend/api-gateway-service/pkg/proto/trip.pb.go:1295.29,1300.2 4 0
pinz/backend/api-gateway-service/pkg/proto/trip.pb.go:1302.37,1304.2 1 0
pinz/backend/api-gateway-service/pkg/proto/trip.pb.go:1306.35,1306.36 0 0
pinz/backend/api-gateway-service/pkg/proto/trip.pb.go:1308.57,1310.14 2 0
pinz/backend/api-gateway-service/pkg/proto/trip.pb.go:1310.14,1312.34 2 0
pinz/backend/api-gateway-service/pkg/proto/trip.pb.go:1312.34,1314.4 1 0
pinz/backend/api-gateway-service/pkg/proto/trip.pb.go:1315.3,1315.12 1 0
pinz/backend/api-gateway-service/pkg/proto/trip.pb.go:1317.2,1317.24 1 0
pinz/backend/api-gateway-service/pkg/proto/trip.pb.go:1321.48,1323.2 1 0
pinz/backend/api-gateway-service/pkg/proto/trip.pb.go:1325.39,1326.14 1 0
pinz/backend/api-gateway-service/pkg/proto/trip.pb.go:1326.14,1328.3 1 0
pinz/backend/api-gateway-service/pkg/proto/trip.pb.go:1329.2,1329.11 1 0
pinz/backend/api-gateway-service/pkg/proto/trip.pb.go:1332.43,1333.14 1 0
pinz/backend/api-gateway-service/pkg/proto/trip.pb.go:1333.14,1335.3 1 0
pinz/backend/api-gateway-service/pkg/proto/trip.pb.go:1336.2,1336.11 1 0
pinz/backend/api-gateway-service/pkg/proto/trip.pb.go:1339.47,1340.14 1 0
pinz/backend/api-gateway-service/pkg/proto/trip.pb.go:1340.14,1342.3 1 0
pinz/backend/api-gateway-service/pkg/proto/trip.pb.go:1343.2,1343.10 1 0
pinz/backend/api-gateway-service/pkg/proto/trip.pb.go:1346.43,1347.35 1 0
pinz/backend/api-gateway-service/pkg/proto/trip.pb.go:1347.35,1349.3 1 0
pinz/backend/api-gateway-service/pkg/proto/trip.pb.go:1350.2,1350.10 1 0
pinz/backend/api-gateway-service/pkg/proto/trip.pb.go:1353.44,1354.36 1 0
pinz/backend/api-gateway-service/pkg/proto/trip.pb.go:1354.36,1356.3 1 0
pinz/backend/api-gateway-service/pkg/proto/trip.pb.go:1357.2,1357.10 1 0
pinz/backend/api-gateway-service/pkg/proto/trip.pb.go:1369.48,1374.2 4 0
pinz/backend/api-gateway-service/pkg/proto/trip.pb.go:1376.56,1378.2 1 0
pinz/backend/api-gateway-service/pkg/proto/trip.pb.go:1380.54,1380.55 0 0
pinz/backend/api-gateway-service/pkg/proto/trip.pb.go:1382.76,1384.14 2 0
pinz/backend/api-gateway-service/pkg/proto/trip.pb.go:1384.14,1386.34 2 0
pinz/backend/api-gateway-service/pkg/proto/trip.pb.go:1386.34,1388.4 1 0
pinz/backend/api-gateway-service/pkg/proto/trip.pb.go:1389.3,1389.12 1 0
pinz/backend/api-gateway-service/pkg/proto/trip.pb.go:1391.2,1391.24 1 0
pinz/backend/api-gateway-service/pkg/proto/trip.pb.go:1395.67,1397.2 1 0
pinz/backend/api-gateway-service/pkg/proto/trip.pb.go:1399.59,1400.14 1 0
pinz/backend/api-gateway-service/pkg/proto/trip.pb.go:1400.14,1402.3 1 0
pinz/backend/api-gateway-service/pkg/proto/trip.pb.go:1403.2,1403.11 1 0
pinz/backend/api-gateway-service/pkg/proto/trip.pb.go:1406.59,1407.14 1 0
pinz/backend/api-gateway-service/pkg/proto/trip.pb.go:1407.14,1409.3 1 0
pinz/backend/api-gateway-service/pkg/proto/trip.pb.go:1410.2,1410.11 1 0
pinz/backend/api-gateway-service/pkg/proto/trip.pb.go:1413.67,1414.14 1 0
pinz/backend/api-gateway-service/pkg/proto/trip.pb.go:1414.14,1416.3 1 0
pinz/backend/api-gateway-service/pkg/proto/trip.pb.go:1417.2,1417.12 1 0
pinz/backend/api-gateway-service/pkg/proto/trip.pb.go:1428.28,1433.2 4 0
pinz/backend/api-gateway-service/pkg/proto/trip.pb.go:1435.36,1437.2 1 0
pinz/backend/api-gateway-service/pkg/proto/trip.pb.go:1439.34,1439.35 0 0
pinz/backend/api-gateway-service/pkg/proto/trip.pb.go:1441.56,1443.14 2 0
pinz/backend/api-gateway-service/pkg/proto/trip.pb.go:1443.14,1445.34 2 0
pinz/backend/api-gateway-service/pkg/proto/trip.pb.go:1445.34,1447.4 1 0
pinz/backend/api-gateway-service/pkg/proto/trip.pb.go:1448.3,1448.12 1 0
pinz/backend/api-gateway-service/pkg/proto/trip.pb.go:1450.2,1450.24 1 0
pinz/backend/api-gateway-service/pkg/proto/trip.pb.go:1454.47,1456.2 1 0
pinz/backend/api-gateway-service/pkg/proto/trip.pb.go:1458.43,1459.14 1 0
pinz/backend/api-gateway-service/pkg/proto/trip.pb.go:1459.14,1461.3 1 0
pinz/backend/api-gateway-service/pkg/proto/trip.pb.go:1462.2,1462.11 1 0
pinz/backend/api-gateway-service/pkg/proto/trip.pb.go:1465.48,1466.14 1 0
pinz/backend/api-gateway-service/pkg/proto/trip.pb.go:1466.14,1468.3 1 0
pinz/backend/api-gateway-service/pkg/proto/trip.pb.go:1469.2,1469.12 1 0
pinz/backend/api-gateway-service/pkg/proto/trip.pb.go:1481.33,1486.2 4 0
pinz/backend/api-gateway-service/pkg/proto/trip.pb.go:1488.41,1490.2 1 0
pinz/backend/api-gateway-service/pkg/proto/trip.pb.go:1492.39,1492.40 0 0
pinz/backend/api-gateway-service/pkg/proto/trip.pb.go:1494.61,1496.14 2 0
pinz/backend/api-gateway-service/pkg/proto/trip.pb.go:1496.14,1498.34 2 0
pinz/backend/api-gateway-service/pkg/proto/trip.pb.go:1498.34,1500.4 1 0
pinz/backend/api-gateway-service/pkg/proto/trip.pb.go:1501.3,1501.12 1 0
pinz/backend/api-gateway-service/pkg/proto/trip.pb.go:1503.2,1503.24 1 0
pinz/backend/api-gateway-service/pkg/proto/trip.pb.go:1507.52,1509.2 1 0
pinz/backend/api-gateway-service/pkg/proto/trip.pb.go:1511.45,1512.14 1 0
pinz/backend/api-gateway-service/pkg/proto/trip.pb.go:1512.14,1514.3 1 0
pinz/backend/api-gateway-service/pkg/proto/trip.pb.go:1515.2,1515.11 1 0
pinz/backend/api-gateway-service/pkg/proto/trip.pb.go:1518.41,1519.14 1 0
pinz/backend/api-gateway-service/pkg/proto/trip.pb.go:1519.14,1521.3 1 0
pinz/backend/api-gateway-service/pkg/proto/trip.pb.go:1522.2,1522.11 1 0
pinz/backend/api-gateway-service/pkg/proto/trip.pb.go:1525.42,1526.14 1 0
pinz/backend/api-gateway-service/pkg/proto/trip.pb.go:1526.14,1528.3 1 0
pinz/backend/api-gateway-service/pkg/proto/trip.pb.go:1529.2,1529.11 1 0
pinz/backend/api-gateway-service/pkg/proto/trip.pb.go:1542.48,1547.2 4 0
pinz/backend/api-gateway-service/pkg/proto/trip.pb.go:1549.56,1551.2 1 0
pinz/backend/api-gateway-service/pkg/proto/trip.pb.go:1553.54,1553.55 0 0
pinz/backend/api-gateway-service/pkg/proto/trip.pb.go:1555.76,1557.14 2 0
pinz/backend/api-gateway-service/pkg/proto/trip.pb.go:1557.14,1559.34 2 0
pinz/backend/api-gateway-service/pkg/proto/trip.pb.go:1559.34,1561.4 1 0
pinz/backend/api-gateway-service/pkg/proto/trip.pb.go:1562.3,1562.12 1 0
pinz/backend/api-gateway-service/pkg/proto/trip.pb.go:1564.2,1564.24 1 0
pinz/backend/api-gateway-service/pkg/proto/trip.pb.go:1568.67,1570.2 1 0
pinz/backend/api-gateway-service/pkg/proto/trip.pb.go:1572.59,1573.14 1 0
pinz/backend/api-gateway-service/pkg/proto/trip.pb.go:1573.14,1575.3 1 0
pinz/backend/api-gateway-service/pkg/proto/trip.pb.go:1576.2,1576.11 1 0
pinz/backend/api-gateway-service/pkg/proto/trip.pb.go:1579.72,1580.14 1 0
pinz/backend/api-gateway-service/pkg/proto/trip.pb.go:1580.14,1582.3 1 0
pinz/backend/api-gateway-service/pkg/proto/trip.pb.go:1583.2,1583.12 1 0
pinz/backend/api-gateway-service/pkg/proto/trip.pb.go:1586.70,1587.14 1 0
pinz/backend/api-gateway-service/pkg/proto/trip.pb.go:1587.14,1589.3 1 0
pinz/backend/api-gateway-service/pkg/proto/trip.pb.go:1590.2,1590.12 1 0
pinz/backend/api-gateway-service/pkg/proto/trip.pb.go:1601.33,1606.2 4 0
pinz/backend/api-gateway-service/pkg/proto/trip.pb.go:1608.41,1610.2 1 0
pinz/backend/api-gateway-service/pkg/proto/trip.pb.go:1612.39,1612.40 0 0
pinz/backend/api-gateway-service/pkg/proto/trip.pb.go:1614.61,1616.14 2 0
pinz/backend/api-gateway-service/pkg/proto/trip.pb.go:1616.14,1618.34 2 0
pinz/backend/api-gateway-service/pkg/proto/trip.pb.go:1618.34,1620.4 1 0
pinz/backend/api-gateway-service/pkg/proto/trip.pb.go:1621.3,1621.12 1 0
pinz/backend/api-gateway-service/pkg/proto/trip.pb.go:1623.2,1623.24 1 0
pinz/backend/api-gateway-service/pkg/proto/trip.pb.go:1627.52,1629.2 1 0
pinz/backend/api-gateway-service/pkg/proto/trip.pb.go:1631.48,1632.14 1 0
pinz/backend/api-gateway-service/pkg/proto/trip.pb.go:1632.14,1634.3 1 0
pinz/backend/api-gateway-service/pkg/proto/trip.pb.go:1635.2,1635.11 1 0
pinz/backend/api-gateway-service/pkg/proto/trip.pb.go:1638.48,1639.14 1 0
pinz/backend/api-gateway-service/pkg/proto/trip.pb.go:1639.14,1641.3 1 0
pinz/backend/api-gateway-service/pkg/proto/trip.pb.go:1642.2,1642.12 1 0
pinz/backend/api-gateway-service/pkg/proto/trip.pb.go:1653.49,1658.2 4 0
pinz/backend/api-gateway-service/pkg/proto/trip.pb.go:1660.57,1662.2 1 0
pinz/backend/api-gateway-service/pkg/proto/trip.pb.go:1664.55,1664.56 0 0
pinz/backend/api-gateway-service/pkg/proto/trip.pb.go:1666.77,1668.14 2 0
pinz/backend/api-gateway-service/pkg/proto/trip.pb.go:1668.14,1670.34 2 0
pinz/backend/api-gateway-service/pkg/proto/trip.pb.go:1670.34,1672.4 1 0
pinz/backend/api-gateway-service/pkg/proto/trip.pb.go:1673.3,1673.12 1 0
pinz/backend/api-gateway-service/pkg/proto/trip.pb.go:1675.2,1675.24 1 0
pinz/backend/api-gateway-service/pkg/proto/trip.pb.go:1679.68,1681.2 1 0
pinz/backend/api-gateway-service/pkg/proto/trip.pb.go:1683.61,1684.14 1 0
pinz/backend/api-gateway-service/pkg/proto/trip.pb.go:1684.14,1686.3 1 0
pinz/backend/api-gateway-service/pkg/proto/trip.pb.go:1687.2,1687.11 1 0
pinz/backend/api-gateway-service/pkg/proto/trip.pb.go:1690.60,1691.14 1 0
pinz/backend/api-gateway-service/pkg/proto/trip.pb.go:1691.14,1693.3 1 0
pinz/backend/api-gateway-service/pkg/proto/trip.pb.go:1694.2,1694.11 1 0
pinz/backend/api-gateway-service/pkg/proto/trip.pb.go:1705.40,1710.2 4 0
pinz/backend/api-gateway-service/pkg/proto/trip.pb.go:1712.48,1714.2 1 0
pinz/backend/api-gateway-service/pkg/proto/trip.pb.go:1716.46,1716.47 0 0
pinz/backend/api-gateway-service/pkg/proto/trip.pb.go:1718.68,1720.14 2 0
pinz/backend/api-gateway-service/pkg/proto/trip.pb.go:1720.14,1722.34 2 0
pinz/backend/api-gateway-service/pkg/proto/trip.pb.go:1722.34,1724.4 1 0
pinz/backend/api-gateway-service/pkg/proto/trip.pb.go:1725.3,1725.12 1 0
pinz/backend/api-gateway-service/pkg/proto/trip.pb.go:1727.2,1727.24 1 0
pinz/backend/api-gateway-service/pkg/proto/trip.pb.go:1731.59,1733.2 1 0
pinz/backend/api-gateway-service/pkg/proto/trip.pb.go:1735.51,1736.14 1 0
pinz/backend/api-gateway-service/pkg/proto/trip.pb.go:1736.14,1738.3 1 0
pinz/backend/api-gateway-service/pkg/proto/trip.pb.go:1739.2,1739.11 1 0
pinz/backend/api-gateway-service/pkg/proto/trip.pb.go:1752.41,1757.2 4 0
pinz/backend/api-gateway-service/pkg/proto/trip.pb.go:1759.49,1761.2 1 0
pinz/backend/api-gateway-service/pkg/proto/trip.pb.go:1763.47,1763.48 0 0
pinz/backend/api-gateway-service/pkg/proto/trip.pb.go:1765.69,1767.14 2 0
pinz/backend/api-gateway-service/pkg/proto/trip.pb.go:1767.14,1769.34 2 0
pinz/backend/api-gateway-service/pkg/proto/trip.pb.go:1769.34,1771.4 1 0
pinz/backend/api-gateway-service/pkg/proto/trip.pb.go:1772.3,1772.12 1 0
pinz/backend/api-gateway-service/pkg/proto/trip.pb.go:1774.2,1774.24 1 0
pinz/backend/api-gateway-service/pkg/proto/trip.pb.go:1778.60,1780.2 1 0
pinz/backend/api-gateway-service/pkg/proto/trip.pb.go:1782.52,1783.14 1 0
pinz/backend/api-gateway-service/pkg/proto/trip.pb.go:1783.14,1785.3 1 0
pinz/backend/api-gateway-service/pkg/proto/trip.pb.go:1786.2,1786.11 1 0
pinz/backend/api-gateway-service/pkg/proto/trip.pb.go:1789.52,1790.14 1 0
pinz/backend/api-gateway-service/pkg/proto/trip.pb.go:1790.14,1792.3 1 0
pinz/backend/api-gateway-service/pkg/proto/trip.pb.go:1793.2,1793.11 1 0
pinz/backend/api-gateway-service/pkg/proto/trip.pb.go:1796.67,1797.14 1 0
pinz/backend/api-gateway-service/pkg/proto/trip.pb.go:1797.14,1799.3 1 0
pinz/backend/api-gateway-service/pkg/proto/trip.pb.go:1800.2,1800.12 1 0
pinz/backend/api-gateway-service/pkg/proto/trip.pb.go:1803.56,1804.14 1 0
pinz/backend/api-gateway-service/pkg/proto/trip.pb.go:1804.14,1806.3 1 0
pinz/backend/api-gateway-service/pkg/proto/trip.pb.go:1807.2,1807.12 1 0
pinz/backend/api-gateway-service/pkg/proto/trip.pb.go:1817.37,1822.2 4 0
pinz/backend/api-gateway-service/pkg/proto/trip.pb.go:1824.45,1826.2 1 0
pinz/backend/api-gateway-service/pkg/proto/trip.pb.go:1828.43,1828.44 0 0
pinz/backend/api-gateway-service/pkg/proto/trip.pb.go:1830.65,1832.14 2 0
pinz/backend/api-gateway-service/pkg/proto/trip.pb.go:1832.14,1834.34 2 0
pinz/backend/api-gateway-service/pkg/proto/trip.pb.go:1834.34,1836.4 1 0
pinz/backend/api-gateway-service/pkg/proto/trip.pb.go:1837.3,1837.12 1 0
pinz/backend/api-gateway-service/pkg/proto/trip.pb.go:1839.2,1839.24 1 0
pinz/backend/api-gateway-service/pkg/proto/trip.pb.go:1843.56,1845.2 1 0
pinz/backend/api-gateway-service/pkg/proto/trip.pb.go:1847.52,1848.14 1 0
pinz/backend/api-gateway-service/pkg/proto/trip.pb.go:1848.14,1850.3 1 0
pinz/backend/api-gateway-service/pkg/proto/trip.pb.go:1851.2,1851.12 1 0
pinz/backend/api-gateway-service/pkg/proto/trip.pb.go:1871.29,1876.2 4 0
pinz/backend/api-gateway-service/pkg/proto/trip.pb.go:1878.37,1880.2 1 0
pinz/backend/api-gateway-service/pkg/proto/trip.pb.go:1882.35,1882.36 0 0
pinz/backend/api-gateway-service/pkg/proto/trip.pb.go:1884.57,1886.14 2 0
pinz/backend/api-gateway-service/pkg/proto/trip.pb.go:1886.14,1888.34 2 0
pinz/backend/api-gateway-service/pkg/proto/trip.pb.go:1888.34,1890.4 1 0
pinz/backend/api-gateway-service/pkg/proto/trip.pb.go:1891.3,1891.12 1 0
pinz/backend/api-gateway-service/pkg/proto/trip.pb.go:1893.2,1893.24 1 0
pinz/backend/api-gateway-service/pkg/proto/trip.pb.go:1897.48,1899.2 1 0
pinz/backend/api-gateway-service/pkg/proto/trip.pb.go:1901.39,1902.14 1 0
pinz/backend/api-gateway-service/pkg/proto/trip.pb.go:1902.14,1904.3 1 0
pinz/backend/api-gateway-service/pkg/proto/trip.pb.go:1905.2,1905.11 1 0
pinz/backend/api-gateway-service/pkg/proto/trip.pb.go:1908.38,1909.14 1 0
pinz/backend/api-gateway-service/pkg/proto/trip.pb.go:1909.14,1911.3 1 0
pinz/backend/api-gateway-service/pkg/proto/trip.pb.go:1912.2,1912.11 1 0
pinz/backend/api-gateway-service/pkg/proto/trip.pb.go:1915.42,1916.14 1 0
pinz/backend/api-gateway-service/pkg/proto/trip.pb.go:1916.14,1918.3 1 0
pinz/backend/api-gateway-service/pkg/proto/trip.pb.go:1919.2,1919.11 1 0
pinz/backend/api-gateway-service/pkg/proto/trip.pb.go:1922.43,1923.35 1 0
pinz/backend/api-gateway-service/pkg/proto/trip.pb.go:1923.35,1925.3 1 0
pinz/backend/api-gateway-service/pkg/proto/trip.pb.go:1926.2,1926.10 1 0
pinz/backend/api-gateway-service/pkg/proto/trip.pb.go:1929.44,1930.36 1 0
pinz/backend/api-gateway-service/pkg/proto/trip.pb.go:1930.36,1932.3 1 0
pinz/backend/api-gateway-service/pkg/proto/trip.pb.go:1933.2,1933.10 1 0
pinz/backend/api-gateway-service/pkg/proto/trip.pb.go:1936.46,1937.14 1 0
pinz/backend/api-gateway-service/pkg/proto/trip.pb.go:1937.14,1939.3 1 0
pinz/backend/api-gateway-service/pkg/proto/trip.pb.go:1940.2,1940.11 1 0
pinz/backend/api-gateway-service/pkg/proto/trip.pb.go:1943.46,1944.14 1 0
pinz/backend/api-gateway-service/pkg/proto/trip.pb.go:1944.14,1946.3 1 0
pinz/backend/api-gateway-service/pkg/proto/trip.pb.go:1947.2,1947.10 1 0
pinz/backend/api-gateway-service/pkg/proto/trip.pb.go:1950.44,1951.14 1 0
pinz/backend/api-gateway-service/pkg/proto/trip.pb.go:1951.14,1953.3 1 0
pinz/backend/api-gateway-service/pkg/proto/trip.pb.go:1954.2,1954.10 1 0
pinz/backend/api-gateway-service/pkg/proto/trip.pb.go:1957.42,1958.14 1 0
pinz/backend/api-gateway-service/pkg/proto/trip.pb.go:1958.14,1960.3 1 0
pinz/backend/api-gateway-service/pkg/proto/trip.pb.go:1961.2,1961.12 1 0
pinz/backend/api-gateway-service/pkg/proto/trip.pb.go:1964.40,1965.14 1 0
pinz/backend/api-gateway-service/pkg/proto/trip.pb.go:1965.14,1967.3 1 0
pinz/backend/api-gateway-service/pkg/proto/trip.pb.go:1968.2,1968.12 1 0
pinz/backend/api-gateway-service/pkg/proto/trip.pb.go:1971.50,1972.14 1 0
pinz/backend/api-gateway-service/pkg/proto/trip.pb.go:1972.14,1974.3 1 0
pinz/backend/api-gateway-service/pkg/proto/trip.pb.go:1975.2,1975.12 1 0
pinz/backend/api-gateway-service/pkg/proto/trip.pb.go:1987.34,1992.2 4 0
pinz/backend/api-gateway-service/pkg/proto/trip.pb.go:1994.42,1996.2 1 0
pinz/backend/api-gateway-service/pkg/proto/trip.pb.go:1998.40,1998.41 0 0
pinz/backend/api-gateway-service/pkg/proto/trip.pb.go:2000.62,2002.14 2 0
pinz/backend/api-gateway-service/pkg/proto/trip.pb.go:2002.14,2004.34 2 0
pinz/backend/api-gateway-service/pkg/proto/trip.pb.go:2004.34,2006.4 1 0
pinz/backend/api-gateway-service/pkg/proto/trip.pb.go:2007.3,2007.12 1 0
pinz/backend/api-gateway-service/pkg/proto/trip.pb.go:2009.2,2009.24 1 0
pinz/backend/api-gateway-service/pkg/proto/trip.pb.go:2013.53,2015.2 1 0
pinz/backend/api-gateway-service/pkg/proto/trip.pb.go:2017.46,2018.14 1 0
pinz/backend/api-gateway-service/pkg/proto/trip.pb.go:2018.14,2020.3 1 0
pinz/backend/api-gateway-service/pkg/proto/trip.pb.go:2021.2,2021.11 1 0
pinz/backend/api-gateway-service/pkg/proto/trip.pb.go:2024.42,2025.14 1 0
pinz/backend/api-gateway-service/pkg/proto/trip.pb.go:2025.14,2027.3 1 0
pinz/backend/api-gateway-service/pkg/proto/trip.pb.go:2028.2,2028.11 1 0
pinz/backend/api-gateway-service/pkg/proto/trip.pb.go:2031.51,2032.14 1 0
pinz/backend/api-gateway-service/pkg/proto/trip.pb.go:2032.14,2034.3 1 0
pinz/backend/api-gateway-service/pkg/proto/trip.pb.go:2035.2,2035.11 1 0
pinz/backend/api-gateway-service/pkg/proto/trip.pb.go:2048.39,2053.2 4 0
pinz/backend/api-gateway-service/pkg/proto/trip.pb.go:2055.47,2057.2 1 0
pinz/backend/api-gateway-service/pkg/proto/trip.pb.go:2059.45,2059.46 0 0
pinz/backend/api-gateway-service/pkg/proto/trip.pb.go:2061.67,2063.14 2 0
pinz/backend/api-gateway-service/pkg/proto/trip.pb.go:2063.14,2065.34 2 0
pinz/backend/api-gateway-service/pkg/proto/trip.pb.go:2065.34,2067.4 1 0
pinz/backend/api-gateway-service/pkg/proto/trip.pb.go:2068.3,2068.12 1 0
pinz/backend/api-gateway-service/pkg/proto/trip.pb.go:2070.2,2070.24 1 0
pinz/backend/api-gateway-service/pkg/proto/trip.pb.go:2074.58,2076.2 1 0
pinz/backend/api-gateway-service/pkg/proto/trip.pb.go:2078.50,2079.14 1 0
pinz/backend/api-gateway-service/pkg/proto/trip.pb.go:2079.14,2081.3 1 0
pinz/backend/api-gateway-service/pkg/proto/trip.pb.go:2082.2,2082.11 1 0
pinz/backend/api-gateway-service/pkg/proto/trip.pb.go:2085.60,2086.14 1 0
pinz/backend/api-gateway-service/pkg/proto/trip.pb.go:2086.14,2088.3 1 0
pinz/backend/api-gateway-service/pkg/proto/trip.pb.go:2089.2,2089.12 1 0
pinz/backend/api-gateway-service/pkg/proto/trip.pb.go:2092.59,2093.14 1 0
pinz/backend/api-gateway-service/pkg/proto/trip.pb.go:2093.14,2095.3 1 0
pinz/backend/api-gateway-service/pkg/proto/trip.pb.go:2096.2,2096.12 1 0
pinz/backend/api-gateway-service/pkg/proto/trip.pb.go:2109.29,2114.2 4 0
pinz/backend/api-gateway-service/pkg/proto/trip.pb.go:2116.37,2118.2 1 0
pinz/backend/api-gateway-service/pkg/proto/trip.pb.go:2120.35,2120.36 0 0
pinz/backend/api-gateway-service/pkg/proto/trip.pb.go:2122.57,2124.14 2 0
pinz/backend/api-gateway-service/pkg/proto/trip.pb.go:2124.14,2126.34 2 0
pinz/backend/api-gateway-service/pkg/proto/trip.pb.go:2126.34,2128.4 1 0
pinz/backend/api-gateway-service/pkg/proto/trip.pb.go:2129.3,2129.12 1 0
pinz/backend/api-gateway-service/pkg/proto/trip.pb.go:2131.2,2131.24 1 0
pinz/backend/api-gateway-service/pkg/proto/trip.pb.go:2135.48,2137.2 1 0
pinz/backend/api-gateway-service/pkg/proto/trip.pb.go:2139.39,2140.14 1 0
pinz/backend/api-gateway-service/pkg/proto/trip.pb.go:2140.14,2142.3 1 0
pinz/backend/api-gateway-service/pkg/proto/trip.pb.go:2143.2,2143.11 1 0
pinz/backend/api-gateway-service/pkg/proto/trip.pb.go:2146.38,2147.31 1 0
pinz/backend/api-gateway-service/pkg/proto/trip.pb.go:2147.31,2149.3 1 0
pinz/backend/api-gateway-service/pkg/proto/trip.pb.go:2150.2,2150.11 1 0
pinz/backend/api-gateway-service/pkg/proto/trip.pb.go:2153.43,2154.35 1 0
pinz/backend/api-gateway-service/pkg/proto/trip.pb.go:2154.35,2156.3 1 0
pinz/backend/api-gateway-service/pkg/proto/trip.pb.go:2157.2,2157.10 1 0
pinz/backend/api-gateway-service/pkg/proto/trip.pb.go:2160.44,2161.36 1 0
pinz/backend/api-gateway-service/pkg/proto/trip.pb.go:2161.36,2163.3 1 0
pinz/backend/api-gateway-service/pkg/proto/trip.pb.go:2164.2,2164.10 1 0
pinz/backend/api-gateway-service/pkg/proto/trip.pb.go:2176.40,2181.2 4 0
pinz/backend/api-gateway-service/pkg/proto/trip.pb.go:2183.48,2185.2 1 0
pinz/backend/api-gateway-service/pkg/proto/trip.pb.go:2187.46,2187.47 0 0
pinz/backend/api-gateway-service/pkg/proto/trip.pb.go:2189.68,2191.14 2 0
pinz/backend/api-gateway-service/pkg/proto/trip.pb.go:2191.14,2193.34 2 0
pinz/backend/api-gateway-service/pkg/proto/trip.pb.go:2193.34,2195.4 1 0
pinz/backend/api-gateway-service/pkg/proto/trip.pb.go:2196.3,2196.12 1 0
pinz/backend/api-gateway-service/pkg/proto/trip.pb.go:2198.2,2198.24 1 0
pinz/backend/api-gateway-service/pkg/proto/trip.pb.go:2202.59,2204.2 1 0
pinz/backend/api-gateway-service/pkg/proto/trip.pb.go:2206.51,2207.14 1 0
pinz/backend/api-gateway-service/pkg/proto/trip.pb.go:2207.14,2209.3 1 0
pinz/backend/api-gateway-service/pkg/proto/trip.pb.go:2210.2,2210.11 1 0
pinz/backend/api-gateway-service/pkg/proto/trip.pb.go:2213.51,2214.14 1 0
pinz/backend/api-gateway-service/pkg/proto/trip.pb.go:2214.14,2216.3 1 0
pinz/backend/api-gateway-service/pkg/proto/trip.pb.go:2217.2,2217.11 1 0
pinz/backend/api-gateway-service/pkg/proto/trip.pb.go:2220.52,2221.14 1 0
pinz/backend/api-gateway-service/pkg/proto/trip.pb.go:2221.14,2223.3 1 0
pinz/backend/api-gateway-service/pkg/proto/trip.pb.go:2224.2,2224.11 1 0
pinz/backend/api-gateway-service/pkg/proto/trip.pb.go:2236.45,2241.2 4 0
pinz/backend/api-gateway-service/pkg/proto/trip.pb.go:2243.53,2245.2 1 0
pinz/backend/api-gateway-service/pkg/proto/trip.pb.go:2247.51,2247.52 0 0
pinz/backend/api-gateway-service/pkg/proto/trip.pb.go:2249.73,2251.14 2 0
pinz/backend/api-gateway-service/pkg/proto/trip.pb.go:2251.14,2253.34 2 0
pinz/backend/api-gateway-service/pkg/proto/trip.pb.go:2253.34,2255.4 1 0
pinz/backend/api-gateway-service/pkg/proto/trip.pb.go:2256.3,2256.12 1 0
pinz/backend/api-gateway-service/pkg/proto/trip.pb.go:2258.2,2258.24 1 0
pinz/backend/api-gateway-service/pkg/proto/trip.pb.go:2262.64,2264.2 1 0
pinz/backend/api-gateway-service/pkg/proto/trip.pb.go:2266.56,2267.14 1 0
pinz/backend/api-gateway-service/pkg/proto/trip.pb.go:2267.14,2269.3 1 0
pinz/backend/api-gateway-service/pkg/proto/trip.pb.go:2270.2,2270.11 1 0
pinz/backend/api-gateway-service/pkg/proto/trip.pb.go:2273.65,2274.14 1 0
pinz/backend/api-gateway-service/pkg/proto/trip.pb.go:2274.14,2276.3 1 0
pinz/backend/api-gateway-service/pkg/proto/trip.pb.go:2277.2,2277.10 1 0
pinz/backend/api-gateway-service/pkg/proto/trip.pb.go:2290.46,2295.2 4 0
pinz/backend/api-gateway-service/pkg/proto/trip.pb.go:2297.54,2299.2 1 0
pinz/backend/api-gateway-service/pkg/proto/trip.pb.go:2301.52,2301.53 0 0
pinz/backend/api-gateway-service/pkg/proto/trip.pb.go:2303.74,2305.14 2 0
pinz/backend/api-gateway-service/pkg/proto/trip.pb.go:2305.14,2307.34 2 0
pinz/backend/api-gateway-service/pkg/proto/trip.pb.go:2307.34,2309.4 1 0
pinz/backend/api-gateway-service/pkg/proto/trip.pb.go:2310.3,2310.12 1 0
pinz/backend/api-gateway-service/pkg/proto/trip.pb.go:2312.2,2312.24 1 0
pinz/backend/api-gateway-service/pkg/proto/trip.pb.go:2316.65,2318.2 1 0
pinz/backend/api-gateway-service/pkg/proto/trip.pb.go:2320.63,2321.14 1 0
pinz/backend/api-gateway-service/pkg/proto/trip.pb.go:2321.14,2323.3 1 0
pinz/backend/api-gateway-service/pkg/proto/trip.pb.go:2324.2,2324.11 1 0
pinz/backend/api-gateway-service/pkg/proto/trip.pb.go:2327.56,2328.14 1 0
pinz/backend/api-gateway-service/pkg/proto/trip.pb.go:2328.14,2330.3 1 0
pinz/backend/api-gateway-service/pkg/proto/trip.pb.go:2331.2,2331.11 1 0
pinz/backend/api-gateway-service/pkg/proto/trip.pb.go:2334.60,2335.14 1 0
pinz/backend/api-gateway-service/pkg/proto/trip.pb.go:2335.14,2337.3 1 0
pinz/backend/api-gateway-service/pkg/proto/trip.pb.go:2338.2,2338.11 1 0
pinz/backend/api-gateway-service/pkg/proto/trip.pb.go:2341.63,2342.14 1 0
pinz/backend/api-gateway-service/pkg/proto/trip.pb.go:2342.14,2344.3 1 0
pinz/backend/api-gateway-service/pkg/proto/trip.pb.go:2345.2,2345.10 1 0
pinz/backend/api-gateway-service/pkg/proto/trip.pb.go:2355.42,2360.2 4 0
pinz/backend/api-gateway-service/pkg/proto/trip.pb.go:2362.50,2364.2 1 0
pinz/backend/api-gateway-service/pkg/proto/trip.pb.go:2366.48,2366.49 0 0
pinz/backend/api-gateway-service/pkg/proto/trip.pb.go:2368.70,2370.14 2 0
pinz/backend/api-gateway-service/pkg/proto/trip.pb.go:2370.14,2372.34 2 0
pinz/backend/api-gateway-service/pkg/proto/trip.pb.go:2372.34,2374.4 1 0
pinz/backend/api-gateway-service/pkg/proto/trip.pb.go:2375.3,2375.12 1 0
pinz/backend/api-gateway-service/pkg/proto/trip.pb.go:2377.2,2377.24 1 0
pinz/backend/api-gateway-service/pkg/proto/trip.pb.go:2381.61,2383.2 1 0
pinz/backend/api-gateway-service/pkg/proto/trip.pb.go:2385.52,2386.14 1 0
pinz/backend/api-gateway-service/pkg/proto/trip.pb.go:2386.14,2388.3 1 0
pinz/backend/api-gateway-service/pkg/proto/trip.pb.go:2389.2,2389.11 1 0
pinz/backend/api-gateway-service/pkg/proto/trip.pb.go:2400.43,2405.2 4 0
pinz/backend/api-gateway-service/pkg/proto/trip.pb.go:2407.51,2409.2 1 0
pinz/backend/api-gateway-service/pkg/proto/trip.pb.go:2411.49,2411.50 0 0
pinz/backend/api-gateway-service/pkg/proto/trip.pb.go:2413.71,2415.14 2 0
pinz/backend/api-gateway-service/pkg/proto/trip.pb.go:2415.14,2417.34 2 0
pinz/backend/api-gateway-service/pkg/proto/trip.pb.go:2417.34,2419.4 1 0
pinz/backend/api-gateway-service/pkg/proto/trip.pb.go:2420.3,2420.12 1 0
pinz/backend/api-gateway-service/pkg/proto/trip.pb.go:2422.2,2422.24 1 0
pinz/backend/api-gateway-service/pkg/proto/trip.pb.go:2426.62,2428.2 1 0
pinz/backend/api-gateway-service/pkg/proto/trip.pb.go:2430.54,2431.14 1 0
pinz/backend/api-gateway-service/pkg/proto/trip.pb.go:2431.14,2433.3 1 0
pinz/backend/api-gateway-service/pkg/proto/trip.pb.go:2434.2,2434.11 1 0
pinz/backend/api-gateway-service/pkg/proto/trip.pb.go:2437.59,2438.14 1 0
pinz/backend/api-gateway-service/pkg/proto/trip.pb.go:2438.14,2440.3 1 0
pinz/backend/api-gateway-service/pkg/proto/trip.pb.go:2441.2,2441.14 1 0
pinz/backend/api-gateway-service/pkg/proto/trip.pb.go:2452.44,2457.2 4 0
pinz/backend/api-gateway-service/pkg/proto/trip.pb.go:2459.52,2461.2 1 0
pinz/backend/api-gateway-service/pkg/proto/trip.pb.go:2463.50,2463.51 0 0
pinz/backend/api-gateway-service/pkg/proto/trip.pb.go:2465.72,2467.14 2 0
pinz/backend/api-gateway-service/pkg/proto/trip.pb.go:2467.14,2469.34 2 0
pinz/backend/api-gateway-service/pkg/proto/trip.pb.go:2469.34,2471.4 1 0
pinz/backend/api-gateway-service/pkg/proto/trip.pb.go:2472.3,2472.12 1 0
pinz/backend/api-gateway-service/pkg/proto/trip.pb.go:2474.2,2474.24 1 0
pinz/backend/api-gateway-service/pkg/proto/trip.pb.go:2478.63,2480.2 1 0
pinz/backend/api-gateway-service/pkg/proto/trip.pb.go:2482.55,2483.14 1 0
pinz/backend/api-gateway-service/pkg/proto/trip.pb.go:2483.14,2485.3 1 0
pinz/backend/api-gateway-service/pkg/proto/trip.pb.go:2486.2,2486.11 1 0
pinz/backend/api-gateway-service/pkg/proto/trip.pb.go:2489.55,2490.14 1 0
pinz/backend/api-gateway-service/pkg/proto/trip.pb.go:2490.14,2492.3 1 0
pinz/backend/api-gateway-service/pkg/proto/trip.pb.go:2493.2,2493.11 1 0
pinz/backend/api-gateway-service/pkg/proto/trip.pb.go:2503.45,2508.2 4 0
pinz/backend/api-gateway-service/pkg/proto/trip.pb.go:2510.53,2512.2 1 0
pinz/backend/api-gateway-service/pkg/proto/trip.pb.go:2514.51,2514.52 0 0
pinz/backend/api-gateway-service/pkg/proto/trip.pb.go:2516.73,2518.14 2 0
pinz/backend/api-gateway-service/pkg/proto/trip.pb.go:2518.14,2520.34 2 0
pinz/backend/api-gateway-service/pkg/proto/trip.pb.go:2520.34,2522.4 1 0
pinz/backend/api-gateway-service/pkg/proto/trip.pb.go:2523.3,2523.12 1 0
pinz/backend/api-gateway-service/pkg/proto/trip.pb.go:2525.2,2525.24 1 0
pinz/backend/api-gateway-service/pkg/proto/trip.pb.go:2529.64,2531.2 1 0
pinz/backend/api-gateway-service/pkg/proto/trip.pb.go:2533.55,2534.14 1 0
pinz/backend/api-gateway-service/pkg/proto/trip.pb.go:2534.14,2536.3 1 0
pinz/backend/api-gateway-service/pkg/proto/trip.pb.go:2537.2,2537.14 1 0
pinz/backend/api-gateway-service/pkg/proto/trip.pb.go:2547.36,2552.2 4 0
pinz/backend/api-gateway-service/pkg/proto/trip.pb.go:2554.44,2556.2 1 0
pinz/backend/api-gateway-service/pkg/proto/trip.pb.go:2558.42,2558.43 0 0
pinz/backend/api-gateway-service/pkg/proto/trip.pb.go:2560.64,2562.14 2 0
pinz/backend/api-gateway-service/pkg/proto/trip.pb.go:2562.14,2564.34 2 0
pinz/backend/api-gateway-service/pkg/proto/trip.pb.go:2564.34,2566.4 1 0
pinz/backend/api-gateway-service/pkg/proto/trip.pb.go:2567.3,2567.12 1 0
pinz/backend/api-gateway-service/pkg/proto/trip.pb.go:2569.2,2569.24 1 0
pinz/backend/api-gateway-service/pkg/proto/trip.pb.go:2573.55,2575.2 1 0
pinz/backend/api-gateway-service/pkg/proto/trip.pb.go:2577.47,2578.14 1 0
pinz/backend/api-gateway-service/pkg/proto/trip.pb.go:2578.14,2580.3 1 0
pinz/backend/api-gateway-service/pkg/proto/trip.pb.go:2581.2,2581.11 1 0
pinz/backend/api-gateway-service/pkg/proto/trip.pb.go:2592.37,2597.2 4 0
pinz/backend/api-gateway-service/pkg/proto/trip.pb.go:2599.45,2601.2 1 0
pinz/backend/api-gateway-service/pkg/proto/trip.pb.go:2603.43,2603.44 0 0
pinz/backend/api-gateway-service/pkg/proto/trip.pb.go:2605.65,2607.14 2 0
pinz/backend/api-gateway-service/pkg/proto/trip.pb.go:2607.14,2609.34 2 0
pinz/backend/api-gateway-service/pkg/proto/trip.pb.go:2609.34,2611.4 1 0
pinz/backend/api-gateway-service/pkg/proto/trip.pb.go:2612.3,2612.12 1 0
pinz/backend/api-gateway-service/pkg/proto/trip.pb.go:2614.2,2614.24 1 0
pinz/backend/api-gateway-service/pkg/proto/trip.pb.go:2618.56,2620.2 1 0
pinz/backend/api-gateway-service/pkg/proto/trip.pb.go:2622.47,2623.14 1 0
pinz/backend/api-gateway-service/pkg/proto/trip.pb.go:2623.14,2625.3 1 0
pinz/backend/api-gateway-service/pkg/proto/trip.pb.go:2626.2,2626.14 1 0
pinz/backend/api-gateway-service/pkg/proto/trip.pb.go:2629.51,2630.14 1 0
pinz/backend/api-gateway-service/pkg/proto/trip.pb.go:2630.14,2632.3 1 0
pinz/backend/api-gateway-service/pkg/proto/trip.pb.go:2633.2,2633.14 1 0
pinz/backend/api-gateway-service/pkg/proto/trip.pb.go:2644.40,2649.2 4 0
pinz/backend/api-gateway-service/pkg/proto/trip.pb.go:2651.48,2653.2 1 0
pinz/backend/api-gateway-service/pkg/proto/trip.pb.go:2655.46,2655.47 0 0
pinz/backend/api-gateway-service/pkg/proto/trip.pb.go:2657.68,2659.14 2 0
pinz/backend/api-gateway-service/pkg/proto/trip.pb.go:2659.14,2661.34 2 0
pinz/backend/api-gateway-service/pkg/proto/trip.pb.go:2661.34,2663.4 1 0
pinz/backend/api-gateway-service/pkg/proto/trip.pb.go:2664.3,2664.12 1 0
pinz/backend/api-gateway-service/pkg/proto/trip.pb.go:2666.2,2666.24 1 0
pinz/backend/api-gateway-service/pkg/proto/trip.pb.go:2670.59,2672.2 1 0
pinz/backend/api-gateway-service/pkg/proto/trip.pb.go:2674.51,2675.14 1 0
pinz/backend/api-gateway-service/pkg/proto/trip.pb.go:2675.14,2677.3 1 0
pinz/backend/api-gateway-service/pkg/proto/trip.pb.go:2678.2,2678.11 1 0
pinz/backend/api-gateway-service/pkg/proto/trip.pb.go:2681.59,2682.14 1 0
pinz/backend/api-gateway-service/pkg/proto/trip.pb.go:2682.14,2684.3 1 0
pinz/backend/api-gateway-service/pkg/proto/trip.pb.go:2685.2,2685.11 1 0
pinz/backend/api-gateway-service/pkg/proto/trip.pb.go:2695.41,2700.2 4 0
pinz/backend/api-gateway-service/pkg/proto/trip.pb.go:2702.49,2704.2 1 0
pinz/backend/api-gateway-service/pkg/proto/trip.pb.go:2706.47,2706.48 0 0
pinz/backend/api-gateway-service/pkg/proto/trip.pb.go:2708.69,2710.14 2 0
pinz/backend/api-gateway-service/pkg/proto/trip.pb.go:2710.14,2712.34 2 0
pinz/backend/api-gateway-service/pkg/proto/trip.pb.go:2712.34,2714.4 1 0
pinz/backend/api-gateway-service/pkg/proto/trip.pb.go:2715.3,2715.12 1 0
pinz/backend/api-gateway-service/pkg/proto/trip.pb.go:2717.2,2717.24 1 0
pinz/backend/api-gateway-service/pkg/proto/trip.pb.go:2721.60,2723.2 1 0
pinz/backend/api-gateway-service/pkg/proto/trip.pb.go:2725.51,2726.14 1 0
pinz/backend/api-gateway-service/pkg/proto/trip.pb.go:2726.14,2728.3 1 0
pinz/backend/api-gateway-service/pkg/proto/trip.pb.go:2729.2,2729.14 1 0
pinz/backend/api-gateway-service/pkg/proto/trip.pb.go:2741.45,2746.2 4 0
pinz/backend/api-gateway-service/pkg/proto/trip.pb.go:2748.53,2750.2 1 0
pinz/backend/api-gateway-service/pkg/proto/trip.pb.go:2752.51,2752.52 0 0
pinz/backend/api-gateway-service/pkg/proto/trip.pb.go:2754.73,2756.14 2 0
pinz/backend/api-gateway-service/pkg/proto/trip.pb.go:2756.14,2758.34 2 0
pinz/backend/api-gateway-service/pkg/proto/trip.pb.go:2758.34,2760.4 1 0
pinz/backend/api-gateway-service/pkg/proto/trip.pb.go:2761.3,2761.12 1 0
pinz/backend/api-gateway-service/pkg/proto/trip.pb.go:2763.2,2763.24 1 0
pinz/backend/api-gateway-service/pkg/proto/trip.pb.go:2767.64,2769.2 1 0
pinz/backend/api-gateway-service/pkg/proto/trip.pb.go:2771.56,2772.14 1 0
pinz/backend/api-gateway-service/pkg/proto/trip.pb.go:2772.14,2774.3 1 0
pinz/backend/api-gateway-service/pkg/proto/trip.pb.go:2775.2,2775.11 1 0
pinz/backend/api-gateway-service/pkg/proto/trip.pb.go:2778.68,2779.14 1 0
pinz/backend/api-gateway-service/pkg/proto/trip.pb.go:2779.14,2781.3 1 0
pinz/backend/api-gateway-service/pkg/proto/trip.pb.go:2782.2,2782.14 1 0
pinz/backend/api-gateway-service/pkg/proto/trip.pb.go:2792.46,2797.2 4 0
pinz/backend/api-gateway-service/pkg/proto/trip.pb.go:2799.54,2801.2 1 0
pinz/backend/api-gateway-service/pkg/proto/trip.pb.go:2803.52,2803.53 0 0
pinz/backend/api-gateway-service/pkg/proto/trip.pb.go:2805.74,2807.14 2 0
pinz/backend/api-gateway-service/pkg/proto/trip.pb.go:2807.14,2809.34 2 0
pinz/backend/api-gateway-service/pkg/proto/trip.pb.go:2809.34,2811.4 1 0
pinz/backend/api-gateway-service/pkg/proto/trip.pb.go:2812.3,2812.12 1 0
pinz/backend/api-gateway-service/pkg/proto/trip.pb.go:2814.2,2814.24 1 0
pinz/backend/api-gateway-service/pkg/proto/trip.pb.go:2818.65,2820.2 1 0
pinz/backend/api-gateway-service/pkg/proto/trip.pb.go:2822.56,2823.14 1 0
pinz/backend/api-gateway-service/pkg/proto/trip.pb.go:2823.14,2825.3 1 0
pinz/backend/api-gateway-service/pkg/proto/trip.pb.go:2826.2,2826.14 1 0
pinz/backend/api-gateway-service/pkg/proto/trip.pb.go:2842.35,2847.2 4 0
pinz/backend/api-gateway-service/pkg/proto/trip.pb.go:2849.43,2851.2 1 0
pinz/backend/api-gateway-service/pkg/proto/trip.pb.go:2853.41,2853.42 0 0
pinz/backend/api-gateway-service/pkg/proto/trip.pb.go:2855.63,2857.14 2 0
pinz/backend/api-gateway-service/pkg/proto/trip.pb.go:2857.14,2859.34 2 0
pinz/backend/api-gateway-service/pkg/proto/trip.pb.go:2859.34,2861.4 1 0
pinz/backend/api-gateway-service/pkg/proto/trip.pb.go:2862.3,2862.12 1 0
pinz/backend/api-gateway-service/pkg/proto/trip.pb.go:2864.2,2864.24 1 0
pinz/backend/api-gateway-service/pkg/proto/trip.pb.go:2868.54,2870.2 1 0
pinz/backend/api-gateway-service/pkg/proto/trip.pb.go:2872.44,2873.14 1 0
pinz/backend/api-gateway-service/pkg/proto/trip.pb.go:2873.14,2875.3 1 0
pinz/backend/api-gateway-service/pkg/proto/trip.pb.go:2876.2,2876.10 1 0
pinz/backend/api-gateway-service/pkg/proto/trip.pb.go:2879.45,2880.14 1 0
pinz/backend/api-gateway-service/pkg/proto/trip.pb.go:2880.14,2882.3 1 0
pinz/backend/api-gateway-service/pkg/proto/trip.pb.go:2883.2,2883.10 1 0
pinz/backend/api-gateway-service/pkg/proto/trip.pb.go:2886.48,2887.14 1 0
pinz/backend/api-gateway-service/pkg/proto/trip.pb.go:2887.14,2889.3 1 0
pinz/backend/api-gateway-service/pkg/proto/trip.pb.go:2890.2,2890.11 1 0
pinz/backend/api-gateway-service/pkg/proto/trip.pb.go:2893.46,2894.14 1 0
pinz/backend/api-gateway-service/pkg/proto/trip.pb.go:2894.14,2896.3 1 0
pinz/backend/api-gateway-service/pkg/proto/trip.pb.go:2897.2,2897.11 1 0
pinz/backend/api-gateway-service/pkg/proto/trip.pb.go:2900.49,2901.14 1 0
pinz/backend/api-gateway-service/pkg/proto/trip.pb.go:2901.14,2903.3 1 0
pinz/backend/api-gateway-service/pkg/proto/trip.pb.go:2904.2,2904.10 1 0
pinz/backend/api-gateway-service/pkg/proto/trip.pb.go:2907.46,2908.14 1 0
pinz/backend/api-gateway-service/pkg/proto/trip.pb.go:2908.14,2910.3 1 0
pinz/backend/api-gateway-service/pkg/proto/trip.pb.go:2911.2,2911.11 1 0
pinz/backend/api-gateway-service/pkg/proto/trip.pb.go:2921.36,2926.2 4 0
pinz/backend/api-gateway-service/pkg/proto/trip.pb.go:2928.44,2930.2 1 0
pinz/backend/api-gateway-service/pkg/proto/trip.pb.go:2932.42,2932.43 0 0
pinz/backend/api-gateway-service/pkg/proto/trip.pb.go:2934.64,2936.14 2 0
pinz/backend/api-gateway-service/pkg/proto/trip.pb.go:2936.14,2938.34 2 0
pinz/backend/api-gateway-service/pkg/proto/trip.pb.go:2938.34,2940.4 1 0
pinz/backend/api-gateway-service/pkg/proto/trip.pb.go:2941.3,2941.12 1 0
pinz/backend/api-gateway-service/pkg/proto/trip.pb.go:2943.2,2943.24 1 0
pinz/backend/api-gateway-service/pkg/proto/trip.pb.go:2947.55,2949.2 1 0
pinz/backend/api-gateway-service/pkg/proto/trip.pb.go:2951.47,2952.14 1 0
pinz/backend/api-gateway-service/pkg/proto/trip.pb.go:2952.14,2954.3 1 0
pinz/backend/api-gateway-service/pkg/proto/trip.pb.go:2955.2,2955.12 1 0
pinz/backend/api-gateway-service/pkg/proto/trip.pb.go:2965.35,2970.2 4 0
pinz/backend/api-gateway-service/pkg/proto/trip.pb.go:2972.43,2974.2 1 0
pinz/backend/api-gateway-service/pkg/proto/trip.pb.go:2976.41,2976.42 0 0
pinz/backend/api-gateway-service/pkg/proto/trip.pb.go:2978.63,2980.14 2 0
pinz/backend/api-gateway-service/pkg/proto/trip.pb.go:2980.14,2982.34 2 0
pinz/backend/api-gateway-service/pkg/proto/trip.pb.go:2982.34,2984.4 1 0
pinz/backend/api-gateway-service/pkg/proto/trip.pb.go:2985.3,2985.12 1 0
pinz/backend/api-gateway-service/pkg/proto/trip.pb.go:2987.2,2987.24 1 0
pinz/backend/api-gateway-service/pkg/proto/trip.pb.go:2991.54,2993.2 1 0
pinz/backend/api-gateway-service/pkg/proto/trip.pb.go:2995.46,2996.14 1 0
pinz/backend/api-gateway-service/pkg/proto/trip.pb.go:2996.14,2998.3 1 0
pinz/backend/api-gateway-service/pkg/proto/trip.pb.go:2999.2,2999.11 1 0
pinz/backend/api-gateway-service/pkg/proto/trip.pb.go:3009.36,3014.2 4 0
pinz/backend/api-gateway-service/pkg/proto/trip.pb.go:3016.44,3018.2 1 0
pinz/backend/api-gateway-service/pkg/proto/trip.pb.go:3020.42,3020.43 0 0
pinz/backend/api-gateway-service/pkg/proto/trip.pb.go:3022.64,3024.14 2 0
pinz/backend/api-gateway-service/pkg/proto/trip.pb.go:3024.14,3026.34 2 0
pinz/backend/api-gateway-service/pkg/proto/trip.pb.go:3026.34,3028.4 1 0
pinz/backend/api-gateway-service/pkg/proto/trip.pb.go:3029.3,3029.12 1 0
pinz/backend/api-gateway-service/pkg/proto/trip.pb.go:3031.2,3031.24 1 0
pinz/backend/api-gateway-service/pkg/proto/trip.pb.go:3035.55,3037.2 1 0
pinz/backend/api-gateway-service/pkg/proto/trip.pb.go:3039.46,3040.14 1 0
pinz/backend/api-gateway-service/pkg/proto/trip.pb.go:3040.14,3042.3 1 0
pinz/backend/api-gateway-service/pkg/proto/trip.pb.go:3043.2,3043.14 1 0
pinz/backend/api-gateway-service/pkg/proto/trip.pb.go:3053.38,3058.2 4 0
pinz/backend/api-gateway-service/pkg/proto/trip.pb.go:3060.46,3062.2 1 0
pinz/backend/api-gateway-service/pkg/proto/trip.pb.go:3064.44,3064.45 0 0
pinz/backend/api-gateway-service/pkg/proto/trip.pb.go:3066.66,3068.14 2 0
pinz/backend/api-gateway-service/pkg/proto/trip.pb.go:3068.14,3070.34 2 0
pinz/backend/api-gateway-service/pkg/proto/trip.pb.go:3070.34,3072.4 1 0
pinz/backend/api-gateway-service/pkg/proto/trip.pb.go:3073.3,3073.12 1 0
pinz/backend/api-gateway-service/pkg/proto/trip.pb.go:3075.2,3075.24 1 0
pinz/backend/api-gateway-service/pkg/proto/trip.pb.go:3079.57,3081.2 1 0
pinz/backend/api-gateway-service/pkg/proto/trip.pb.go:3083.49,3084.14 1 0
pinz/backend/api-gateway-service/pkg/proto/trip.pb.go:3084.14,3086.3 1 0
pinz/backend/api-gateway-service/pkg/proto/trip.pb.go:3087.2,3087.11 1 0
pinz/backend/api-gateway-service/pkg/proto/trip.pb.go:3097.39,3102.2 4 0
pinz/backend/api-gateway-service/pkg/proto/trip.pb.go:3104.47,3106.2 1 0
pinz/backend/api-gateway-service/pkg/proto/trip.pb.go:3108.45,3108.46 0 0
pinz/backend/api-gateway-service/pkg/proto/trip.pb.go:3110.67,3112.14 2 0
pinz/backend/api-gateway-service/pkg/proto/trip.pb.go:3112.14,3114.34 2 0
pinz/backend/api-gateway-service/pkg/proto/trip.pb.go:3114.34,3116.4 1 0
pinz/backend/api-gateway-service/pkg/proto/trip.pb.go:3117.3,3117.12 1 0
pinz/backend/api-gateway-service/pkg/proto/trip.pb.go:3119.2,3119.24 1 0
pinz/backend/api-gateway-service/pkg/proto/trip.pb.go:3123.58,3125.2 1 0
pinz/backend/api-gateway-service/pkg/proto/trip.pb.go:3127.49,3128.14 1 0
pinz/backend/api-gateway-service/pkg/proto/trip.pb.go:3128.14,3130.3 1 0
pinz/backend/api-gateway-service/pkg/proto/trip.pb.go:3131.2,3131.14 1 0
pinz/backend/api-gateway-service/pkg/proto/trip.pb.go:3141.42,3146.2 4 0
pinz/backend/api-gateway-service/pkg/proto/trip.pb.go:3148.50,3150.2 1 0
pinz/backend/api-gateway-service/pkg/proto/trip.pb.go:3152.48,3152.49 0 0
pinz/backend/api-gateway-service/pkg/proto/trip.pb.go:3154.70,3156.14 2 0
pinz/backend/api-gateway-service/pkg/proto/trip.pb.go:3156.14,3158.34 2 0
pinz/backend/api-gateway-service/pkg/proto/trip.pb.go:3158.34,3160.4 1 0
pinz/backend/api-gateway-service/pkg/proto/trip.pb.go:3161.3,3161.12 1 0
pinz/backend/api-gateway-service/pkg/proto/trip.pb.go:3163.2,3163.24 1 0
pinz/backend/api-gateway-service/pkg/proto/trip.pb.go:3167.61,3169.2 1 0
pinz/backend/api-gateway-service/pkg/proto/trip.pb.go:3171.53,3172.14 1 0
pinz/backend/api-gateway-service/pkg/proto/trip.pb.go:3172.14,3174.3 1 0
pinz/backend/api-gateway-service/pkg/proto/trip.pb.go:3175.2,3175.11 1 0
pinz/backend/api-gateway-service/pkg/proto/trip.pb.go:3185.43,3190.2 4 0
pinz/backend/api-gateway-service/pkg/proto/trip.pb.go:3192.51,3194.2 1 0
pinz/backend/api-gateway-service/pkg/proto/trip.pb.go:3196.49,3196.50 0 0
pinz/backend/api-gateway-service/pkg/proto/trip.pb.go:3198.71,3200.14 2 0
pinz/backend/api-gateway-service/pkg/proto/trip.pb.go:3200.14,3202.34 2 0
pinz/backend/api-gateway-service/pkg/proto/trip.pb.go:3202.34,3204.4 1 0
pinz/backend/api-gateway-service/pkg/proto/trip.pb.go:3205.3,3205.12 1 0
pinz/backend/api-gateway-service/pkg/proto/trip.pb.go:3207.2,3207.24 1 0
pinz/backend/api-gateway-service/pkg/proto/trip.pb.go:3211.62,3213.2 1 0
pinz/backend/api-gateway-service/pkg/proto/trip.pb.go:3215.53,3216.14 1 0
pinz/backend/api-gateway-service/pkg/proto/trip.pb.go:3216.14,3218.3 1 0
pinz/backend/api-gateway-service/pkg/proto/trip.pb.go:3219.2,3219.14 1 0
pinz/backend/api-gateway-service/pkg/proto/trip.pb.go:3229.47,3234.2 4 0
pinz/backend/api-gateway-service/pkg/proto/trip.pb.go:3236.55,3238.2 1 0
pinz/backend/api-gateway-service/pkg/proto/trip.pb.go:3240.53,3240.54 0 0
pinz/backend/api-gateway-service/pkg/proto/trip.pb.go:3242.75,3244.14 2 0
pinz/backend/api-gateway-service/pkg/proto/trip.pb.go:3244.14,3246.34 2 0
pinz/backend/api-gateway-service/pkg/proto/trip.pb.go:3246.34,3248.4 1 0
pinz/backend/api-gateway-service/pkg/proto/trip.pb.go:3249.3,3249.12 1 0
pinz/backend/api-gateway-service/pkg/proto/trip.pb.go:3251.2,3251.24 1 0
pinz/backend/api-gateway-service/pkg/proto/trip.pb.go:3255.66,3257.2 1 0
pinz/backend/api-gateway-service/pkg/proto/trip.pb.go:3259.58,3260.14 1 0
pinz/backend/api-gateway-service/pkg/proto/trip.pb.go:3260.14,3262.3 1 0
pinz/backend/api-gateway-service/pkg/proto/trip.pb.go:3263.2,3263.11 1 0
pinz/backend/api-gateway-service/pkg/proto/trip.pb.go:3273.48,3278.2 4 0
pinz/backend/api-gateway-service/pkg/proto/trip.pb.go:3280.56,3282.2 1 0
pinz/backend/api-gateway-service/pkg/proto/trip.pb.go:3284.54,3284.55 0 0
pinz/backend/api-gateway-service/pkg/proto/trip.pb.go:3286.76,3288.14 2 0
pinz/backend/api-gateway-service/pkg/proto/trip.pb.go:3288.14,3290.34 2 0
pinz/backend/api-gateway-service/pkg/proto/trip.pb.go:3290.34,3292.4 1 0
pinz/backend/api-gateway-service/pkg/proto/trip.pb.go:3293.3,3293.12 1 0
pinz/backend/api-gateway-service/pkg/proto/trip.pb.go:3295.2,3295.24 1 0
pinz/backend/api-gateway-service/pkg/proto/trip.pb.go:3299.67,3301.2 1 0
pinz/backend/api-gateway-service/pkg/proto/trip.pb.go:3303.58,3304.14 1 0
pinz/backend/api-gateway-service/pkg/proto/trip.pb.go:3304.14,3306.3 1 0
pinz/backend/api-gateway-service/pkg/proto/trip.pb.go:3307.2,3307.14 1 0
pinz/backend/api-gateway-service/pkg/proto/trip.pb.go:3606.43,3607.40 1 0
pinz/backend/api-gateway-service/pkg/proto/trip.pb.go:3607.40,3609.3 1 0
pinz/backend/api-gateway-service/pkg/proto/trip.pb.go:3610.2,3610.36 1 0
pinz/backend/api-gateway-service/pkg/proto/trip.pb.go:3738.13,3738.39 1 0
pinz/backend/api-gateway-service/pkg/proto/trip.pb.go:3739.29,3740.28 1 0
pinz/backend/api-gateway-service/pkg/proto/trip.pb.go:3740.28,3742.3 1 0
pinz/backend/api-gateway-service/pkg/proto/trip.pb.go:3743.2,3764.31 10 0
pinz/backend/api-gateway-service/pkg/proto/trip_grpc.pb.go:80.74,82.2 1 0
pinz/backend/api-gateway-service/pkg/proto/trip_grpc.pb.go:84.138,88.16 4 0
pinz/backend/api-gateway-service/pkg/proto/trip_grpc.pb.go:88.16,90.3 1 0
pinz/backend/api-gateway-service/pkg/proto/trip_grpc.pb.go:91.2,91.17 1 0
pinz/backend/api-gateway-service/pkg/proto/trip_grpc.pb.go:94.129,98.16 4 0
pinz/backend/api-gateway-service/pkg/proto/trip_grpc.pb.go:98.16,100.3 1 0
pinz/backend/api-gateway-service/pkg/proto/trip_grpc.pb.go:101.2,101.17 1 0
pinz/backend/api-gateway-service/pkg/proto/trip_grpc.pb.go:104.147,108.16 4 0
pinz/backend/api-gateway-service/pkg/proto/trip_grpc.pb.go:108.16,110.3 1 0
pinz/backend/api-gateway-service/pkg/proto/trip_grpc.pb.go:111.2,111.17 1 0
pinz/backend/api-gateway-service/pkg/proto/trip_grpc.pb.go:114.138,118.16 4 0
pinz/backend/api-gateway-service/pkg/proto/trip_grpc.pb.go:118.16,120.3 1 0
pinz/backend/api-gateway-service/pkg/proto/trip_grpc.pb.go:121.2,121.17 1 0
pinz/backend/api-gateway-service/pkg/proto/trip_grpc.pb.go:124.138,128.16 4 0
pinz/backend/api-gateway-service/pkg/proto/trip_grpc.pb.go:128.16,130.3 1 0
pinz/backend/api-gateway-service/pkg/proto/trip_grpc.pb.go:131.2,131.17 1 0
pinz/backend/api-gateway-service/pkg/proto/trip_grpc.pb.go:134.162,138.16 4 0
pinz/backend/api-gateway-service/pkg/proto/trip_grpc.pb.go:138.16,140.3 1 0
pinz/backend/api-gateway-service/pkg/proto/trip_grpc.pb.go:141.2,141.17 1 0
pinz/backend/api-gateway-service/pkg/proto/trip_grpc.pb.go:144.153,148.16 4 0
pinz/backend/api-gateway-service/pkg/proto/trip_grpc.pb.go:148.16,150.3 1 0
pinz/backend/api-gateway-service/pkg/proto/trip_grpc.pb.go:151.2,151.17 1 0
pinz/backend/api-gateway-service/pkg/proto/trip_grpc.pb.go:154.159,158.16 4 0
pinz/backend/api-gateway-service/pkg/proto/trip_grpc.pb.go:158.16,160.3 1 0
pinz/backend/api-gateway-service/pkg/proto/trip_grpc.pb.go:161.2,161.17 1 0
pinz/backend/api-gateway-service/pkg/proto/trip_grpc.pb.go:164.135,168.16 4 0
pinz/backend/api-gateway-service/pkg/proto/trip_grpc.pb.go:168.16,170.3 1 0
pinz/backend/api-gateway-service/pkg/proto/trip_grpc.pb.go:171.2,171.17 1 0
pinz/backend/api-gateway-service/pkg/proto/trip_grpc.pb.go:174.147,178.16 4 0
pinz/backend/api-gateway-service/pkg/proto/trip_grpc.pb.go:178.16,180.3 1 0
pinz/backend/api-gateway-service/pkg/proto/trip_grpc.pb.go:181.2,181.17 1 0
pinz/backend/api-gateway-service/pkg/proto/trip_grpc.pb.go:184.168,188.16 4 0
pinz/backend/api-gateway-service/pkg/proto/trip_grpc.pb.go:188.16,190.3 1 0
pinz/backend/api-gateway-service/pkg/proto/trip_grpc.pb.go:191.2,191.17 1 0
pinz/backend/api-gateway-service/pkg/proto/trip_grpc.pb.go:194.171,198.16 4 0
pinz/backend/api-gateway-service/pkg/proto/trip_grpc.pb.go:198.16,200.3 1 0
pinz/backend/api-gateway-service/pkg/proto/trip_grpc.pb.go:201.2,201.17 1 0
pinz/backend/api-gateway-service/pkg/proto/trip_grpc.pb.go:204.147,208.16 4 0
pinz/backend/api-gateway-service/pkg/proto/trip_grpc.pb.go:208.16,210.3 1 0
pinz/backend/api-gateway-service/pkg/proto/trip_grpc.pb.go:211.2,211.17 1 0
pinz/backend/api-gateway-service/pkg/proto/trip_grpc.pb.go:214.144,218.16 4 0
pinz/backend/api-gateway-service/pkg/proto/trip_grpc.pb.go:218.16,220.3 1 0
pinz/backend/api-gateway-service/pkg/proto/trip_grpc.pb.go:221.2,221.17 1 0
pinz/backend/api-gateway-service/pkg/proto/trip_grpc.pb.go:224.141,228.16 4 0
pinz/backend/api-gateway-service/pkg/proto/trip_grpc.pb.go:228.16,230.3 1 0
pinz/backend/api-gateway-service/pkg/proto/trip_grpc.pb.go:231.2,231.17 1 0
pinz/backend/api-gateway-service/pkg/proto/trip_grpc.pb.go:234.162,238.16 4 0
pinz/backend/api-gateway-service/pkg/proto/trip_grpc.pb.go:238.16,240.3 1 0
pinz/backend/api-gateway-service/pkg/proto/trip_grpc.pb.go:241.2,241.17 1 0
pinz/backend/api-gateway-service/pkg/proto/trip_grpc.pb.go:244.132,248.16 4 0
pinz/backend/api-gateway-service/pkg/proto/trip_grpc.pb.go:248.16,250.3 1 0
pinz/backend/api-gateway-service/pkg/proto/trip_grpc.pb.go:251.2,251.17 1 0
pinz/backend/api-gateway-service/pkg/proto/trip_grpc.pb.go:254.132,258.16 4 0
pinz/backend/api-gateway-service/pkg/proto/trip_grpc.pb.go:258.16,260.3 1 0
pinz/backend/api-gateway-service/pkg/proto/trip_grpc.pb.go:261.2,261.17 1 0
pinz/backend/api-gateway-service/pkg/proto/trip_grpc.pb.go:264.141,268.16 4 0
pinz/backend/api-gateway-service/pkg/proto/trip_grpc.pb.go:268.16,270.3 1 0
pinz/backend/api-gateway-service/pkg/proto/trip_grpc.pb.go:271.2,271.17 1 0
pinz/backend/api-gateway-service/pkg/proto/trip_grpc.pb.go:274.153,278.16 4 0
pinz/backend/api-gateway-service/pkg/proto/trip_grpc.pb.go:278.16,280.3 1 0
pinz/backend/api-gateway-service/pkg/proto/trip_grpc.pb.go:281.2,281.17 1 0
pinz/backend/api-gateway-service/pkg/proto/trip_grpc.pb.go:284.168,288.16 4 0
pinz/backend/api-gateway-service/pkg/proto/trip_grpc.pb.go:288.16,290.3 1 0
pinz/backend/api-gateway-service/pkg/proto/trip_grpc.pb.go:291.2,291.17 1 0
pinz/backend/api-gateway-service/pkg/proto/trip_grpc.pb.go:333.116,335.2 1 0
pinz/backend/api-gateway-service/pkg/proto/trip_grpc.pb.go:336.107,338.2 1 0
pinz/backend/api-gateway-service/pkg/proto/trip_grpc.pb.go:339.125,341.2 1 0
pinz/backend/api-gateway-service/pkg/proto/trip_grpc.pb.go:342.116,344.2 1 0
pinz/backend/api-gateway-service/pkg/proto/trip_grpc.pb.go:345.116,347.2 1 0
pinz/backend/api-gateway-service/pkg/proto/trip_grpc.pb.go:348.140,350.2 1 0
pinz/backend/api-gateway-service/pkg/proto/trip_grpc.pb.go:351.131,353.2 1 0
pinz/backend/api-gateway-service/pkg/proto/trip_grpc.pb.go:354.137,356.2 1 0
pinz/backend/api-gateway-service/pkg/proto/trip_grpc.pb.go:357.113,359.2 1 0
pinz/backend/api-gateway-service/pkg/proto/trip_grpc.pb.go:360.125,362.2 1 0
pinz/backend/api-gateway-service/pkg/proto/trip_grpc.pb.go:363.146,365.2 1 0
pinz/backend/api-gateway-service/pkg/proto/trip_grpc.pb.go:366.149,368.2 1 0
pinz/backend/api-gateway-service/pkg/proto/trip_grpc.pb.go:369.125,371.2 1 0
pinz/backend/api-gateway-service/pkg/proto/trip_grpc.pb.go:372.122,374.2 1 0
pinz/backend/api-gateway-service/pkg/proto/trip_grpc.pb.go:375.119,377.2 1 0
pinz/backend/api-gateway-service/pkg/proto/trip_grpc.pb.go:378.140,380.2 1 0
pinz/backend/api-gateway-service/pkg/proto/trip_grpc.pb.go:381.110,383.2 1 0
pinz/backend/api-gateway-service/pkg/proto/trip_grpc.pb.go:384.110,386.2 1 0
pinz/backend/api-gateway-service/pkg/proto/trip_grpc.pb.go:387.119,389.2 1 0
pinz/backend/api-gateway-service/pkg/proto/trip_grpc.pb.go:390.131,392.2 1 0
pinz/backend/api-gateway-service/pkg/proto/trip_grpc.pb.go:393.146,395.2 1 0
pinz/backend/api-gateway-service/pkg/proto/trip_grpc.pb.go:396.82,396.83 0 0
pinz/backend/api-gateway-service/pkg/proto/trip_grpc.pb.go:397.82,397.83 0 0
pinz/backend/api-gateway-service/pkg/proto/trip_grpc.pb.go:406.80,411.59 1 0
pinz/backend/api-gateway-service/pkg/proto/trip_grpc.pb.go:411.59,413.3 1 0
pinz/backend/api-gateway-service/pkg/proto/trip_grpc.pb.go:414.2,414.50 1 0
pinz/backend/api-gateway-service/pkg/proto/trip_grpc.pb.go:417.167,419.32 2 0
pinz/backend/api-gateway-service/pkg/proto/trip_grpc.pb.go:419.32,421.3 1 0
pinz/backend/api-gateway-service/pkg/proto/trip_grpc.pb.go:422.2,422.24 1 0
pinz/backend/api-gateway-service/pkg/proto/trip_grpc.pb.go:422.24,424.3 1 0
pinz/backend/api-gateway-service/pkg/proto/trip_grpc.pb.go:425.2,429.77 2 0
pinz/backend/api-gateway-service/pkg/proto/trip_grpc.pb.go:429.77,431.3 1 0
pinz/backend/api-gateway-service/pkg/proto/trip_grpc.pb.go:432.2,432.44 1 0
pinz/backend/api-gateway-service/pkg/proto/trip_grpc.pb.go:435.164,437.32 2 0
pinz/backend/api-gateway-service/pkg/proto/trip_grpc.pb.go:437.32,439.3 1 0
pinz/backend/api-gateway-service/pkg/proto/trip_grpc.pb.go:440.2,440.24 1 0
pinz/backend/api-gateway-service/pkg/proto/trip_grpc.pb.go:440.24,442.3 1 0
pinz/backend/api-gateway-service/pkg/proto/trip_grpc.pb.go:443.2,447.77 2 0
pinz/backend/api-gateway-service/pkg/proto/trip_grpc.pb.go:447.77,449.3 1 0
pinz/backend/api-gateway-service/pkg/proto/trip_grpc.pb.go:450.2,450.44 1 0
pinz/backend/api-gateway-service/pkg/proto/trip_grpc.pb.go:453.170,455.32 2 0
pinz/backend/api-gateway-service/pkg/proto/trip_grpc.pb.go:455.32,457.3 1 0
pinz/backend/api-gateway-service/pkg/proto/trip_grpc.pb.go:458.2,458.24 1 0
pinz/backend/api-gateway-service/pkg/proto/trip_grpc.pb.go:458.24,460.3 1 0
pinz/backend/api-gateway-service/pkg/proto/trip_grpc.pb.go:461.2,465.77 2 0
pinz/backend/api-gateway-service/pkg/proto/trip_grpc.pb.go:465.77,467.3 1 0
pinz/backend/api-gateway-service/pkg/proto/trip_grpc.pb.go:468.2,468.44 1 0
pinz/backend/api-gateway-service/pkg/proto/trip_grpc.pb.go:471.167,473.32 2 0
pinz/backend/api-gateway-service/pkg/proto/trip_grpc.pb.go:473.32,475.3 1 0
pinz/backend/api-gateway-service/pkg/proto/trip_grpc.pb.go:476.2,476.24 1 0
pinz/backend/api-gateway-service/pkg/proto/trip_grpc.pb.go:476.24,478.3 1 0
pinz/backend/api-gateway-service/pkg/proto/trip_grpc.pb.go:479.2,483.77 2 0
pinz/backend/api-gateway-service/pkg/proto/trip_grpc.pb.go:483.77,485.3 1 0
pinz/backend/api-gateway-service/pkg/proto/trip_grpc.pb.go:486.2,486.44 1 0
pinz/backend/api-gateway-service/pkg/proto/trip_grpc.pb.go:489.167,491.32 2 0
pinz/backend/api-gateway-service/pkg/proto/trip_grpc.pb.go:491.32,493.3 1 0
pinz/backend/api-gateway-service/pkg/proto/trip_grpc.pb.go:494.2,494.24 1 0
pinz/backend/api-gateway-service/pkg/proto/trip_grpc.pb.go:494.24,496.3 1 0
pinz/backend/api-gateway-service/pkg/proto/trip_grpc.pb.go:497.2,501.77 2 0
pinz/backend/api-gateway-service/pkg/proto/trip_grpc.pb.go:501.77,503.3 1 0
pinz/backend/api-gateway-service/pkg/proto/trip_grpc.pb.go:504.2,504.44 1 0
pinz/backend/api-gateway-service/pkg/proto/trip_grpc.pb.go:507.175,509.32 2 0
pinz/backend/api-gateway-service/pkg/proto/trip_grpc.pb.go:509.32,511.3 1 0
pinz/backend/api-gateway-service/pkg/proto/trip_grpc.pb.go:512.2,512.24 1 0
pinz/backend/api-gateway-service/pkg/proto/trip_grpc.pb.go:512.24,514.3 1 0
pinz/backend/api-gateway-service/pkg/proto/trip_grpc.pb.go:515.2,519.77 2 0
pinz/backend/api-gateway-service/pkg/proto/trip_grpc.pb.go:519.77,521.3 1 0
pinz/backend/api-gateway-service/pkg/proto/trip_grpc.pb.go:522.2,522.44 1 0
pinz/backend/api-gateway-service/pkg/proto/trip_grpc.pb.go:525.172,527.32 2 0
pinz/backend/api-gateway-service/pkg/proto/trip_grpc.pb.go:527.32,529.3 1 0
pinz/backend/api-gateway-service/pkg/proto/trip_grpc.pb.go:530.2,530.24 1 0
pinz/backend/api-gateway-service/pkg/proto/trip_grpc.pb.go:530.24,532.3 1 0
pinz/backend/api-gateway-service/pkg/proto/trip_grpc.pb.go:533.2,537.77 2 0
pinz/backend/api-gateway-service/pkg/proto/trip_grpc.pb.go:537.77,539.3 1 0
pinz/backend/api-gateway-service/pkg/proto/trip_grpc.pb.go:540.2,540.44 1 0
pinz/backend/api-gateway-service/pkg/proto/trip_grpc.pb.go:543.174,545.32 2 0
pinz/backend/api-gateway-service/pkg/proto/trip_grpc.pb.go:545.32,547.3 1 0
pinz/backend/api-gateway-service/pkg/proto/trip_grpc.pb.go:548.2,548.24 1 0
pinz/backend/api-gateway-service/pkg/proto/trip_grpc.pb.go:548.24,550.3 1 0
pinz/backend/api-gateway-service/pkg/proto/trip_grpc.pb.go:551.2,555.77 2 0
pinz/backend/api-gateway-service/pkg/proto/trip_grpc.pb.go:555.77,557.3 1 0
pinz/backend/api-gateway-service/pkg/proto/trip_grpc.pb.go:558.2,558.44 1 0
pinz/backend/api-gateway-service/pkg/proto/trip_grpc.pb.go:561.166,563.32 2 0
pinz/backend/api-gateway-service/pkg/proto/trip_grpc.pb.go:563.32,565.3 1 0
pinz/backend/api-gateway-service/pkg/proto/trip_grpc.pb.go:566.2,566.24 1 0
pinz/backend/api-gateway-service/pkg/proto/trip_grpc.pb.go:566.24,568.3 1 0
pinz/backend/api-gateway-service/pkg/proto/trip_grpc.pb.go:569.2,573.77 2 0
pinz/backend/api-gateway-service/pkg/proto/trip_grpc.pb.go:573.77,575.3 1 0
pinz/backend/api-gateway-service/pkg/proto/trip_grpc.pb.go:576.2,576.44 1 0
pinz/backend/api-gateway-service/pkg/proto/trip_grpc.pb.go:579.170,581.32 2 0
pinz/backend/api-gateway-service/pkg/proto/trip_grpc.pb.go:581.32,583.3 1 0
pinz/backend/api-gateway-service/pkg/proto/trip_grpc.pb.go:584.2,584.24 1 0
pinz/backend/api-gateway-service/pkg/proto/trip_grpc.pb.go:584.24,586.3 1 0
pinz/backend/api-gateway-service/pkg/proto/trip_grpc.pb.go:587.2,591.77 2 0
pinz/backend/api-gateway-service/pkg/proto/trip_grpc.pb.go:591.77,593.3 1 0
pinz/backend/api-gateway-service/pkg/proto/trip_grpc.pb.go:594.2,594.44 1 0
pinz/backend/api-gateway-service/pkg/proto/trip_grpc.pb.go:597.177,599.32 2 0
pinz/backend/api-gateway-service/pkg/proto/trip_grpc.pb.go:599.32,601.3 1 0
pinz/backend/api-gateway-service/pkg/proto/trip_grpc.pb.go:602.2,602.24 1 0
pinz/backend/api-gateway-service/pkg/proto/trip_grpc.pb.go:602.24,604.3 1 0
pinz/backend/api-gateway-service/pkg/proto/trip_grpc.pb.go:605.2,609.77 2 0
pinz/backend/api-gateway-service/pkg/proto/trip_grpc.pb.go:609.77,611.3 1 0
pinz/backend/api-gateway-service/pkg/proto/trip_grpc.pb.go:612.2,612.44 1 0
pinz/backend/api-gateway-service/pkg/proto/trip_grpc.pb.go:615.178,617.32 2 0
pinz/backend/api-gateway-service/pkg/proto/trip_grpc.pb.go:617.32,619.3 1 0
pinz/backend/api-gateway-service/pkg/proto/trip_grpc.pb.go:620.2,620.24 1 0
pinz/backend/api-gateway-service/pkg/proto/trip_grpc.pb.go:620.24,622.3 1 0
pinz/backend/api-gateway-service/pkg/proto/trip_grpc.pb.go:623.2,627.77 2 0
pinz/backend/api-gateway-service/pkg/proto/trip_grpc.pb.go:627.77,629.3 1 0
pinz/backend/api-gateway-service/pkg/proto/trip_grpc.pb.go:630.2,630.44 1 0
pinz/backend/api-gateway-service/pkg/proto/trip_grpc.pb.go:633.170,635.32 2 0
pinz/backend/api-gateway-service/pkg/proto/trip_grpc.pb.go:635.32,637.3 1 0
pinz/backend/api-gateway-service/pkg/proto/trip_grpc.pb.go:638.2,638.24 1 0
pinz/backend/api-gateway-service/pkg/proto/trip_grpc.pb.go:638.24,640.3 1 0
pinz/backend/api-gateway-service/pkg/proto/trip_grpc.pb.go:641.2,645.77 2 0
pinz/backend/api-gateway-service/pkg/proto/trip_grpc.pb.go:645.77,647.3 1 0
pinz/backend/api-gateway-service/pkg/proto/trip_grpc.pb.go:648.2,648.44 1 0
pinz/backend/api-gateway-service/pkg/proto/trip_grpc.pb.go:651.169,653.32 2 0
pinz/backend/api-gateway-service/pkg/proto/trip_grpc.pb.go:653.32,655.3 1 0
pinz/backend/api-gateway-service/pkg/proto/trip_grpc.pb.go:656.2,656.24 1 0
pinz/backend/api-gateway-service/pkg/proto/trip_grpc.pb.go:656.24,658.3 1 0
pinz/backend/api-gateway-service/pkg/proto/trip_grpc.pb.go:659.2,663.77 2 0
pinz/backend/api-gateway-service/pkg/proto/trip_grpc.pb.go:663.77,665.3 1 0
pinz/backend/api-gateway-service/pkg/proto/trip_grpc.pb.go:666.2,666.44 1 0
pinz/backend/api-gateway-service/pkg/proto/trip_grpc.pb.go:669.168,671.32 2 0
pinz/backend/api-gateway-service/pkg/proto/trip_grpc.pb.go:671.32,673.3 1 0
pinz/backend/api-gateway-service/pkg/proto/trip_grpc.pb.go:674.2,674.24 1 0
pinz/backend/api-gateway-service/pkg/proto/trip_grpc.pb.go:674.24,676.3 1 0
pinz/backend/api-gateway-service/pkg/proto/trip_grpc.pb.go:677.2,681.77 2 0
pinz/backend/api-gateway-service/pkg/proto/trip_grpc.pb.go:681.77,683.3 1 0
pinz/backend/api-gateway-service/pkg/proto/trip_grpc.pb.go:684.2,684.44 1 0
pinz/backend/api-gateway-service/pkg/proto/trip_grpc.pb.go:687.175,689.32 2 0
pinz/backend/api-gateway-service/pkg/proto/trip_grpc.pb.go:689.32,691.3 1 0
pinz/backend/api-gateway-service/pkg/proto/trip_grpc.pb.go:692.2,692.24 1 0
pinz/backend/api-gateway-service/pkg/proto/trip_grpc.pb.go:692.24,694.3 1 0
pinz/backend/api-gateway-service/pkg/proto/trip_grpc.pb.go:695.2,699.77 2 0
pinz/backend/api-gateway-service/pkg/proto/trip_grpc.pb.go:699.77,701.3 1 0
pinz/backend/api-gateway-service/pkg/proto/trip_grpc.pb.go:702.2,702.44 1 0
pinz/backend/api-gateway-service/pkg/proto/trip_grpc.pb.go:705.165,707.32 2 0
pinz/backend/api-gateway-service/pkg/proto/trip_grpc.pb.go:707.32,709.3 1 0
pinz/backend/api-gateway-service/pkg/proto/trip_grpc.pb.go:710.2,710.24 1 0
pinz/backend/api-gateway-service/pkg/proto/trip_grpc.pb.go:710.24,712.3 1 0
pinz/backend/api-gateway-service/pkg/proto/trip_grpc.pb.go:713.2,717.77 2 0
pinz/backend/api-gateway-service/pkg/proto/trip_grpc.pb.go:717.77,719.3 1 0
pinz/backend/api-gateway-service/pkg/proto/trip_grpc.pb.go:720.2,720.44 1 0
pinz/backend/api-gateway-service/pkg/proto/trip_grpc.pb.go:723.165,725.32 2 0
pinz/backend/api-gateway-service/pkg/proto/trip_grpc.pb.go:725.32,727.3 1 0
pinz/backend/api-gateway-service/pkg/proto/trip_grpc.pb.go:728.2,728.24 1 0
pinz/backend/api-gateway-service/pkg/proto/trip_grpc.pb.go:728.24,730.3 1 0
pinz/backend/api-gateway-service/pkg/proto/trip_grpc.pb.go:731.2,735.77 2 0
pinz/backend/api-gateway-service/pkg/proto/trip_grpc.pb.go:735.77,737.3 1 0
pinz/backend/api-gateway-service/pkg/proto/trip_grpc.pb.go:738.2,738.44 1 0
pinz/backend/api-gateway-service/pkg/proto/trip_grpc.pb.go:741.168,743.32 2 0
pinz/backend/api-gateway-service/pkg/proto/trip_grpc.pb.go:743.32,745.3 1 0
pinz/backend/api-gateway-service/pkg/proto/trip_grpc.pb.go:746.2,746.24 1 0
pinz/backend/api-gateway-service/pkg/proto/trip_grpc.pb.go:746.24,748.3 1 0
pinz/backend/api-gateway-service/pkg/proto/trip_grpc.pb.go:749.2,753.77 2 0
pinz/backend/api-gateway-service/pkg/proto/trip_grpc.pb.go:753.77,755.3 1 0
pinz/backend/api-gateway-service/pkg/proto/trip_grpc.pb.go:756.2,756.44 1 0
pinz/backend/api-gateway-service/pkg/proto/trip_grpc.pb.go:759.172,761.32 2 0
pinz/backend/api-gateway-service/pkg/proto/trip_grpc.pb.go:761.32,763.3 1 0
pinz/backend/api-gateway-service/pkg/proto/trip_grpc.pb.go:764.2,764.24 1 0
pinz/backend/api-gateway-service/pkg/proto/trip_grpc.pb.go:764.24,766.3 1 0
pinz/backend/api-gateway-service/pkg/proto/trip_grpc.pb.go:767.2,771.77 2 0
pinz/backend/api-gateway-service/pkg/proto/trip_grpc.pb.go:771.77,773.3 1 0
pinz/backend/api-gateway-service/pkg/proto/trip_grpc.pb.go:774.2,774.44 1 0
pinz/backend/api-gateway-service/pkg/proto/trip_grpc.pb.go:777.177,779.32 2 0
pinz/backend/api-gateway-service/pkg/proto/trip_grpc.pb.go:779.32,781.3 1 0
pinz/backend/api-gateway-service/pkg/proto/trip_grpc.pb.go:782.2,782.24 1 0
pinz/backend/api-gateway-service/pkg/proto/trip_grpc.pb.go:782.24,784.3 1 0
pinz/backend/api-gateway-service/pkg/proto/trip_grpc.pb.go:785.2,789.77 2 0
pinz/backend/api-gateway-service/pkg/proto/trip_grpc.pb.go:789.77,791.3 1 0
pinz/backend/api-gateway-service/pkg/proto/trip_grpc.pb.go:792.2,792.44 1 0
pinz/backend/api-gateway-service/internal/mocks/auth_client_mock.go:33.65,37.2 3 0
pinz/backend/api-gateway-service/internal/mocks/auth_client_mock.go:40.63,42.2 1 0
pinz/backend/api-gateway-service/internal/mocks/auth_client_mock.go:45.117,51.2 5 0
pinz/backend/api-gateway-service/internal/mocks/auth_client_mock.go:54.75,57.2 2 0
pinz/backend/api-gateway-service/internal/mocks/auth_client_mock.go:60.111,66.2 5 0
pinz/backend/api-gateway-service/internal/mocks/auth_client_mock.go:69.73,72.2 2 0
pinz/backend/api-gateway-service/internal/mocks/auth_client_mock.go:75.144,81.2 5 0
pinz/backend/api-gateway-service/internal/mocks/auth_client_mock.go:84.84,87.2 2 0
pinz/backend/api-gateway-service/internal/mocks/auth_client_mock.go:90.147,96.2 5 0
pinz/backend/api-gateway-service/internal/mocks/auth_client_mock.go:99.85,102.2 2 0
pinz/backend/api-gateway-service/internal/mocks/auth_client_mock.go:105.153,111.2 5 0
pinz/backend/api-gateway-service/internal/mocks/auth_client_mock.go:114.87,117.2 2 0
pinz/backend/api-gateway-service/internal/mocks/auth_client_mock.go:120.156,126.2 5 0
pinz/backend/api-gateway-service/internal/mocks/auth_client_mock.go:129.88,132.2 2 0
pinz/backend/api-gateway-service/internal/mocks/auth_client_mock.go:135.129,141.2 5 0
pinz/backend/api-gateway-service/internal/mocks/auth_client_mock.go:144.79,147.2 2 0
pinz/backend/api-gateway-service/internal/mocks/auth_client_mock.go:150.126,156.2 5 0
pinz/backend/api-gateway-service/internal/mocks/auth_client_mock.go:159.78,162.2 2 0
pinz/backend/api-gateway-service/internal/mocks/auth_client_mock.go:165.138,171.2 5 0
pinz/backend/api-gateway-service/internal/mocks/auth_client_mock.go:174.82,177.2 2 0
pinz/backend/api-gateway-service/internal/mocks/auth_service_interface_mock.go:33.85,37.2 3 0
pinz/backend/api-gateway-service/internal/mocks/auth_service_interface_mock.go:40.83,42.2 1 0
pinz/backend/api-gateway-service/internal/mocks/auth_service_interface_mock.go:45.113,51.2 5 0
pinz/backend/api-gateway-service/internal/mocks/auth_service_interface_mock.go:54.87,57.2 2 0
pinz/backend/api-gateway-service/internal/mocks/auth_service_interface_mock.go:60.116,66.2 5 0
pinz/backend/api-gateway-service/internal/mocks/auth_service_interface_mock.go:69.92,72.2 2 0
pinz/backend/api-gateway-service/internal/mocks/auth_service_interface_mock.go:75.131,81.2 5 0
pinz/backend/api-gateway-service/internal/mocks/auth_service_interface_mock.go:84.96,87.2 2 0
pinz/backend/api-gateway-service/internal/mocks/auth_service_interface_mock.go:90.156,96.2 5 0
pinz/backend/api-gateway-service/internal/mocks/auth_service_interface_mock.go:99.113,102.2 2 0
pinz/backend/api-gateway-service/internal/mocks/auth_service_interface_mock.go:105.156,111.2 5 0
pinz/backend/api-gateway-service/internal/mocks/auth_service_interface_mock.go:114.118,117.2 2 0
pinz/backend/api-gateway-service/internal/mocks/auth_service_interface_mock.go:120.171,126.2 5 0
pinz/backend/api-gateway-service/internal/mocks/auth_service_interface_mock.go:129.125,132.2 2 0
pinz/backend/api-gateway-service/internal/mocks/auth_service_interface_mock.go:135.128,141.2 5 0
pinz/backend/api-gateway-service/internal/mocks/auth_service_interface_mock.go:144.98,147.2 2 0
pinz/backend/api-gateway-service/internal/mocks/auth_service_interface_mock.go:150.119,156.2 5 0
pinz/backend/api-gateway-service/internal/mocks/auth_service_interface_mock.go:159.90,162.2 2 0
pinz/backend/api-gateway-service/internal/mocks/auth_service_interface_mock.go:165.154,171.2 5 0
pinz/backend/api-gateway-service/internal/mocks/auth_service_interface_mock.go:174.121,177.2 2 0
pinz/backend/api-gateway-service/internal/mocks/trip_client_mock.go:33.65,37.2 3 0
pinz/backend/api-gateway-service/internal/mocks/trip_client_mock.go:40.63,42.2 1 0
pinz/backend/api-gateway-service/internal/mocks/trip_client_mock.go:45.138,51.2 5 0
pinz/backend/api-gateway-service/internal/mocks/trip_client_mock.go:54.82,57.2 2 0
pinz/backend/api-gateway-service/internal/mocks/trip_client_mock.go:60.156,66.2 5 0
pinz/backend/api-gateway-service/internal/mocks/trip_client_mock.go:69.88,72.2 2 0
pinz/backend/api-gateway-service/internal/mocks/trip_client_mock.go:75.123,81.2 5 0
pinz/backend/api-gateway-service/internal/mocks/trip_client_mock.go:84.77,87.2 2 0
pinz/backend/api-gateway-service/internal/mocks/trip_client_mock.go:90.123,96.2 5 0
pinz/backend/api-gateway-service/internal/mocks/trip_client_mock.go:99.77,102.2 2 0
pinz/backend/api-gateway-service/internal/mocks/trip_client_mock.go:105.126,111.2 5 0
pinz/backend/api-gateway-service/internal/mocks/trip_client_mock.go:114.78,117.2 2 0
pinz/backend/api-gateway-service/internal/mocks/trip_client_mock.go:120.129,126.2 5 0
pinz/backend/api-gateway-service/internal/mocks/trip_client_mock.go:129.79,132.2 2 0
pinz/backend/api-gateway-service/internal/mocks/trip_client_mock.go:135.147,141.2 5 0
pinz/backend/api-gateway-service/internal/mocks/trip_client_mock.go:144.85,147.2 2 0
pinz/backend/api-gateway-service/internal/mocks/trip_client_mock.go:150.114,156.2 5 0
pinz/backend/api-gateway-service/internal/mocks/trip_client_mock.go:159.74,162.2 2 0
pinz/backend/api-gateway-service/internal/mocks/trip_client_mock.go:165.132,171.2 5 0
pinz/backend/api-gateway-service/internal/mocks/trip_client_mock.go:174.80,177.2 2 0
pinz/backend/api-gateway-service/internal/mocks/trip_client_mock.go:180.138,186.2 5 0
pinz/backend/api-gateway-service/internal/mocks/trip_client_mock.go:189.82,192.2 2 0
pinz/backend/api-gateway-service/internal/mocks/trip_client_mock.go:195.120,201.2 5 0
pinz/backend/api-gateway-service/internal/mocks/trip_client_mock.go:204.76,207.2 2 0
pinz/backend/api-gateway-service/internal/mocks/trip_client_mock.go:210.117,216.2 5 0
pinz/backend/api-gateway-service/internal/mocks/trip_client_mock.go:219.75,222.2 2 0
pinz/backend/api-gateway-service/internal/mocks/trip_client_mock.go:225.117,231.2 5 0
pinz/backend/api-gateway-service/internal/mocks/trip_client_mock.go:234.75,237.2 2 0
pinz/backend/api-gateway-service/internal/mocks/trip_client_mock.go:240.132,246.2 5 0
pinz/backend/api-gateway-service/internal/mocks/trip_client_mock.go:249.80,252.2 2 0
pinz/backend/api-gateway-service/internal/mocks/trip_client_mock.go:255.153,261.2 5 0
pinz/backend/api-gateway-service/internal/mocks/trip_client_mock.go:264.87,267.2 2 0
pinz/backend/api-gateway-service/internal/mocks/trip_client_mock.go:270.126,276.2 5 0
pinz/backend/api-gateway-service/internal/mocks/trip_client_mock.go:279.78,282.2 2 0
pinz/backend/api-gateway-service/internal/mocks/trip_client_mock.go:285.153,291.2 5 0
pinz/backend/api-gateway-service/internal/mocks/trip_client_mock.go:294.87,297.2 2 0
pinz/backend/api-gateway-service/internal/mocks/trip_client_mock.go:300.144,306.2 5 0
pinz/backend/api-gateway-service/internal/mocks/trip_client_mock.go:309.84,312.2 2 0
pinz/backend/api-gateway-service/internal/mocks/trip_client_mock.go:315.132,321.2 5 0
pinz/backend/api-gateway-service/internal/mocks/trip_client_mock.go:324.80,327.2 2 0
pinz/backend/api-gateway-service/internal/mocks/trip_client_mock.go:330.123,336.2 5 0
pinz/backend/api-gateway-service/internal/mocks/trip_client_mock.go:339.77,342.2 2 0
pinz/backend/api-gateway-service/internal/mocks/trip_client_mock.go:345.147,351.2 5 0
pinz/backend/api-gateway-service/internal/mocks/trip_client_mock.go:354.85,357.2 2 0
pinz/backend/api-gateway-service/internal/server/server.go:31.47,41.45 3 0
pinz/backend/api-gateway-service/internal/server/server.go:41.45,42.72 1 0
pinz/backend/api-gateway-service/internal/server/server.go:42.72,45.62 3 0
pinz/backend/api-gateway-service/internal/server/server.go:45.62,46.56 1 0
pinz/backend/api-gateway-service/internal/server/server.go:46.56,49.6 2 0
pinz/backend/api-gateway-service/internal/server/server.go:54.2,63.29 7 0
pinz/backend/api-gateway-service/internal/server/server.go:63.29,66.3 2 0
pinz/backend/api-gateway-service/internal/server/server.go:68.2,68.40 1 0
pinz/backend/api-gateway-service/internal/server/server.go:68.40,80.40 10 0
pinz/backend/api-gateway-service/internal/server/server.go:80.40,98.4 17 0
pinz/backend/api-gateway-service/internal/server/server.go:101.3,101.48 1 0
pinz/backend/api-gateway-service/internal/server/server.go:101.48,108.4 6 0
pinz/backend/api-gateway-service/internal/server/server.go:109.3,109.39 1 0
pinz/backend/api-gateway-service/internal/server/server.go:109.39,112.4 2 0
pinz/backend/api-gateway-service/internal/server/server.go:115.2,121.16 3 0
pinz/backend/api-gateway-service/internal/server/server.go:121.16,123.3 1 0
pinz/backend/api-gateway-service/internal/server/server.go:125.2,132.3 1 0
pinz/backend/api-gateway-service/internal/server/server.go:135.30,136.12 1 0
pinz/backend/api-gateway-service/internal/server/server.go:136.12,138.75 2 0
pinz/backend/api-gateway-service/internal/server/server.go:138.75,140.4 1 0
pinz/backend/api-gateway-service/internal/server/server.go:143.2,150.40 7 0
pinz/backend/api-gateway-service/internal/server/server.go:150.40,152.3 1 0
pinz/backend/api-gateway-service/internal/server/server.go:153.2,154.12 2 0
pinz/backend/api-gateway-service/internal/testinfra/docker_skip.go:7.46,8.16 1 0
pinz/backend/api-gateway-service/internal/testinfra/docker_skip.go:8.16,10.3 1 0
pinz/backend/api-gateway-service/internal/testinfra/docker_skip.go:11.2,17.84 3 0
pinz/backend/api-gateway-service/internal/testinfra/redis.go:17.40,17.87 1 0
pinz/backend/api-gateway-service/internal/testinfra/redis.go:19.63,29.16 3 0
pinz/backend/api-gateway-service/internal/testinfra/redis.go:29.16,31.3 1 0
pinz/backend/api-gateway-service/internal/testinfra/redis.go:32.2,33.16 2 0
pinz/backend/api-gateway-service/internal/testinfra/redis.go:33.16,36.3 2 0
pinz/backend/api-gateway-service/internal/testinfra/redis.go:37.2,38.16 2 0
pinz/backend/api-gateway-service/internal/testinfra/redis.go:38.16,41.3 2 0
pinz/backend/api-gateway-service/internal/testinfra/redis.go:42.2,42.76 1 0
pinz/backend/api-gateway-service/internal/testinfra/testenv.go:10.46,12.61 2 0
pinz/backend/api-gateway-service/internal/testinfra/testenv.go:12.61,14.3 1 0
pinz/backend/api-gateway-service/internal/testinfra/testenv.go:16.2,18.19 3 0
pinz/backend/api-gateway-service/internal/testinfra/testenv.go:18.19,19.10 1 0
pinz/backend/api-gateway-service/internal/testinfra/testenv.go:19.10,21.4 1 0
pinz/backend/api-gateway-service/internal/testinfra/testenv.go:21.9,23.4 1 0
pinz/backend/api-gateway-service/internal/testinfra/testenv.go:26.2,29.9 4 0
pinz/backend/api-gateway-service/internal/testinfra/testenv.go:29.9,30.16 1 0
pinz/backend/api-gateway-service/internal/testinfra/testenv.go:30.16,31.32 1 0
pinz/backend/api-gateway-service/internal/testinfra/testenv.go:31.32,33.5 1 0
pinz/backend/api-gateway-service/internal/testinfra/testenv.go:35.3,35.28 1 0
pinz/backend/api-gateway-service/internal/testinfra/testenv.go:37.2,37.16 1 0
pinz/backend/api-gateway-service/internal/testinfra/testenv.go:37.16,38.35 1 0
pinz/backend/api-gateway-service/internal/testinfra/testenv.go:38.35,40.4 1 0
pinz/backend/api-gateway-service/internal/testinfra/testenv.go:41.3,41.35 1 0
pinz/backend/api-gateway-service/internal/testinfra/testenv.go:43.2,43.19 1 0
pinz/backend/api-gateway-service/internal/testinfra/testenv.go:43.19,43.54 1 0
pinz/backend/api-gateway-service/internal/testinfra/testenv.go:45.2,46.11 2 0
pinz/backend/api-gateway-service/internal/handlers/auth.go:16.73,18.2 1 1
pinz/backend/api-gateway-service/internal/handlers/auth.go:30.75,32.48 2 0
pinz/backend/api-gateway-service/internal/handlers/auth.go:32.48,35.3 2 0
pinz/backend/api-gateway-service/internal/handlers/auth.go:36.2,37.16 2 0
pinz/backend/api-gateway-service/internal/handlers/auth.go:37.16,40.3 2 0
pinz/backend/api-gateway-service/internal/handlers/auth.go:41.2,44.4 1 0
pinz/backend/api-gateway-service/internal/handlers/auth.go:57.79,59.48 2 0
pinz/backend/api-gateway-service/internal/handlers/auth.go:59.48,62.3 2 0
pinz/backend/api-gateway-service/internal/handlers/auth.go:63.2,64.16 2 0
pinz/backend/api-gateway-service/internal/handlers/auth.go:64.16,67.3 2 0
pinz/backend/api-gateway-service/internal/handlers/auth.go:68.2,68.94 1 0
pinz/backend/api-gateway-service/internal/handlers/auth.go:82.84,84.48 2 0
pinz/backend/api-gateway-service/internal/handlers/auth.go:84.48,87.3 2 0
pinz/backend/api-gateway-service/internal/handlers/auth.go:88.2,89.16 2 0
pinz/backend/api-gateway-service/internal/handlers/auth.go:89.16,92.3 2 0
pinz/backend/api-gateway-service/internal/handlers/auth.go:93.2,95.4 1 0
pinz/backend/api-gateway-service/internal/handlers/auth.go:110.85,112.48 2 0
pinz/backend/api-gateway-service/internal/handlers/auth.go:112.48,115.3 2 0
pinz/backend/api-gateway-service/internal/handlers/auth.go:116.2,117.16 2 0
pinz/backend/api-gateway-service/internal/handlers/auth.go:117.16,120.3 2 0
pinz/backend/api-gateway-service/internal/handlers/auth.go:121.2,124.4 1 0
pinz/backend/api-gateway-service/internal/handlers/auth.go:138.81,140.48 2 0
pinz/backend/api-gateway-service/internal/handlers/auth.go:140.48,143.3 2 0
pinz/backend/api-gateway-service/internal/handlers/auth.go:144.2,145.16 2 0
pinz/backend/api-gateway-service/internal/handlers/auth.go:145.16,148.3 2 0
pinz/backend/api-gateway-service/internal/handlers/auth.go:149.2,151.4 1 0
pinz/backend/api-gateway-service/internal/handlers/auth.go:165.82,167.48 2 0
pinz/backend/api-gateway-service/internal/handlers/auth.go:167.48,170.3 2 0
pinz/backend/api-gateway-service/internal/handlers/auth.go:171.2,172.16 2 0
pinz/backend/api-gateway-service/internal/handlers/auth.go:172.16,175.3 2 0
pinz/backend/api-gateway-service/internal/handlers/auth.go:176.2,179.4 1 0
pinz/backend/api-gateway-service/internal/handlers/auth.go:192.76,194.48 2 0
pinz/backend/api-gateway-service/internal/handlers/auth.go:194.48,197.3 2 0
pinz/backend/api-gateway-service/internal/handlers/auth.go:198.2,199.16 2 0
pinz/backend/api-gateway-service/internal/handlers/auth.go:199.16,202.3 2 0
pinz/backend/api-gateway-service/internal/handlers/auth.go:203.2,203.99 1 0
pinz/backend/api-gateway-service/internal/handlers/auth.go:217.72,219.48 2 1
pinz/backend/api-gateway-service/internal/handlers/auth.go:219.48,222.3 2 0
pinz/backend/api-gateway-service/internal/handlers/auth.go:223.2,224.16 2 1
pinz/backend/api-gateway-service/internal/handlers/auth.go:224.16,227.3 2 1
pinz/backend/api-gateway-service/internal/handlers/auth.go:228.2,231.4 1 1
pinz/backend/api-gateway-service/internal/handlers/auth.go:244.70,246.48 2 0
pinz/backend/api-gateway-service/internal/handlers/auth.go:246.48,249.3 2 0
pinz/backend/api-gateway-service/internal/handlers/auth.go:250.2,251.16 2 0
pinz/backend/api-gateway-service/internal/handlers/auth.go:251.16,254.3 2 0
pinz/backend/api-gateway-service/internal/handlers/auth.go:255.2,255.85 1 0
pinz/backend/api-gateway-service/internal/handlers/common.go:18.38,20.2 1 1
pinz/backend/api-gateway-service/internal/handlers/common.go:22.61,23.56 1 1
pinz/backend/api-gateway-service/internal/handlers/common.go:23.56,25.3 1 1
pinz/backend/api-gateway-service/internal/handlers/common.go:26.2,27.16 2 1
pinz/backend/api-gateway-service/internal/handlers/common.go:27.16,29.3 1 0
pinz/backend/api-gateway-service/internal/handlers/common.go:30.2,31.34 2 1
pinz/backend/api-gateway-service/internal/handlers/common.go:34.78,37.16 3 1
pinz/backend/api-gateway-service/internal/handlers/common.go:37.16,41.3 3 0
pinz/backend/api-gateway-service/internal/handlers/common.go:42.2,43.22 2 1
pinz/backend/api-gateway-service/internal/handlers/common.go:46.74,48.2 1 1
pinz/backend/api-gateway-service/internal/handlers/common.go:50.91,52.9 2 1
pinz/backend/api-gateway-service/internal/handlers/common.go:52.9,56.3 3 1
pinz/backend/api-gateway-service/internal/handlers/common.go:57.2,58.19 2 1
pinz/backend/api-gateway-service/internal/handlers/common.go:59.29,60.55 1 1
pinz/backend/api-gateway-service/internal/handlers/common.go:61.29,62.57 1 1
pinz/backend/api-gateway-service/internal/handlers/common.go:63.30,64.54 1 1
pinz/backend/api-gateway-service/internal/handlers/common.go:65.22,66.53 1 1
pinz/backend/api-gateway-service/internal/handlers/common.go:67.27,68.53 1 1
pinz/backend/api-gateway-service/internal/handlers/common.go:69.25,70.72 1 1
pinz/backend/api-gateway-service/internal/handlers/common.go:71.30,72.59 1 1
pinz/backend/api-gateway-service/internal/handlers/common.go:73.27,74.59 1 1
pinz/backend/api-gateway-service/internal/handlers/common.go:75.32,76.53 1 1
pinz/backend/api-gateway-service/internal/handlers/common.go:77.10,78.64 1 1
pinz/backend/api-gateway-service/internal/handlers/common.go:82.58,88.2 1 1
pinz/backend/api-gateway-service/internal/handlers/common.go:92.70,113.2 4 1
pinz/backend/api-gateway-service/internal/handlers/trip.go:47.57,49.2 1 1
pinz/backend/api-gateway-service/internal/handlers/trip.go:62.73,65.18 3 1
pinz/backend/api-gateway-service/internal/handlers/trip.go:65.18,68.3 2 1
pinz/backend/api-gateway-service/internal/handlers/trip.go:69.2,77.16 4 1
pinz/backend/api-gateway-service/internal/handlers/trip.go:77.16,80.3 2 1
pinz/backend/api-gateway-service/internal/handlers/trip.go:81.2,82.36 2 1
pinz/backend/api-gateway-service/internal/handlers/trip.go:82.36,84.3 1 1
pinz/backend/api-gateway-service/internal/handlers/trip.go:85.2,85.36 1 1
pinz/backend/api-gateway-service/internal/handlers/trip.go:101.74,104.18 3 1
pinz/backend/api-gateway-service/internal/handlers/trip.go:104.18,107.3 2 0
pinz/backend/api-gateway-service/internal/handlers/trip.go:108.2,109.48 2 1
pinz/backend/api-gateway-service/internal/handlers/trip.go:109.48,112.3 2 0
pinz/backend/api-gateway-service/internal/handlers/trip.go:113.2,114.38 2 1
pinz/backend/api-gateway-service/internal/handlers/trip.go:114.38,116.3 1 1
pinz/backend/api-gateway-service/internal/handlers/trip.go:117.2,126.16 2 1
pinz/backend/api-gateway-service/internal/handlers/trip.go:126.16,129.3 2 0
pinz/backend/api-gateway-service/internal/handlers/trip.go:130.2,131.41 2 1
pinz/backend/api-gateway-service/internal/handlers/trip.go:131.41,133.3 1 1
pinz/backend/api-gateway-service/internal/handlers/trip.go:134.2,138.4 1 1
pinz/backend/api-gateway-service/internal/handlers/trip.go:155.71,158.18 3 0
pinz/backend/api-gateway-service/internal/handlers/trip.go:158.18,161.3 2 0
pinz/backend/api-gateway-service/internal/handlers/trip.go:162.2,163.18 2 0
pinz/backend/api-gateway-service/internal/handlers/trip.go:163.18,166.3 2 0
pinz/backend/api-gateway-service/internal/handlers/trip.go:167.2,168.16 2 0
pinz/backend/api-gateway-service/internal/handlers/trip.go:168.16,171.3 2 0
pinz/backend/api-gateway-service/internal/handlers/trip.go:172.2,172.60 1 0
pinz/backend/api-gateway-service/internal/handlers/trip.go:191.74,194.18 3 0
pinz/backend/api-gateway-service/internal/handlers/trip.go:194.18,197.3 2 0
pinz/backend/api-gateway-service/internal/handlers/trip.go:198.2,199.18 2 0
pinz/backend/api-gateway-service/internal/handlers/trip.go:199.18,202.3 2 0
pinz/backend/api-gateway-service/internal/handlers/trip.go:203.2,204.48 2 0
pinz/backend/api-gateway-service/internal/handlers/trip.go:204.48,207.3 2 0
pinz/backend/api-gateway-service/internal/handlers/trip.go:208.2,209.21 2 0
pinz/backend/api-gateway-service/internal/handlers/trip.go:209.21,211.3 1 0
pinz/backend/api-gateway-service/internal/handlers/trip.go:212.2,212.28 1 0
pinz/backend/api-gateway-service/internal/handlers/trip.go:212.28,214.3 1 0
pinz/backend/api-gateway-service/internal/handlers/trip.go:215.2,215.25 1 0
pinz/backend/api-gateway-service/internal/handlers/trip.go:215.25,217.3 1 0
pinz/backend/api-gateway-service/internal/handlers/trip.go:218.2,218.23 1 0
pinz/backend/api-gateway-service/internal/handlers/trip.go:218.23,220.3 1 0
pinz/backend/api-gateway-service/internal/handlers/trip.go:221.2,221.29 1 0
pinz/backend/api-gateway-service/internal/handlers/trip.go:221.29,223.3 1 0
pinz/backend/api-gateway-service/internal/handlers/trip.go:224.2,224.30 1 0
pinz/backend/api-gateway-service/internal/handlers/trip.go:224.30,226.3 1 0
pinz/backend/api-gateway-service/internal/handlers/trip.go:227.2,227.28 1 0
pinz/backend/api-gateway-service/internal/handlers/trip.go:227.28,229.3 1 0
pinz/backend/api-gateway-service/internal/handlers/trip.go:230.2,230.25 1 0
pinz/backend/api-gateway-service/internal/handlers/trip.go:230.25,232.3 1 0
pinz/backend/api-gateway-service/internal/handlers/trip.go:233.2,234.16 2 0
pinz/backend/api-gateway-service/internal/handlers/trip.go:234.16,237.3 2 0
pinz/backend/api-gateway-service/internal/handlers/trip.go:238.2,238.68 1 0
pinz/backend/api-gateway-service/internal/handlers/trip.go:255.74,258.18 3 0
pinz/backend/api-gateway-service/internal/handlers/trip.go:258.18,261.3 2 0
pinz/backend/api-gateway-service/internal/handlers/trip.go:262.2,263.18 2 0
pinz/backend/api-gateway-service/internal/handlers/trip.go:263.18,266.3 2 0
pinz/backend/api-gateway-service/internal/handlers/trip.go:267.2,268.16 2 0
pinz/backend/api-gateway-service/internal/handlers/trip.go:268.16,271.3 2 0
pinz/backend/api-gateway-service/internal/handlers/trip.go:272.2,272.37 1 0
pinz/backend/api-gateway-service/internal/handlers/trip.go:291.82,294.18 3 0
pinz/backend/api-gateway-service/internal/handlers/trip.go:294.18,297.3 2 0
pinz/backend/api-gateway-service/internal/handlers/trip.go:298.2,299.18 2 0
pinz/backend/api-gateway-service/internal/handlers/trip.go:299.18,302.3 2 0
pinz/backend/api-gateway-service/internal/handlers/trip.go:303.2,306.33 4 0
pinz/backend/api-gateway-service/internal/handlers/trip.go:306.33,308.3 1 0
pinz/backend/api-gateway-service/internal/handlers/trip.go:309.2,310.16 2 0
pinz/backend/api-gateway-service/internal/handlers/trip.go:310.16,313.3 2 0
pinz/backend/api-gateway-service/internal/handlers/trip.go:314.2,319.4 1 0
pinz/backend/api-gateway-service/internal/handlers/trip.go:336.79,339.18 3 0
pinz/backend/api-gateway-service/internal/handlers/trip.go:339.18,342.3 2 0
pinz/backend/api-gateway-service/internal/handlers/trip.go:343.2,344.48 2 0
pinz/backend/api-gateway-service/internal/handlers/trip.go:344.48,347.3 2 0
pinz/backend/api-gateway-service/internal/handlers/trip.go:348.2,349.16 2 0
pinz/backend/api-gateway-service/internal/handlers/trip.go:349.16,352.3 2 0
pinz/backend/api-gateway-service/internal/handlers/trip.go:353.2,356.4 1 0
pinz/backend/api-gateway-service/internal/handlers/trip.go:375.81,378.18 3 0
pinz/backend/api-gateway-service/internal/handlers/trip.go:378.18,381.3 2 0
pinz/backend/api-gateway-service/internal/handlers/trip.go:382.2,384.45 3 0
pinz/backend/api-gateway-service/internal/handlers/trip.go:384.45,387.3 2 0
pinz/backend/api-gateway-service/internal/handlers/trip.go:388.2,389.16 2 0
pinz/backend/api-gateway-service/internal/handlers/trip.go:389.16,392.3 2 0
pinz/backend/api-gateway-service/internal/handlers/trip.go:393.2,393.37 1 0
pinz/backend/api-gateway-service/internal/handlers/trip.go:410.73,413.18 3 0
pinz/backend/api-gateway-service/internal/handlers/trip.go:413.18,416.3 2 0
pinz/backend/api-gateway-service/internal/handlers/trip.go:417.2,418.18 2 0
pinz/backend/api-gateway-service/internal/handlers/trip.go:418.18,421.3 2 0
pinz/backend/api-gateway-service/internal/handlers/trip.go:422.2,423.16 2 0
pinz/backend/api-gateway-service/internal/handlers/trip.go:423.16,426.3 2 0
pinz/backend/api-gateway-service/internal/handlers/trip.go:427.2,430.4 1 0
pinz/backend/api-gateway-service/internal/handlers/trip.go:448.77,451.18 3 0
pinz/backend/api-gateway-service/internal/handlers/trip.go:451.18,454.3 2 0
pinz/backend/api-gateway-service/internal/handlers/trip.go:455.2,456.18 2 0
pinz/backend/api-gateway-service/internal/handlers/trip.go:456.18,459.3 2 0
pinz/backend/api-gateway-service/internal/handlers/trip.go:460.2,461.48 2 0
pinz/backend/api-gateway-service/internal/handlers/trip.go:461.48,464.3 2 0
pinz/backend/api-gateway-service/internal/handlers/trip.go:465.2,465.30 1 0
pinz/backend/api-gateway-service/internal/handlers/trip.go:465.30,468.3 2 0
pinz/backend/api-gateway-service/internal/handlers/trip.go:469.2,470.16 2 0
pinz/backend/api-gateway-service/internal/handlers/trip.go:470.16,473.3 2 0
pinz/backend/api-gateway-service/internal/handlers/trip.go:474.2,474.79 1 0
pinz/backend/api-gateway-service/internal/handlers/trip.go:487.84,490.18 3 0
pinz/backend/api-gateway-service/internal/handlers/trip.go:490.18,493.3 2 0
pinz/backend/api-gateway-service/internal/handlers/trip.go:494.2,495.18 2 0
pinz/backend/api-gateway-service/internal/handlers/trip.go:495.18,498.3 2 0
pinz/backend/api-gateway-service/internal/handlers/trip.go:499.2,500.48 2 0
pinz/backend/api-gateway-service/internal/handlers/trip.go:500.48,503.3 2 0
pinz/backend/api-gateway-service/internal/handlers/trip.go:504.2,505.30 2 0
pinz/backend/api-gateway-service/internal/handlers/trip.go:505.30,507.25 2 0
pinz/backend/api-gateway-service/internal/handlers/trip.go:507.25,508.68 1 0
pinz/backend/api-gateway-service/internal/handlers/trip.go:508.68,510.5 1 0
pinz/backend/api-gateway-service/internal/handlers/trip.go:512.3,512.24 1 0
pinz/backend/api-gateway-service/internal/handlers/trip.go:512.24,514.4 1 0
pinz/backend/api-gateway-service/internal/handlers/trip.go:515.3,515.25 1 0
pinz/backend/api-gateway-service/internal/handlers/trip.go:515.25,517.4 1 0
pinz/backend/api-gateway-service/internal/handlers/trip.go:518.3,518.28 1 0
pinz/backend/api-gateway-service/internal/handlers/trip.go:520.2,521.16 2 0
pinz/backend/api-gateway-service/internal/handlers/trip.go:521.16,524.3 2 0
pinz/backend/api-gateway-service/internal/handlers/trip.go:525.2,526.41 2 0
pinz/backend/api-gateway-service/internal/handlers/trip.go:526.41,528.35 2 0
pinz/backend/api-gateway-service/internal/handlers/trip.go:528.35,530.4 1 0
pinz/backend/api-gateway-service/internal/handlers/trip.go:531.3,531.102 1 0
pinz/backend/api-gateway-service/internal/handlers/trip.go:533.2,537.4 1 0
pinz/backend/api-gateway-service/internal/handlers/trip.go:550.85,553.18 3 0
pinz/backend/api-gateway-service/internal/handlers/trip.go:553.18,556.3 2 0
pinz/backend/api-gateway-service/internal/handlers/trip.go:557.2,558.18 2 0
pinz/backend/api-gateway-service/internal/handlers/trip.go:558.18,561.3 2 0
pinz/backend/api-gateway-service/internal/handlers/trip.go:562.2,563.48 2 0
pinz/backend/api-gateway-service/internal/handlers/trip.go:563.48,566.3 2 0
pinz/backend/api-gateway-service/internal/handlers/trip.go:567.2,568.35 2 0
pinz/backend/api-gateway-service/internal/handlers/trip.go:568.35,570.3 1 0
pinz/backend/api-gateway-service/internal/handlers/trip.go:571.2,576.16 2 0
pinz/backend/api-gateway-service/internal/handlers/trip.go:576.16,579.3 2 0
pinz/backend/api-gateway-service/internal/handlers/trip.go:580.2,583.4 1 0
pinz/backend/api-gateway-service/internal/handlers/trip.go:594.77,597.18 3 0
pinz/backend/api-gateway-service/internal/handlers/trip.go:597.18,600.3 2 0
pinz/backend/api-gateway-service/internal/handlers/trip.go:601.2,602.18 2 0
pinz/backend/api-gateway-service/internal/handlers/trip.go:602.18,605.3 2 0
pinz/backend/api-gateway-service/internal/handlers/trip.go:606.2,607.16 2 0
pinz/backend/api-gateway-service/internal/handlers/trip.go:607.16,610.3 2 0
pinz/backend/api-gateway-service/internal/handlers/trip.go:611.2,612.38 2 0
pinz/backend/api-gateway-service/internal/handlers/trip.go:612.38,614.3 1 0
pinz/backend/api-gateway-service/internal/handlers/trip.go:615.2,616.35 2 0
pinz/backend/api-gateway-service/internal/handlers/trip.go:616.35,618.34 2 0
pinz/backend/api-gateway-service/internal/handlers/trip.go:618.34,622.4 1 0
pinz/backend/api-gateway-service/internal/handlers/trip.go:623.3,628.24 2 0
pinz/backend/api-gateway-service/internal/handlers/trip.go:628.24,630.4 1 0
pinz/backend/api-gateway-service/internal/handlers/trip.go:631.3,631.25 1 0
pinz/backend/api-gateway-service/internal/handlers/trip.go:631.25,633.4 1 0
pinz/backend/api-gateway-service/internal/handlers/trip.go:634.3,634.26 1 0
pinz/backend/api-gateway-service/internal/handlers/trip.go:636.2,638.4 1 0
pinz/backend/api-gateway-service/internal/handlers/trip.go:651.76,654.18 3 0
pinz/backend/api-gateway-service/internal/handlers/trip.go:654.18,657.3 2 0
pinz/backend/api-gateway-service/internal/handlers/trip.go:658.2,659.18 2 0
pinz/backend/api-gateway-service/internal/handlers/trip.go:659.18,662.3 2 0
pinz/backend/api-gateway-service/internal/handlers/trip.go:663.2,666.36 4 0
pinz/backend/api-gateway-service/internal/handlers/trip.go:666.36,670.3 1 0
pinz/backend/api-gateway-service/internal/handlers/trip.go:671.2,674.16 2 0
pinz/backend/api-gateway-service/internal/handlers/trip.go:674.16,677.3 2 0
pinz/backend/api-gateway-service/internal/handlers/trip.go:678.2,680.4 1 0
pinz/backend/api-gateway-service/internal/handlers/trip.go:693.75,696.18 3 0
pinz/backend/api-gateway-service/internal/handlers/trip.go:696.18,699.3 2 0
pinz/backend/api-gateway-service/internal/handlers/trip.go:700.2,703.18 3 0
pinz/backend/api-gateway-service/internal/handlers/trip.go:703.18,706.3 2 0
pinz/backend/api-gateway-service/internal/handlers/trip.go:707.2,708.48 2 0
pinz/backend/api-gateway-service/internal/handlers/trip.go:708.48,711.3 2 0
pinz/backend/api-gateway-service/internal/handlers/trip.go:712.2,718.16 3 0
pinz/backend/api-gateway-service/internal/handlers/trip.go:718.16,721.3 2 0
pinz/backend/api-gateway-service/internal/handlers/trip.go:722.2,722.68 1 0
pinz/backend/api-gateway-service/internal/handlers/trip.go:735.82,738.18 3 0
pinz/backend/api-gateway-service/internal/handlers/trip.go:738.18,741.3 2 0
pinz/backend/api-gateway-service/internal/handlers/trip.go:742.2,743.18 2 0
pinz/backend/api-gateway-service/internal/handlers/trip.go:743.18,746.3 2 0
pinz/backend/api-gateway-service/internal/handlers/trip.go:747.2,748.48 2 0
pinz/backend/api-gateway-service/internal/handlers/trip.go:748.48,751.3 2 0
pinz/backend/api-gateway-service/internal/handlers/trip.go:752.2,756.16 2 0
pinz/backend/api-gateway-service/internal/handlers/trip.go:756.16,759.3 2 0
pinz/backend/api-gateway-service/internal/handlers/trip.go:760.2,760.78 1 0
pinz/backend/api-gateway-service/internal/handlers/trip.go:776.72,779.18 3 0
pinz/backend/api-gateway-service/internal/handlers/trip.go:779.18,782.3 2 0
pinz/backend/api-gateway-service/internal/handlers/trip.go:783.2,785.46 3 0
pinz/backend/api-gateway-service/internal/handlers/trip.go:785.46,786.49 1 0
pinz/backend/api-gateway-service/internal/handlers/trip.go:786.49,788.4 1 0
pinz/backend/api-gateway-service/internal/handlers/trip.go:790.2,790.47 1 0
pinz/backend/api-gateway-service/internal/handlers/trip.go:790.47,791.50 1 0
pinz/backend/api-gateway-service/internal/handlers/trip.go:791.50,793.4 1 0
pinz/backend/api-gateway-service/internal/handlers/trip.go:795.2,798.18 4 0
pinz/backend/api-gateway-service/internal/handlers/trip.go:798.18,800.3 1 0
pinz/backend/api-gateway-service/internal/handlers/trip.go:801.2,802.56 2 0
pinz/backend/api-gateway-service/internal/handlers/trip.go:802.56,803.42 1 0
pinz/backend/api-gateway-service/internal/handlers/trip.go:803.42,805.4 1 0
pinz/backend/api-gateway-service/internal/handlers/trip.go:807.2,815.16 2 0
pinz/backend/api-gateway-service/internal/handlers/trip.go:815.16,818.3 2 0
pinz/backend/api-gateway-service/internal/handlers/trip.go:819.2,820.36 2 0
pinz/backend/api-gateway-service/internal/handlers/trip.go:820.36,822.3 1 0
pinz/backend/api-gateway-service/internal/handlers/trip.go:823.2,823.36 1 0
pinz/backend/api-gateway-service/internal/handlers/trip.go:833.72,836.18 3 0
pinz/backend/api-gateway-service/internal/handlers/trip.go:836.18,839.3 2 0
pinz/backend/api-gateway-service/internal/handlers/trip.go:840.2,841.18 2 0
pinz/backend/api-gateway-service/internal/handlers/trip.go:841.18,844.3 2 0
pinz/backend/api-gateway-service/internal/handlers/trip.go:845.2,846.16 2 0
pinz/backend/api-gateway-service/internal/handlers/trip.go:846.16,849.3 2 0
pinz/backend/api-gateway-service/internal/handlers/trip.go:850.2,850.73 1 0
pinz/backend/api-gateway-service/internal/handlers/trip.go:860.75,863.18 3 0
pinz/backend/api-gateway-service/internal/handlers/trip.go:863.18,866.3 2 0
pinz/backend/api-gateway-service/internal/handlers/trip.go:867.2,868.18 2 0
pinz/backend/api-gateway-service/internal/handlers/trip.go:868.18,871.3 2 0
pinz/backend/api-gateway-service/internal/handlers/trip.go:872.2,873.16 2 0
pinz/backend/api-gateway-service/internal/handlers/trip.go:873.16,876.3 2 0
pinz/backend/api-gateway-service/internal/handlers/trip.go:877.2,877.73 1 0
pinz/backend/api-gateway-service/internal/handlers/trip.go:887.79,890.18 3 0
pinz/backend/api-gateway-service/internal/handlers/trip.go:890.18,893.3 2 0
pinz/backend/api-gateway-service/internal/handlers/trip.go:894.2,895.18 2 0
pinz/backend/api-gateway-service/internal/handlers/trip.go:895.18,898.3 2 0
pinz/backend/api-gateway-service/internal/handlers/trip.go:899.2,900.16 2 0
pinz/backend/api-gateway-service/internal/handlers/trip.go:900.16,903.3 2 0
pinz/backend/api-gateway-service/internal/handlers/trip.go:904.2,904.73 1 0
pinz/backend/api-gateway-service/internal/handlers/trip.go:914.84,917.18 3 0
pinz/backend/api-gateway-service/internal/handlers/trip.go:917.18,920.3 2 0
pinz/backend/api-gateway-service/internal/handlers/trip.go:921.2,922.18 2 0
pinz/backend/api-gateway-service/internal/handlers/trip.go:922.18,925.3 2 0
pinz/backend/api-gateway-service/internal/handlers/trip.go:926.2,927.16 2 0
pinz/backend/api-gateway-service/internal/handlers/trip.go:927.16,930.3 2 0
pinz/backend/api-gateway-service/internal/handlers/trip.go:931.2,931.37 1 0
pinz/backend/api-gateway-service/internal/handlers/trip.go:934.56,935.14 1 1
pinz/backend/api-gateway-service/internal/handlers/trip.go:935.14,937.3 1 0
pinz/backend/api-gateway-service/internal/handlers/trip.go:938.2,956.3 1 1
pinz/backend/api-gateway-service/internal/handlers/trip.go:959.83,964.35 2 0
pinz/backend/api-gateway-service/internal/handlers/trip.go:964.35,965.15 1 0
pinz/backend/api-gateway-service/internal/handlers/trip.go:965.15,966.12 1 0
pinz/backend/api-gateway-service/internal/handlers/trip.go:968.3,981.34 2 0
pinz/backend/api-gateway-service/internal/handlers/trip.go:981.34,982.16 1 0
pinz/backend/api-gateway-service/internal/handlers/trip.go:982.16,983.13 1 0
pinz/backend/api-gateway-service/internal/handlers/trip.go:985.4,991.6 1 0
pinz/backend/api-gateway-service/internal/handlers/trip.go:993.3,993.35 1 0
pinz/backend/api-gateway-service/internal/handlers/trip.go:995.2,995.12 1 0
pinz/backend/api-gateway-service/internal/handlers/ws.go:17.57,19.2 1 0
pinz/backend/api-gateway-service/internal/handlers/ws.go:22.42,24.3 1 0
pinz/backend/api-gateway-service/internal/handlers/ws.go:29.69,30.20 1 0
pinz/backend/api-gateway-service/internal/handlers/ws.go:30.20,33.3 2 0
pinz/backend/api-gateway-service/internal/handlers/ws.go:34.2,36.18 3 0
pinz/backend/api-gateway-service/internal/handlers/ws.go:36.18,39.3 2 0
pinz/backend/api-gateway-service/internal/handlers/ws.go:41.2,42.16 2 0
pinz/backend/api-gateway-service/internal/handlers/ws.go:42.16,45.3 2 0
pinz/backend/api-gateway-service/internal/handlers/ws.go:46.2,55.6 6 0
pinz/backend/api-gateway-service/internal/handlers/ws.go:55.6,56.10 1 0
pinz/backend/api-gateway-service/internal/handlers/ws.go:57.24,58.11 1 0
pinz/backend/api-gateway-service/internal/handlers/ws.go:58.11,60.5 1 0
pinz/backend/api-gateway-service/internal/handlers/ws.go:61.4,61.88 1 0
pinz/backend/api-gateway-service/internal/handlers/ws.go:61.88,64.5 2 0
pinz/backend/api-gateway-service/internal/handlers/ws.go:65.21,66.10 1 0
pinz/backend/api-gateway-service/internal/middleware/jwt.go:17.52,20.2 2 1
pinz/backend/api-gateway-service/internal/middleware/jwt.go:24.49,25.71 1 1
pinz/backend/api-gateway-service/internal/middleware/jwt.go:25.71,27.75 2 1
pinz/backend/api-gateway-service/internal/middleware/jwt.go:27.75,30.4 2 1
pinz/backend/api-gateway-service/internal/middleware/jwt.go:31.3,32.21 2 1
pinz/backend/api-gateway-service/internal/middleware/jwt.go:32.21,35.4 2 0
pinz/backend/api-gateway-service/internal/middleware/jwt.go:36.3,37.19 2 1
pinz/backend/api-gateway-service/internal/middleware/jwt.go:37.19,41.4 3 1
pinz/backend/api-gateway-service/internal/middleware/jwt.go:42.3,42.81 1 1
pinz/backend/api-gateway-service/internal/middleware/jwt.go:42.81,43.59 1 1
pinz/backend/api-gateway-service/internal/middleware/jwt.go:43.59,45.5 1 0
pinz/backend/api-gateway-service/internal/middleware/jwt.go:46.4,46.30 1 1
pinz/backend/api-gateway-service/internal/middleware/jwt.go:48.3,48.33 1 1
pinz/backend/api-gateway-service/internal/middleware/jwt.go:48.33,51.4 2 1
pinz/backend/api-gateway-service/internal/middleware/jwt.go:52.3,53.10 2 1
pinz/backend/api-gateway-service/internal/middleware/jwt.go:53.10,56.4 2 0
pinz/backend/api-gateway-service/internal/middleware/jwt.go:57.3,58.19 2 1
pinz/backend/api-gateway-service/internal/middleware/jwt.go:58.19,61.4 2 1
pinz/backend/api-gateway-service/internal/middleware/jwt.go:62.3,63.40 2 1
pinz/backend/api-gateway-service/internal/middleware/jwt.go:67.49,71.2 3 1
